-- phpMyAdmin SQL Dump
-- version 5.1.0
-- https://www.phpmyadmin.net/
--
-- Host: 127.0.0.1
-- Generation Time: Jun 06, 2021 at 05:01 PM
-- Server version: 10.4.18-MariaDB
-- PHP Version: 8.0.3

SET SQL_MODE = "NO_AUTO_VALUE_ON_ZERO";
START TRANSACTION;
SET time_zone = "+00:00";


/*!40101 SET @OLD_CHARACTER_SET_CLIENT=@@CHARACTER_SET_CLIENT */;
/*!40101 SET @OLD_CHARACTER_SET_RESULTS=@@CHARACTER_SET_RESULTS */;
/*!40101 SET @OLD_COLLATION_CONNECTION=@@COLLATION_CONNECTION */;
/*!40101 SET NAMES utf8mb4 */;

--
-- Database: `pocolocodb`
--

-- --------------------------------------------------------

--
-- Stand-in structure for view `account_view`
-- (See below for the actual view)
--
CREATE TABLE `account_view` (
`employeeID` int(6)
,`department` int(2)
,`departmentName` varchar(64)
,`roleID` int(2)
,`roleName` varchar(64)
,`startDate` date
,`shift` varchar(13)
,`em_firstname` varchar(32)
,`em_lastname` varchar(32)
,`identification` varchar(13)
,`DOB` date
,`gender` varchar(6)
,`phone` varchar(10)
,`email` varchar(256)
,`salary` int(8)
,`bonusRate` int(2)
);

-- --------------------------------------------------------

--
-- Stand-in structure for view `alltimestamp_view`
-- (See below for the actual view)
--
CREATE TABLE `alltimestamp_view` (
`stampDateTime` timestamp
,`employeeID` int(6)
,`em_firstname` varchar(32)
,`em_lastname` varchar(32)
,`name` varchar(65)
,`type` varchar(3)
,`late` varchar(5)
);

-- --------------------------------------------------------

--
-- Table structure for table `booking`
--

CREATE TABLE `booking` (
  `bookingID` int(16) NOT NULL,
  `customerID` int(10) NOT NULL
) ENGINE=InnoDB DEFAULT CHARSET=utf8 COLLATE=utf8_unicode_ci;

--
-- Dumping data for table `booking`
--

INSERT INTO `booking` (`bookingID`, `customerID`) VALUES
(1000000001, 1000000001),
(1000000002, 1000000002),
(1000000003, 1000000004),
(1000000004, 1000000003),
(1000000005, 1000000005),
(1000000006, 1000000010),
(1000000007, 1000000011),
(1000000008, 1000000009),
(1000000009, 1000000011),
(1000000010, 1000000001),
(1000000011, 1000000003),
(1000000012, 1000000005),
(1000000013, 1000000004),
(1000000014, 1000000008),
(1000000015, 1000000003),
(1000000016, 1000000010),
(1000000017, 1000000014),
(1000000018, 1000000013),
(1000000019, 1000000004),
(1000000020, 1000000006),
(1000000021, 1000000008),
(1000000022, 1000000009),
(1000000023, 1000000015),
(1000000024, 1000000020),
(1000000026, 1000000018),
(1000000027, 1000000007),
(1000000028, 1000000019),
(1000000029, 1000000016),
(1000000030, 1000000017),
(1000000031, 1000000022),
(1000000032, 1000000030),
(1000000033, 1000000025),
(1000000034, 1000000029),
(1000000035, 1000000033),
(1000000036, 1000000027),
(1000000037, 1000000032),
(1000000038, 1000000024),
(1000000039, 1000000028),
(1000000040, 1000000021),
(1000000041, 1000000026),
(1000000042, 1000000031),
(1000000043, 1000000023),
(1000000044, 1000000019),
(1000000045, 1000000056),
(1000000046, 1000000052),
(1000000047, 1000000060),
(1000000048, 1000000018),
(1000000049, 1000000020),
(1000000050, 1000000004),
(1000000051, 1000000010),
(1000000052, 1000000011),
(1000000053, 1000000016),
(1000000054, 1000000042),
(1000000055, 1000000051),
(1000000056, 1000000051),
(1000000057, 1000000052),
(1000000058, 1000000056),
(1000000059, 1000000032),
(1000000060, 1000000004),
(1000000061, 1000000005),
(1000000062, 1000000075),
(1000000063, 1000000074),
(1000000064, 1000000073),
(1000000065, 1000000073),
(1000000066, 1000000072),
(1000000067, 1000000071),
(1000000068, 1000000070),
(1000000069, 1000000069),
(1000000070, 1000000068),
(1000000071, 1000000068),
(1000000072, 1000000067),
(1000000073, 1000000066),
(1000000074, 1000000066),
(1000000075, 1000000065),
(1000000076, 1000000063),
(1000000077, 1000000062),
(1000000078, 1000000060),
(1000000079, 1000000059),
(1000000080, 1000000004),
(1000000081, 1000000004),
(1000000082, 1000000060),
(1000000083, 1000000059),
(1000000084, 1000000059),
(1000000085, 1000000057),
(1000000086, 1000000046),
(1000000087, 1000000004),
(1000000088, 1000000032),
(1000000089, 1000000024),
(1000000090, 1000000019),
(1000000091, 1000000013),
(1000000092, 1000000016),
(1000000093, 1000000065),
(1000000094, 1000000023),
(1000000095, 1000000021),
(1000000096, 1000000015),
(1000000097, 1000000002),
(1000000098, 1000000009),
(1000000099, 1000000008),
(1000000100, 1000000007),
(1000000101, 1000000006),
(1000000102, 1000000004),
(1000000103, 1000000072),
(1000000104, 1000000070),
(1000000105, 1000000074),
(1000000106, 1000000066),
(1000000107, 1000000032),
(1000000108, 1000000004),
(1000000109, 1000000016),
(1000000110, 1000000063),
(1000000111, 1000000044),
(1000000112, 1000000004),
(1000000113, 1000000007),
(1000000114, 1000000005),
(1000000115, 1000000009),
(1000000116, 1000000019),
(1000000117, 1000000021),
(1000000118, 1000000004),
(1000000119, 1000000026),
(1000000120, 1000000016),
(1000000121, 1000000029),
(1000000122, 1000000025),
(1000000123, 1000000014),
(1000000124, 1000000035),
(1000000125, 1000000049),
(1000000126, 1000000041),
(1000000127, 1000000011),
(1000000128, 1000000048),
(1000000129, 1000000017),
(1000000130, 1000000013),
(1000000131, 1000000011),
(1000000132, 1000000019),
(1000000133, 1000000033),
(1000000134, 1000000021),
(1000000135, 1000000027),
(1000000136, 1000000030),
(1000000137, 1000000041),
(1000000138, 1000000026),
(1000000139, 1000000050),
(1000000140, 1000000043),
(1000000141, 1000000011),
(1000000142, 1000000039),
(1000000143, 1000000013),
(1000000144, 1000000016),
(1000000145, 1000000020),
(1000000146, 1000000047),
(1000000147, 1000000019),
(1000000148, 1000000005),
(1000000149, 1000000030),
(1000000150, 1000000040),
(1000000151, 1000000032),
(1000000152, 1000000036),
(1000000153, 1000000037),
(1000000154, 1000000028),
(1000000155, 1000000034),
(1000000156, 1000000038),
(1000000157, 1000000053),
(1000000158, 1000000054),
(1000000159, 1000000055),
(1000000160, 1000000058),
(1000000161, 1000000061),
(1000000162, 1000000064),
(1000000163, 1000000045),
(1000000164, 1000000046),
(1000000165, 1000000075),
(1000000166, 1000000048),
(1000000167, 1000000071),
(1000000168, 1000000067),
(1000000169, 1000000069),
(1000000170, 1000000042),
(1000000171, 1000000062),
(1000000172, 1000000039),
(1000000173, 1000000039),
(1000000174, 1000000036),
(1000000175, 1000000055),
(1000000176, 1000000025),
(1000000177, 1000000033),
(1000000178, 1000000033),
(1000000179, 1000000015),
(1000000180, 1000000027),
(1000000181, 1000000045),
(1000000182, 1000000040),
(1000000183, 1000000019),
(1000000184, 1000000001),
(1000000185, 1000000036),
(1000000186, 1000000036),
(1000000187, 1000000030);

-- --------------------------------------------------------

--
-- Table structure for table `bookingdetail`
--

CREATE TABLE `bookingdetail` (
  `bookingDetailID` int(10) NOT NULL,
  `bookingID` int(10) NOT NULL,
  `roomID` int(4) NOT NULL,
  `checkIn` date NOT NULL,
  `checkOut` date NOT NULL,
  `guestFirstName` varchar(64) NOT NULL,
  `guestLastName` varchar(64) NOT NULL,
  `status` char(1) NOT NULL,
  `price` float(10,2) NOT NULL,
  `dateTime` timestamp NOT NULL DEFAULT current_timestamp()
) ENGINE=InnoDB DEFAULT CHARSET=utf8;

--
-- Dumping data for table `bookingdetail`
--

INSERT INTO `bookingdetail` (`bookingDetailID`, `bookingID`, `roomID`, `checkIn`, `checkOut`, `guestFirstName`, `guestLastName`, `status`, `price`, `dateTime`) VALUES
(1000000001, 1000000001, 1216, '2021-05-02', '2021-05-05', 'Ying', 'Supavadee', 'O', 16000.00, '2021-05-01 11:32:00'),
(1000000002, 1000000001, 1217, '2021-05-02', '2021-05-05', 'Ying', 'Supavadee', 'O', 16000.00, '2021-05-01 11:32:00'),
(1000000003, 1000000001, 1218, '2021-05-02', '2021-05-05', 'Ying', 'Supavadee', 'O', 16000.00, '2021-05-01 11:32:00'),
(1000000004, 1000000002, 1204, '2021-05-10', '2021-05-12', 'Lucien', 'Niko', 'O', 6000.00, '2021-05-07 18:37:00'),
(1000000005, 1000000003, 1205, '2021-05-14', '2021-05-16', 'Beam', 'Natsarun', 'O', 6000.00, '2021-05-08 02:38:00'),
(1000000006, 1000000003, 1207, '2021-05-14', '2021-05-16', 'Beam', 'Natsarun', 'O', 6000.00, '2021-05-08 02:38:00'),
(1000000007, 1000000004, 1315, '2021-06-12', '2021-06-15', 'Nacha', 'Hirunyakarn', 'O', 10800.00, '2021-06-10 04:44:00'),
(1000000008, 1000000004, 1316, '2021-06-12', '2021-06-15', 'Nacha', 'Hirunyakarn', 'O', 10800.00, '2021-06-10 04:44:00'),
(1000000009, 1000000005, 1317, '2021-06-12', '2021-06-15', 'Panpan', 'Ploypapas', 'O', 16000.00, '2021-06-10 04:44:00'),
(1000000010, 1000000005, 1318, '2021-06-12', '2021-06-15', 'Panpan', 'Ploypapas', 'O', 16000.00, '2021-06-10 04:44:00'),
(1000000011, 1000000005, 1319, '2021-06-12', '2021-06-15', 'Panpan', 'Ploypapas', 'R', 16000.00, '2021-06-10 04:44:00'),
(1000000012, 1000000006, 1723, '2021-06-08', '2021-06-11', 'Cosmo', 'Cruz', 'R', 6000.00, '2021-06-04 07:32:00'),
(1000000013, 1000000006, 1724, '2021-06-08', '2021-06-11', 'Cosmo', 'Cruz', 'R', 6000.00, '2021-06-05 07:32:00'),
(1000000014, 1000000007, 1407, '2021-04-23', '2021-04-26', 'Luciano', 'Gunnar', 'O', 6000.00, '2021-04-18 08:26:00'),
(1000000015, 1000000007, 1408, '2021-04-23', '2021-04-26', 'Luciano', 'Gunnar', 'O', 6000.00, '2021-04-19 08:26:00'),
(1000000016, 1000000007, 1409, '2021-04-23', '2021-04-26', 'Luciano', 'Gunnar', 'O', 6000.00, '2021-04-20 08:26:00'),
(1000000017, 1000000007, 1410, '2021-04-23', '2021-04-26', 'Luciano', 'Gunnar', 'O', 6000.00, '2021-04-21 08:26:00'),
(1000000018, 1000000008, 1307, '2021-04-10', '2021-04-12', 'Bastien', 'Barnaby', 'O', 8000.00, '2021-04-07 03:48:00'),
(1000000019, 1000000008, 1306, '2021-04-10', '2021-04-12', 'Bastien', 'Barnaby', 'O', 8000.00, '2021-04-07 03:48:00'),
(1000000020, 1000000009, 2201, '2021-02-12', '2021-02-14', 'Luciano', 'Gunnar', 'O', 5400.00, '2021-02-08 07:32:00'),
(1000000021, 1000000009, 2202, '2021-02-12', '2021-02-14', 'Luciano', 'Gunnar', 'O', 5400.00, '2021-02-09 07:32:00'),
(1000000022, 1000000009, 2315, '2021-02-12', '2021-02-14', 'Luciano', 'Gunnar', 'O', 5400.00, '2021-02-10 07:32:00'),
(1000000023, 1000000009, 2314, '2021-02-12', '2021-02-14', 'Luciano', 'Gunnar', 'O', 5400.00, '2021-02-11 07:32:00'),
(1000000024, 1000000009, 2313, '2021-02-12', '2021-02-14', 'Luciano', 'Gunnar', 'O', 5400.00, '2021-02-12 07:32:00'),
(1000000025, 1000000010, 2325, '2021-03-31', '2022-04-02', 'Ying', 'Supavadee', 'O', 12000.00, '2021-03-29 06:32:00'),
(1000000026, 1000000010, 2324, '2021-03-31', '2022-04-02', 'Ying', 'Supavadee', 'O', 12000.00, '2021-03-30 06:32:00'),
(1000000027, 1000000010, 2323, '2021-03-31', '2022-04-02', 'Ying', 'Supavadee', 'O', 12000.00, '2021-03-31 06:32:00'),
(1000000028, 1000000011, 1201, '2021-03-12', '2021-03-15', 'Pungjung', 'Nacha', 'C', 10800.00, '2021-03-10 07:00:00'),
(1000000029, 1000000011, 1202, '2021-03-12', '2021-03-15', 'Pungjung', 'Nacha', 'C', 10800.00, '2021-03-11 07:00:00'),
(1000000030, 1000000012, 1407, '2021-06-03', '2021-06-05', 'Panpan', 'Pukpik', 'I', 4500.00, '2021-06-01 07:33:00'),
(1000000032, 1000000013, 1620, '2021-05-07', '2021-05-10', 'Bala', 'Beam', 'O', 8000.00, '2021-05-04 06:47:00'),
(1000000033, 1000000013, 1619, '2021-05-07', '2021-05-10', 'Bala', 'Beam', 'R', 8000.00, '2021-05-04 06:47:00'),
(1000000034, 1000000013, 1618, '2021-05-07', '2021-05-10', 'Bala', 'Beam', 'R', 8000.00, '2021-05-04 06:47:00'),
(1000000035, 1000000013, 1910, '2021-05-07', '2021-05-10', 'Kiku', 'Balaha', 'R', 12000.00, '2021-05-04 06:47:00'),
(1000000036, 1000000013, 1909, '2021-05-07', '2021-05-10', 'Kiku', 'Balaha', 'R', 12000.00, '2021-05-04 06:47:00'),
(1000000037, 1000000014, 1322, '2021-04-01', '2021-04-04', 'Luffy', 'Monkey D.', 'O', 16000.00, '2021-03-30 03:31:00'),
(1000000038, 1000000014, 1323, '2021-04-01', '2021-04-04', 'Luffy', 'Monkey D.', 'I', 16000.00, '2021-03-30 03:31:00'),
(1000000039, 1000000014, 1816, '2021-04-01', '2021-04-04', 'Luffy', 'Monkey D.', 'O', 16000.00, '2021-03-30 03:31:00'),
(1000000040, 1000000014, 1817, '2021-04-01', '2021-04-04', 'Luffy', 'Monkey D.', 'O', 16000.00, '2021-03-30 03:31:00'),
(1000000041, 1000000014, 1923, '2021-04-01', '2021-04-04', 'Luffy', 'Monkey D.', 'O', 16000.00, '2021-03-30 03:31:00'),
(1000000042, 1000000015, 1319, '2021-03-05', '2021-03-07', 'Levi', 'Jackson', 'O', 9000.00, '2021-03-04 07:16:00'),
(1000000043, 1000000015, 1312, '2021-03-05', '2021-03-07', 'Julan', 'Grayson', 'O', 12000.00, '2021-03-04 07:16:00'),
(1000000044, 1000000015, 1313, '2021-03-05', '2021-03-07', 'Julian', 'Grayson', 'O', 12000.00, '2021-03-04 07:16:00'),
(1000000045, 1000000016, 1711, '2018-12-28', '2019-01-05', 'Christopher', 'Charles', 'O', 13500.00, '2018-12-25 07:52:00'),
(1000000046, 1000000016, 1712, '2018-12-28', '2019-01-05', 'Christopher', 'Charles', 'O', 13500.00, '2018-12-25 07:52:00'),
(1000000047, 1000000016, 1713, '2018-12-28', '2019-01-05', 'Christopher', 'Charles', 'O', 13500.00, '2018-12-25 07:52:00'),
(1000000048, 1000000017, 1810, '2021-05-12', '2021-05-14', 'Nathan', 'Joshua', 'O', 4000.00, '2021-05-10 04:01:00'),
(1000000049, 1000000017, 1811, '2021-05-12', '2021-05-14', 'Nathan', 'Joshua', 'O', 4000.00, '2021-05-10 04:01:00'),
(1000000050, 1000000018, 1103, '2020-06-27', '2020-06-29', 'Luca', 'Colton', 'O', 15000.00, '2020-06-25 07:31:00'),
(1000000051, 1000000019, 1206, '2021-02-05', '2021-02-07', 'Beam', 'Natsarun', 'O', 6000.00, '2021-02-03 07:33:00'),
(1000000052, 1000000019, 1207, '2021-02-05', '2021-02-07', 'Beam', 'Natsarun', 'O', 6000.00, '2021-02-03 07:33:00'),
(1000000053, 1000000020, 1204, '2020-07-08', '2020-07-18', 'Supavadee', 'Phusanam', 'O', 22000.00, '2020-07-06 09:24:00'),
(1000000054, 1000000021, 1322, '2020-02-13', '2020-02-14', 'Balthazar', 'Barnaby', 'O', 8000.00, '2020-02-12 07:33:00'),
(1000000055, 1000000022, 1321, '2021-01-03', '2021-01-05', 'Bastien', 'Barnaby', 'O', 12000.00, '2021-01-01 07:33:00'),
(1000000056, 1000000022, 1322, '2021-01-03', '2021-01-05', 'Bastien', 'Barnaby', 'O', 12000.00, '2021-01-01 07:33:00'),
(1000000057, 1000000023, 1321, '2021-04-12', '2021-04-16', 'Luciano', 'Gunnar', 'O', 20000.00, '2021-04-10 07:34:00'),
(1000000058, 1000000023, 1312, '2021-04-12', '2021-04-16', 'Copter', 'Hahha', 'O', 9000.00, '2021-04-10 07:34:00'),
(1000000059, 1000000023, 1203, '2021-04-12', '2021-04-16', 'Copter', 'Hahhah', 'C', 3600.00, '2021-04-10 07:34:00'),
(1000000060, 1000000024, 1418, '2020-02-13', '2020-02-15', 'Diego', 'Ayden', 'O', 6000.00, '2020-02-07 06:34:00'),
(1000000061, 1000000026, 1414, '2020-02-07', '2020-02-09', 'Waylon', 'Weston', 'O', 6000.00, '2020-02-05 05:34:00'),
(1000000062, 1000000026, 1415, '2020-02-07', '2020-02-09', 'Waylon', 'Weston', 'C', 6000.00, '2020-02-05 05:34:00'),
(1000000063, 1000000027, 1319, '2020-01-01', '2020-01-04', 'Armando', 'Lucien', 'O', 12000.00, '2020-12-25 05:52:00'),
(1000000064, 1000000027, 1320, '2020-01-01', '2020-01-04', 'Armando', 'Lucien', 'C', 12000.00, '2020-12-25 05:52:00'),
(1000000065, 1000000027, 1421, '2020-01-01', '2020-01-04', 'Armando', 'Lucien', 'O', 12000.00, '2020-12-25 05:52:00'),
(1000000066, 1000000028, 1324, '2020-01-01', '2020-01-03', 'Myles', 'Giovanni', 'C', 12000.00, '2020-12-25 05:53:00'),
(1000000067, 1000000029, 1205, '2020-01-11', '2020-01-12', 'Roman', 'Cooper', 'O', 4000.00, '2020-01-10 05:52:00'),
(1000000068, 1000000029, 1206, '2020-01-11', '2020-01-12', 'Roman', 'Cooper', 'O', 4000.00, '2020-01-10 05:52:00'),
(1000000069, 1000000030, 1801, '2021-04-16', '2021-04-18', 'Xavier', 'Greyson', 'O', 4500.00, '2021-04-13 06:00:00'),
(1000000070, 1000000031, 1505, '2021-05-06', '2021-05-08', 'Luis', 'Ashton', 'O', 9000.00, '2021-05-05 05:34:00'),
(1000000071, 1000000031, 1506, '2021-05-06', '2021-05-08', 'Luis', 'Ashton', 'O', 9000.00, '2021-05-05 05:34:00'),
(1000000072, 1000000031, 1507, '2021-05-06', '2021-05-08', 'Luis', 'Ashton', 'O', 9000.00, '2021-05-05 05:34:00'),
(1000000073, 1000000032, 1616, '2021-05-07', '2021-05-08', 'Richard', 'Blake', 'O', 3600.00, '2021-05-05 05:35:00'),
(1000000074, 1000000033, 1602, '2021-05-14', '2021-05-16', 'Rhett', 'Karter', 'O', 5400.00, '2021-05-12 05:35:00'),
(1000000077, 1000000033, 1819, '2021-05-14', '2021-05-16', 'Emilio', 'Holden', 'C', 12000.00, '2021-05-12 05:35:00'),
(1000000078, 1000000033, 1820, '2021-05-14', '2021-05-16', 'Emilio', 'Holden', 'C', 12000.00, '2021-05-12 05:35:00'),
(1000000079, 1000000034, 1420, '2021-05-03', '2021-05-05', 'Nicolas', 'Victor', 'O', 5400.00, '2021-05-02 05:35:00'),
(1000000080, 1000000034, 1419, '2021-05-03', '2021-05-05', 'Nicolas', 'Victor', 'O', 5400.00, '2021-05-02 05:35:00'),
(1000000081, 1000000035, 1216, '2021-05-21', '2021-05-23', 'Steven', 'Colt', 'O', 4500.00, '2021-05-20 05:36:00'),
(1000000082, 1000000035, 1217, '2021-05-21', '2021-05-23', 'Steven', 'Colt', 'O', 4500.00, '2021-05-20 05:36:00'),
(1000000083, 1000000035, 1218, '2021-05-21', '2021-05-23', 'Steven', 'Colt', 'O', 4500.00, '2021-05-20 05:36:00'),
(1000000084, 1000000035, 1219, '2021-05-21', '2021-05-23', 'Steven', 'Colt', 'O', 4500.00, '2021-05-20 05:36:00'),
(1000000085, 1000000035, 1220, '2021-05-21', '2021-05-23', 'Steven', 'Colt', 'O', 4500.00, '2021-05-20 05:36:00'),
(1000000086, 1000000035, 1221, '2021-05-21', '2021-05-23', 'Steven', 'Colt', 'O', 4500.00, '2021-05-20 05:36:00'),
(1000000087, 1000000035, 1222, '2021-05-21', '2021-05-23', 'Steven', 'Colt', 'O', 4500.00, '2021-05-20 05:36:00'),
(1000000088, 1000000035, 1711, '2021-05-21', '2021-05-23', 'Steven', 'Colt', 'O', 4500.00, '2021-05-20 05:36:00'),
(1000000089, 1000000035, 1712, '2021-05-21', '2021-05-23', 'Steven', 'Colt', 'O', 4500.00, '2021-05-20 05:36:00'),
(1000000090, 1000000035, 1713, '2021-05-21', '2021-05-23', 'Steven', 'Colt', 'O', 4500.00, '2021-05-20 05:36:00'),
(1000000091, 1000000036, 1224, '2021-06-10', '2021-06-13', 'Antonio', 'Tristan', 'O', 3000.00, '2021-06-08 07:47:00'),
(1000000092, 1000000037, 1202, '2021-05-13', '2021-05-15', 'Kyro', 'Matias', 'O', 9000.00, '2021-05-08 05:37:00'),
(1000000093, 1000000037, 1201, '2021-05-13', '2021-05-15', 'Kyro', 'Matias', 'O', 9000.00, '2021-05-08 05:37:00'),
(1000000094, 1000000038, 1312, '2021-05-23', '2021-05-26', 'Koralina', 'August', 'O', 12000.00, '2021-05-22 05:36:00'),
(1000000095, 1000000038, 1313, '2021-05-23', '2021-05-26', 'Koralina', 'August', 'O', 12000.00, '2021-05-22 05:36:00'),
(1000000096, 1000000038, 1421, '2021-05-23', '2021-05-26', 'Koralina', 'August', 'O', 12000.00, '2021-05-22 05:36:00'),
(1000000097, 1000000038, 1422, '2021-05-23', '2021-05-26', 'Koralina', 'August', 'C', 12000.00, '2021-05-22 05:36:00'),
(1000000098, 1000000039, 1607, '2021-06-04', '2021-06-06', 'Atlas', 'Tucker', 'C', 8000.00, '2021-06-03 05:36:00'),
(1000000099, 1000000040, 1623, '2021-05-23', '2021-05-25', 'Tyler', 'Braxton', 'O', 9000.00, '2021-05-22 05:57:00'),
(1000000102, 1000000042, 1102, '2021-05-27', '2021-05-28', 'Peter', 'Alejandro', 'C', 16000.00, '2021-05-25 15:46:00'),
(1000000103, 1000000042, 1721, '2021-05-27', '2021-05-28', 'Peter', 'Alejandro', 'C', 3000.00, '2021-05-25 15:46:00'),
(1000000104, 1000000042, 1722, '2021-05-27', '2021-05-28', 'Peter', 'Alejandro', 'C', 3000.00, '2021-05-25 15:46:00'),
(1000000105, 1000000042, 1723, '2021-05-27', '2021-05-28', 'Peter', 'Alejandro', 'O', 3000.00, '2021-05-25 15:46:00'),
(1000000106, 1000000042, 1724, '2021-05-27', '2021-05-28', 'Peter', 'Alejandro', 'O', 3000.00, '2021-05-25 15:46:00'),
(1000000107, 1000000042, 1725, '2021-05-27', '2021-05-28', 'Peter', 'Alejandro', 'O', 3000.00, '2021-05-25 15:46:00'),
(1000000108, 1000000042, 1511, '2021-05-27', '2021-05-28', 'Peter', 'Alejandro', 'O', 3000.00, '2021-05-25 15:46:00'),
(1000000109, 1000000042, 1512, '2021-05-27', '2021-05-28', 'Peter', 'Alejandro', 'O', 3000.00, '2021-05-25 15:46:00'),
(1000000110, 1000000042, 1513, '2021-05-27', '2021-05-28', 'Peter', 'Alejandro', 'O', 3000.00, '2021-05-25 15:46:00'),
(1000000111, 1000000042, 1515, '2021-05-27', '2021-05-28', 'Peter', 'Alejandro', 'C', 3000.00, '2021-05-25 15:46:00'),
(1000000112, 1000000042, 1514, '2021-05-27', '2021-05-28', 'Peter', 'Alejandro', 'O', 3000.00, '2021-05-25 15:46:00'),
(1000000113, 1000000043, 1310, '2021-05-15', '2021-05-17', 'Emmanuel', 'Carlos', 'O', 5400.00, '2021-05-14 05:37:00'),
(1000000114, 1000000044, 1301, '2020-09-10', '2020-09-13', 'Myles', 'Giovanni', 'O', 6000.00, '2020-09-06 19:37:00'),
(1000000115, 1000000044, 1203, '2021-06-15', '2021-06-17', 'Poco', 'Loco', 'R', 6000.00, '2021-09-06 19:37:00'),
(1000000116, 1000000045, 1312, '2021-05-07', '2021-05-09', 'Hoola', 'Hellow', 'O', 12000.00, '2021-05-05 08:17:00'),
(1000000117, 1000000045, 1311, '2021-04-18', '2021-04-21', 'Hoola', 'Hellow', 'C', 12000.00, '2021-04-15 08:17:00'),
(1000000118, 1000000045, 1322, '2021-03-17', '2021-03-19', 'Warit', 'Poloco', 'O', 12000.00, '2021-03-15 08:17:00'),
(1000000119, 1000000045, 1323, '2021-04-18', '2021-04-21', 'Warit', 'Poloco', 'O', 12000.00, '2021-07-15 08:17:00'),
(1000000120, 1000000046, 1821, '2021-05-03', '2021-05-05', 'Poco', 'Lococo', 'O', 4500.00, '2021-05-01 09:06:00'),
(1000000121, 1000000046, 1805, '2021-05-03', '2021-05-05', 'Poco', 'Lococo', 'O', 4500.00, '2021-05-01 09:06:00'),
(1000000122, 1000000047, 1713, '2020-03-01', '2020-03-04', 'Thomas', 'Ovado', 'O', 1500.00, '2020-02-28 05:52:00'),
(1000000123, 1000000047, 1202, '2020-03-07', '2020-03-12', 'Chula', 'Laberto', 'O', 18000.00, '2020-02-28 05:52:00'),
(1000000124, 1000000047, 1311, '2020-03-07', '2020-03-12', 'Chula', 'Laberto', 'O', 18000.00, '2020-02-28 05:52:00'),
(1000000125, 1000000048, 2315, '2019-06-28', '2019-06-30', 'Micky', 'Momo', 'O', 6000.00, '2019-06-26 06:26:00'),
(1000000126, 1000000048, 2314, '2019-06-28', '2019-06-30', 'Micky', 'Momo', 'O', 6000.00, '2019-06-26 06:26:00'),
(1000000127, 1000000049, 1913, '2019-04-12', '2019-04-15', 'Hermione', 'Granger', 'O', 16000.00, '2019-04-11 06:29:00'),
(1000000128, 1000000049, 1914, '2019-04-12', '2019-04-15', 'Hermione', 'Granger', 'O', 16000.00, '2019-04-11 06:29:00'),
(1000000129, 1000000049, 1915, '2019-04-12', '2019-04-15', 'Hermione', 'Granger', 'O', 16000.00, '2019-04-11 06:29:00'),
(1000000130, 1000000050, 2310, '2019-12-28', '2020-01-01', 'Beam', 'Nat', 'O', 20000.00, '2019-12-20 06:39:00'),
(1000000131, 1000000050, 2309, '2019-12-28', '2020-01-01', 'Beam', 'Nat', 'O', 20000.00, '2019-12-20 06:39:00'),
(1000000132, 1000000050, 2308, '2019-12-28', '2020-01-01', 'Beam', 'Nat', 'O', 20000.00, '2019-12-20 06:39:00'),
(1000000133, 1000000050, 2307, '2019-12-28', '2020-01-01', 'Beam', 'Nat', 'O', 20000.00, '2019-12-20 06:39:00'),
(1000000134, 1000000051, 1504, '2019-08-10', '2019-08-12', 'Mo', 'Salah', 'O', 9000.00, '2019-08-09 06:47:00'),
(1000000135, 1000000051, 1505, '2019-08-10', '2019-08-12', 'Mo', 'Salah', 'O', 9000.00, '2019-08-09 06:47:00'),
(1000000138, 1000000052, 1308, '2019-01-01', '2019-01-05', 'Roberto', 'Firmino', 'O', 10000.00, '2019-12-16 06:49:00'),
(1000000139, 1000000052, 1309, '2019-01-01', '2019-01-05', 'Roberto', 'Firmino', 'O', 10000.00, '2019-12-16 06:49:00'),
(1000000140, 1000000052, 1310, '2019-01-01', '2019-01-05', 'Roberto', 'Firmino', 'O', 10000.00, '2019-12-16 06:49:00'),
(1000000141, 1000000053, 1821, '2019-01-01', '2019-01-05', 'Thiago', 'Acantar', 'O', 7500.00, '2019-12-16 20:54:00'),
(1000000142, 1000000053, 1822, '2019-01-01', '2019-01-05', 'Thiago', 'Acantar', 'O', 7500.00, '2019-12-16 20:54:00'),
(1000000146, 1000000054, 1823, '2019-01-01', '2019-01-03', 'Troye', 'Sivan', 'O', 4500.00, '2019-12-16 20:54:00'),
(1000000147, 1000000054, 1824, '2019-01-01', '2019-01-03', 'Troye', 'Sivan', 'O', 4500.00, '2019-12-16 20:54:00'),
(1000000148, 1000000055, 1801, '2019-01-01', '2019-01-03', 'Pink', 'Sweat', 'O', 4500.00, '2019-12-16 20:54:00'),
(1000000149, 1000000055, 1802, '2019-01-01', '2019-01-03', 'Pink', 'Sweat', 'O', 4500.00, '2019-12-16 20:54:00'),
(1000000150, 1000000056, 1201, '2019-02-16', '2019-02-17', 'Fiji', 'Blue', 'O', 6000.00, '2019-02-14 21:01:00'),
(1000000151, 1000000056, 1202, '2019-02-16', '2019-02-17', 'Fiji', 'Blue', 'O', 6000.00, '2019-02-14 21:01:00'),
(1000000152, 1000000057, 1314, '2019-02-22', '2019-02-24', 'Oscar', 'Welsh', 'O', 9000.00, '2019-02-20 21:06:00'),
(1000000153, 1000000057, 1315, '2019-02-22', '2019-02-24', 'Oscar', 'Welsh', 'O', 9000.00, '2019-02-20 21:06:00'),
(1000000154, 1000000058, 1916, '2019-03-01', '2019-03-03', 'Dane', 'Amar', 'O', 12000.00, '2019-02-28 21:06:00'),
(1000000155, 1000000058, 1917, '2019-03-01', '2019-03-03', 'Dane', 'Amar', 'O', 12000.00, '2019-02-20 21:06:00'),
(1000000156, 1000000058, 1918, '2019-03-01', '2019-03-03', 'Dane', 'Amar', 'O', 12000.00, '2019-02-20 21:06:00'),
(1000000157, 1000000059, 1220, '2019-03-07', '2019-03-10', 'Gani', 'Numcha', 'O', 6000.00, '2019-03-05 21:13:00'),
(1000000158, 1000000059, 1219, '2019-03-07', '2019-03-10', 'Gani', 'Numcha', 'O', 6000.00, '2019-03-05 21:13:00'),
(1000000159, 1000000059, 1218, '2019-03-07', '2019-03-10', 'Gani', 'Numcha', 'O', 6000.00, '2019-03-05 21:13:00'),
(1000000160, 1000000060, 1906, '2016-06-10', '2016-06-12', 'Beam', 'Natsarun', 'O', 8100.00, '2016-06-05 16:00:00'),
(1000000161, 1000000060, 1907, '2016-06-10', '2016-06-12', 'Beam', 'Natsarun', 'O', 8100.00, '2016-06-05 16:00:00'),
(1000000162, 1000000061, 1721, '2016-06-07', '2016-06-09', 'Pan', 'Pan', 'O', 4050.00, '2016-06-05 16:01:00'),
(1000000163, 1000000061, 1722, '2016-06-07', '2016-06-09', 'Pan', 'Pan', 'O', 4050.00, '2016-06-05 16:01:00'),
(1000000164, 1000000061, 1723, '2016-06-07', '2016-06-09', 'Pan', 'Pan', 'O', 4050.00, '2016-06-05 16:01:00'),
(1000000165, 1000000061, 1724, '2016-06-07', '2016-06-09', 'Pan', 'Pan', 'O', 4050.00, '2016-06-05 16:01:00'),
(1000000166, 1000000062, 2216, '2016-06-10', '2016-06-14', 'Lung', 'Tony', 'C', 13500.00, '2016-06-05 16:01:00'),
(1000000167, 1000000062, 2218, '2016-06-10', '2016-06-14', 'Lung', 'Tony', 'C', 13500.00, '2016-06-05 16:01:00'),
(1000000168, 1000000062, 2217, '2016-06-10', '2016-06-14', 'Lung', 'Tony', 'O', 13500.00, '2016-06-05 16:01:00'),
(1000000169, 1000000063, 1603, '2016-06-10', '2016-06-13', 'Woody', 'Toy', 'O', 7200.00, '2016-06-08 16:01:00'),
(1000000170, 1000000063, 1604, '2016-06-10', '2016-06-13', 'Woody', 'Toy', 'O', 7200.00, '2016-06-08 16:01:00'),
(1000000171, 1000000063, 1605, '2016-06-10', '2016-06-13', 'Woody', 'Toy', 'O', 7200.00, '2016-06-07 16:01:00'),
(1000000172, 1000000064, 2320, '2016-06-07', '2016-06-14', 'Elon', 'Douge', 'O', 21600.00, '2016-06-05 04:16:00'),
(1000000173, 1000000065, 1603, '2016-06-17', '2016-06-19', 'Four', 'EVE', 'O', 5400.00, '2016-06-16 16:02:00'),
(1000000174, 1000000065, 1604, '2016-06-17', '2016-06-19', 'Four', 'EVE', 'O', 5400.00, '2016-06-15 16:02:00'),
(1000000175, 1000000065, 1605, '2016-06-17', '2016-06-19', 'Four', 'EVE', 'O', 5400.00, '2016-06-15 16:02:00'),
(1000000176, 1000000066, 1603, '2016-12-30', '2017-01-02', 'Tang', 'Bad', 'O', 6800.00, '2016-12-28 16:02:00'),
(1000000177, 1000000066, 1604, '2016-12-30', '2017-01-02', 'Tang', 'Bad', 'C', 6800.00, '2016-12-28 16:02:00'),
(1000000178, 1000000067, 1615, '2016-12-30', '2017-01-01', 'Rabbit', 'Cat', 'C', 5100.00, '2016-12-25 16:02:00'),
(1000000179, 1000000067, 1616, '2016-12-30', '2017-01-01', 'Rabbit', 'Cat', 'O', 5100.00, '2016-12-25 16:02:00'),
(1000000180, 1000000068, 1801, '2016-12-31', '2017-01-01', 'Kit', 'Three', 'O', 2700.00, '2016-12-25 16:02:00'),
(1000000181, 1000000068, 1802, '2016-12-31', '2017-01-01', 'Kit', 'Three', 'O', 2700.00, '2016-12-25 16:03:00'),
(1000000182, 1000000069, 1203, '2016-12-31', '2017-01-01', 'Fulk', 'Hero', 'O', 3400.00, '2016-12-25 16:04:00'),
(1000000183, 1000000069, 1204, '2016-12-31', '2017-01-01', 'Fulk', 'Hero', 'O', 3400.00, '2016-12-25 16:05:00'),
(1000000184, 1000000070, 2103, '2016-12-31', '2017-01-01', 'Bilkin', 'Peep', 'C', 12000.00, '2016-12-25 16:06:00'),
(1000000185, 1000000071, 1925, '2017-02-13', '2017-02-15', 'Ink', 'Warin', 'O', 9600.00, '2017-02-12 16:03:00'),
(1000000186, 1000000072, 1625, '2017-02-13', '2017-02-15', 'Thrid', 'Tep', 'O', 7650.00, '2017-02-12 16:03:00'),
(1000000187, 1000000074, 1418, '2017-02-11', '2017-02-15', 'Violet', 'Evergarden', 'O', 9400.00, '2017-02-10 16:03:00'),
(1000000188, 1000000074, 1419, '2017-02-11', '2017-02-15', 'Violet', 'Evergarden', 'O', 9400.00, '2017-02-10 16:03:00'),
(1000000189, 1000000074, 1420, '2017-02-11', '2017-02-15', 'Violet', 'Evergarden', 'O', 9400.00, '2017-02-10 16:03:00'),
(1000000190, 1000000075, 1913, '2017-04-12', '2017-04-16', 'Jame', 'Mark', 'O', 16800.00, '2017-04-11 16:03:00'),
(1000000191, 1000000075, 1914, '2017-04-12', '2017-04-16', 'Jame', 'Mark', 'O', 16800.00, '2017-04-11 16:03:00'),
(1000000192, 1000000075, 1915, '2017-04-12', '2017-04-16', 'Jame', 'Mark', 'O', 16800.00, '2017-04-11 16:03:00'),
(1000000193, 1000000076, 1709, '2017-04-13', '2017-04-16', 'Eden', 'Coller', 'O', 9600.00, '2017-04-12 16:04:00'),
(1000000194, 1000000076, 1710, '2017-04-13', '2017-04-16', 'Eden', 'Coller', 'C', 9600.00, '2017-04-12 16:04:00'),
(1000000195, 1000000077, 1709, '2017-04-14', '2017-04-17', 'Mark', 'Face', 'O', 9600.00, '2017-04-12 16:07:00'),
(1000000196, 1000000077, 1710, '2017-04-14', '2017-04-17', 'Mark', 'Face', 'O', 9600.00, '2017-04-12 16:07:00'),
(1000000197, 1000000078, 1921, '2017-04-12', '2017-04-17', 'Boy', 'Sick', 'O', 20000.00, '2017-04-11 16:07:00'),
(1000000198, 1000000078, 1922, '2017-04-12', '2017-04-17', 'Boy', 'Sick', 'O', 20000.00, '2017-04-11 16:07:00'),
(1000000199, 1000000078, 1923, '2017-04-12', '2017-04-17', 'Boy', 'Sick', 'O', 20000.00, '2017-04-11 16:07:00'),
(1000000200, 1000000078, 1924, '2017-04-12', '2017-04-17', 'Boy', 'Sick', 'O', 20000.00, '2017-04-11 16:07:00'),
(1000000201, 1000000078, 1925, '2017-04-12', '2017-04-17', 'Boy', 'Sick', 'O', 20000.00, '2017-04-11 16:07:00'),
(1000000202, 1000000078, 1916, '2017-04-12', '2017-04-17', 'Boy', 'Sick', 'O', 20000.00, '2017-04-11 16:07:00'),
(1000000203, 1000000078, 1917, '2017-04-12', '2017-04-17', 'Boy', 'Sick', 'O', 20000.00, '2017-04-11 16:07:00'),
(1000000204, 1000000078, 1918, '2017-04-12', '2017-04-17', 'Boy', 'Sick', 'O', 20000.00, '2017-04-11 16:07:00'),
(1000000205, 1000000078, 1919, '2017-04-12', '2017-04-17', 'Boy', 'Sick', 'O', 20000.00, '2017-04-11 16:07:00'),
(1000000206, 1000000078, 1920, '2017-04-12', '2017-04-17', 'Boy', 'Sick', 'O', 20000.00, '2017-04-11 16:07:00'),
(1000000207, 1000000079, 1504, '2017-01-13', '2017-01-16', 'Heart', 'Sweat', 'O', 12000.00, '2017-04-11 16:07:00'),
(1000000208, 1000000079, 1505, '2017-01-13', '2017-01-16', 'Heart', 'Sweat', 'O', 12000.00, '2017-04-11 16:07:00'),
(1000000209, 1000000079, 1506, '2017-01-13', '2017-01-16', 'Heart', 'Sweat', 'O', 12000.00, '2017-04-11 16:07:00'),
(1000000210, 1000000079, 1507, '2017-01-13', '2017-01-16', 'Heart', 'Sweat', 'O', 12000.00, '2017-04-11 16:07:00'),
(1000000211, 1000000079, 1508, '2017-01-13', '2017-01-16', 'Heart', 'Sweat', 'O', 12000.00, '2017-04-11 16:07:00'),
(1000000212, 1000000079, 1509, '2017-01-13', '2017-01-16', 'Heart', 'Sweat', 'O', 12000.00, '2017-04-11 16:07:00'),
(1000000213, 1000000079, 1510, '2017-01-13', '2017-01-16', 'Heart', 'Sweat', 'O', 12000.00, '2017-04-11 16:07:00'),
(1000000214, 1000000079, 1621, '2017-01-13', '2017-01-16', 'Heart', 'Sweat', 'O', 12000.00, '2017-04-11 16:07:00'),
(1000000215, 1000000079, 1622, '2017-01-13', '2017-01-16', 'Heart', 'Sweat', 'O', 12000.00, '2017-04-11 16:07:00'),
(1000000216, 1000000079, 1623, '2017-01-13', '2017-01-16', 'Heart', 'Sweat', 'C', 12000.00, '2017-04-11 16:07:00'),
(1000000217, 1000000080, 1814, '2016-12-23', '2016-12-26', 'Natsarun', 'Rooncharoen', 'O', 14400.00, '2016-12-21 20:20:00'),
(1000000218, 1000000080, 1815, '2016-12-23', '2016-12-26', 'Natsarun', 'Rooncharoen', 'O', 14400.00, '2016-12-21 20:20:00'),
(1000000219, 1000000080, 1816, '2016-12-23', '2016-12-26', 'Natsarun', 'Rooncharoen', 'O', 14400.00, '2016-12-21 20:20:00'),
(1000000220, 1000000080, 1817, '2016-12-23', '2016-12-26', 'Natsarun', 'Rooncharoen', 'O', 14400.00, '2016-12-21 20:20:00'),
(1000000221, 1000000080, 1818, '2016-12-23', '2016-12-26', 'Natsarun', 'Rooncharoen', 'C', 14400.00, '2016-12-21 20:20:00'),
(1000000222, 1000000080, 1819, '2016-12-23', '2016-12-26', 'Natsarun', 'Rooncharoen', 'O', 14400.00, '2016-12-21 20:20:00'),
(1000000223, 1000000080, 1820, '2016-12-23', '2016-12-26', 'Natsarun', 'Rooncharoen', 'O', 14400.00, '2016-12-21 20:20:00'),
(1000000224, 1000000080, 1809, '2016-12-23', '2016-12-26', 'Natsarun', 'Rooncharoen', 'O', 14400.00, '2016-12-21 20:20:00'),
(1000000225, 1000000080, 1810, '2016-12-23', '2016-12-26', 'Natsarun', 'Rooncharoen', 'O', 14400.00, '2016-12-21 20:20:00'),
(1000000226, 1000000080, 1811, '2016-12-23', '2016-12-26', 'Natsarun', 'Rooncharoen', 'C', 14400.00, '2016-12-21 20:20:00'),
(1000000227, 1000000080, 1812, '2016-12-23', '2016-12-26', 'Natsarun', 'Rooncharoen', 'O', 14400.00, '2016-12-21 20:20:00'),
(1000000228, 1000000080, 1813, '2016-12-23', '2016-12-26', 'Natsarun', 'Rooncharoen', 'O', 14400.00, '2016-12-21 20:20:00'),
(1000000229, 1000000080, 1606, '2016-12-23', '2016-12-26', 'Natsarun', 'Rooncharoen', 'C', 14400.00, '2016-12-21 20:20:00'),
(1000000230, 1000000080, 1607, '2016-12-23', '2016-12-26', 'Natsarun', 'Rooncharoen', 'O', 14400.00, '2016-12-21 20:20:00'),
(1000000231, 1000000080, 1608, '2016-12-23', '2016-12-26', 'Natsarun', 'Rooncharoen', 'O', 14400.00, '2016-12-21 20:20:00'),
(1000000232, 1000000080, 1609, '2016-12-23', '2016-12-26', 'Natsarun', 'Rooncharoen', 'O', 14400.00, '2016-12-21 20:20:00'),
(1000000233, 1000000080, 1610, '2016-12-23', '2016-12-26', 'Natsarun', 'Rooncharoen', 'O', 14400.00, '2016-12-21 20:20:00'),
(1000000234, 1000000081, 1908, '2017-04-13', '2017-04-17', 'Beam', 'Nat', 'O', 12000.00, '2017-04-12 16:04:00'),
(1000000235, 1000000081, 1909, '2017-04-13', '2017-04-17', 'Beam', 'Nat', 'O', 12000.00, '2017-04-12 16:04:00'),
(1000000236, 1000000081, 1910, '2017-04-13', '2017-04-17', 'Beam', 'Nat', 'O', 12000.00, '2017-04-12 16:04:00'),
(1000000237, 1000000081, 1911, '2017-04-13', '2017-04-17', 'Beam', 'Nat', 'O', 12000.00, '2017-04-12 16:04:00'),
(1000000238, 1000000081, 1912, '2017-04-13', '2017-04-17', 'Beam', 'Nat', 'O', 12000.00, '2017-04-12 16:04:00'),
(1000000239, 1000000082, 1413, '2017-02-04', '2017-02-06', 'Saku', 'Hana', 'C', 6000.00, '2017-02-01 16:05:00'),
(1000000240, 1000000082, 1414, '2017-02-04', '2017-02-06', 'Saku', 'Hana', 'O', 6000.00, '2017-02-01 16:05:00'),
(1000000241, 1000000082, 1415, '2017-02-04', '2017-02-06', 'Saku', 'Hana', 'O', 6000.00, '2017-02-01 16:05:00'),
(1000000242, 1000000082, 1416, '2017-02-04', '2017-02-06', 'Saku', 'Hana', 'O', 6000.00, '2017-02-01 16:05:00'),
(1000000243, 1000000082, 1417, '2017-02-04', '2017-02-06', 'Saku', 'Hana', 'O', 6000.00, '2017-02-01 16:05:00'),
(1000000244, 1000000083, 1704, '2017-02-24', '2017-02-27', 'Decro', 'Mulfloy', 'C', 12000.00, '2017-02-09 16:05:00'),
(1000000245, 1000000083, 1705, '2017-02-24', '2017-02-27', 'Decro', 'Mulfloy', 'O', 12000.00, '2017-02-09 16:05:00'),
(1000000246, 1000000083, 1706, '2017-02-24', '2017-02-27', 'Decro', 'Mulfloy', 'C', 12000.00, '2017-02-09 16:05:00'),
(1000000247, 1000000083, 1707, '2017-02-24', '2017-02-27', 'Decro', 'Mulfloy', 'O', 12000.00, '2017-02-09 16:05:00'),
(1000000248, 1000000083, 1708, '2017-02-24', '2017-02-27', 'Decro', 'Mulfloy', 'O', 12000.00, '2017-02-09 16:05:00'),
(1000000249, 1000000084, 1321, '2017-03-03', '2017-03-06', 'Sirius', 'Black', 'O', 16000.00, '2017-03-01 16:07:00'),
(1000000250, 1000000084, 1322, '2017-03-03', '2017-03-06', 'Sirius', 'Black', 'O', 16000.00, '2017-03-01 16:07:00'),
(1000000251, 1000000084, 1323, '2017-03-03', '2017-03-06', 'Sirius', 'Black', 'O', 16000.00, '2017-03-01 16:07:00'),
(1000000252, 1000000084, 1324, '2017-03-03', '2017-03-06', 'Sirius', 'Black', 'C', 16000.00, '2017-03-01 16:07:00'),
(1000000253, 1000000084, 1325, '2017-03-03', '2017-03-06', 'Sirius', 'Black', 'C', 16000.00, '2017-03-01 16:07:00'),
(1000000254, 1000000084, 1401, '2017-03-03', '2017-03-06', 'Sirius', 'Black', 'O', 16000.00, '2017-03-01 16:07:00'),
(1000000255, 1000000084, 1402, '2017-03-03', '2017-03-06', 'Sirius', 'Black', 'O', 16000.00, '2017-03-01 16:07:00'),
(1000000256, 1000000084, 1403, '2017-03-03', '2017-03-06', 'Sirius', 'Black', 'O', 16000.00, '2017-03-01 16:07:00'),
(1000000257, 1000000084, 1404, '2017-03-03', '2017-03-06', 'Sirius', 'Black', 'O', 16000.00, '2017-03-01 16:07:00'),
(1000000258, 1000000084, 1405, '2017-03-03', '2017-03-06', 'Sirius', 'Black', 'O', 16000.00, '2017-03-01 16:07:00'),
(1000000259, 1000000085, 1203, '2017-03-07', '2017-03-10', 'Oscar', 'Jeson', 'O', 8000.00, '2017-03-01 15:17:00'),
(1000000260, 1000000085, 1204, '2017-03-07', '2017-03-10', 'Oscar', 'Jeson', 'O', 8000.00, '2017-03-01 15:17:00'),
(1000000261, 1000000085, 1206, '2017-03-07', '2017-03-10', 'Oscar', 'Jeson', 'O', 8000.00, '2017-03-01 15:17:00'),
(1000000262, 1000000085, 1205, '2017-03-07', '2017-03-10', 'Oscar', 'Jeson', 'O', 8000.00, '2017-03-01 15:17:00'),
(1000000263, 1000000085, 1207, '2017-03-07', '2017-03-10', 'Oscar', 'Jeson', 'C', 8000.00, '2017-03-01 15:17:00'),
(1000000264, 1000000086, 1509, '2017-12-24', '2017-12-31', 'John', 'Snow', 'C', 22800.00, '2017-12-16 16:07:00'),
(1000000265, 1000000086, 1510, '2017-12-24', '2017-12-31', 'John', 'Snow', 'O', 22800.00, '2017-12-16 16:07:00'),
(1000000266, 1000000086, 1621, '2017-12-24', '2017-12-31', 'John', 'Snow', 'O', 22800.00, '2017-12-16 16:07:00'),
(1000000267, 1000000086, 1622, '2017-12-24', '2017-12-31', 'John', 'Snow', 'O', 22800.00, '2017-12-16 16:07:00'),
(1000000268, 1000000086, 1623, '2017-12-24', '2017-12-31', 'John', 'Snow', 'O', 22800.00, '2017-12-16 16:07:00'),
(1000000269, 1000000087, 1906, '2018-01-20', '2018-01-22', 'Natsarun', 'Rooncharoen', 'O', 9000.00, '2018-01-03 15:20:00'),
(1000000270, 1000000087, 1907, '2018-01-20', '2018-01-22', 'Natsarun', 'Rooncharoen', 'O', 9000.00, '2018-01-03 15:20:00'),
(1000000271, 1000000087, 1908, '2018-01-20', '2018-01-22', 'Natsarun', 'Rooncharoen', 'O', 9000.00, '2018-01-03 15:20:00'),
(1000000272, 1000000087, 1909, '2018-01-20', '2018-01-22', 'Natsarun', 'Rooncharoen', 'O', 9000.00, '2018-01-03 15:20:00'),
(1000000273, 1000000087, 1910, '2018-01-20', '2018-01-22', 'Natsarun', 'Rooncharoen', 'O', 9000.00, '2018-01-03 15:20:00'),
(1000000274, 1000000088, 1613, '2018-02-13', '2018-02-18', 'Arya', 'Stark', 'O', 12000.00, '2018-02-10 15:21:00'),
(1000000275, 1000000088, 1614, '2018-02-13', '2018-02-18', 'Arya', 'Stark', 'C', 12000.00, '2018-02-10 15:21:00'),
(1000000276, 1000000088, 1615, '2018-02-13', '2018-02-18', 'Arya', 'Stark', 'O', 12000.00, '2018-02-10 15:21:00'),
(1000000277, 1000000088, 1616, '2018-02-13', '2018-02-18', 'Arya', 'Stark', 'O', 12000.00, '2018-02-10 15:21:00'),
(1000000278, 1000000088, 1617, '2018-02-13', '2018-02-18', 'Arya', 'Stark', 'O', 12000.00, '2018-02-10 15:21:00'),
(1000000279, 1000000089, 1325, '2018-03-17', '2018-03-19', 'Brand', 'Stark', 'O', 12000.00, '2018-03-08 16:00:00'),
(1000000280, 1000000089, 1324, '2018-03-17', '2018-03-19', 'Brand', 'Stark', 'O', 12000.00, '2018-03-08 16:00:00'),
(1000000281, 1000000089, 1323, '2018-03-17', '2018-03-19', 'Brand', 'Stark', 'O', 12000.00, '2018-03-08 16:00:00'),
(1000000282, 1000000089, 1321, '2018-03-17', '2018-03-19', 'Brand', 'Stark', 'O', 12000.00, '2018-03-08 16:00:00'),
(1000000283, 1000000089, 1322, '2018-03-17', '2018-03-19', 'Brand', 'Stark', 'C', 12000.00, '2018-03-08 16:00:00'),
(1000000284, 1000000090, 1103, '2018-05-19', '2018-05-20', 'Tony', 'Stark', 'O', 30000.00, '2018-05-05 15:25:00'),
(1000000285, 1000000090, 2103, '2018-05-19', '2018-05-20', 'Tony', 'Stark', 'O', 30000.00, '2018-05-05 15:25:00'),
(1000000286, 1000000091, 1716, '2018-04-13', '2018-04-16', 'Jenny', 'Kim', 'O', 5700.00, '2018-04-05 15:27:00'),
(1000000287, 1000000091, 1717, '2018-04-13', '2018-04-16', 'Jenny', 'Kim', 'O', 5700.00, '2018-04-05 15:27:00'),
(1000000288, 1000000091, 1718, '2018-04-13', '2018-04-16', 'Jenny', 'Kim', 'O', 5700.00, '2018-04-05 15:27:00'),
(1000000289, 1000000091, 1719, '2018-04-13', '2018-04-16', 'Jenny', 'Kim', 'O', 5700.00, '2018-04-05 15:27:00'),
(1000000290, 1000000091, 1720, '2018-04-13', '2018-04-16', 'Jenny', 'Kim', 'O', 5700.00, '2018-04-05 15:27:00'),
(1000000291, 1000000092, 1916, '2018-06-28', '2018-06-30', 'Park', 'Chaeyoung', 'O', 12000.00, '2018-06-05 15:28:00'),
(1000000292, 1000000092, 1917, '2018-06-28', '2018-06-30', 'Park', 'Chaeyoung', 'O', 12000.00, '2018-06-05 15:28:00'),
(1000000293, 1000000092, 1918, '2018-06-28', '2018-06-30', 'Park', 'Chaeyoung', 'O', 12000.00, '2018-06-05 15:28:00'),
(1000000294, 1000000092, 1919, '2018-06-28', '2018-06-30', 'Park', 'Chaeyoung', 'O', 12000.00, '2018-06-05 15:28:00'),
(1000000295, 1000000092, 1920, '2018-06-28', '2018-06-30', 'Park', 'Chaeyoung', 'O', 12000.00, '2018-06-05 15:28:00'),
(1000000296, 1000000093, 1704, '2018-12-28', '2019-01-02', 'La', 'Lisa', 'O', 15300.00, '2018-12-11 15:30:00'),
(1000000297, 1000000093, 1705, '2018-12-28', '2019-01-02', 'La', 'Lisa', 'O', 15300.00, '2019-01-01 15:30:00'),
(1000000298, 1000000093, 1706, '2018-12-28', '2019-01-02', 'La', 'Lisa', 'O', 15300.00, '2019-01-01 15:30:00'),
(1000000299, 1000000093, 1707, '2018-12-28', '2019-01-02', 'La', 'Lisa', 'O', 15300.00, '2019-01-01 15:30:00'),
(1000000300, 1000000093, 1708, '2018-12-28', '2019-01-02', 'La', 'Lisa', 'O', 15300.00, '2019-01-01 15:30:00'),
(1000000301, 1000000094, 1219, '2019-03-15', '2019-03-17', 'Strimson', 'John', 'O', 4500.00, '2019-03-06 15:47:00'),
(1000000302, 1000000094, 1220, '2019-03-15', '2019-03-17', 'Strimson', 'John', 'O', 4500.00, '2019-03-06 15:47:00'),
(1000000303, 1000000094, 1218, '2019-03-15', '2019-03-17', 'Strimson', 'John', 'C', 4500.00, '2019-03-06 15:47:00'),
(1000000304, 1000000094, 1217, '2019-03-15', '2019-03-17', 'Strimson', 'John', 'O', 4500.00, '2019-03-06 15:47:00'),
(1000000305, 1000000094, 1216, '2019-03-15', '2019-03-17', 'Strimson', 'John', 'O', 4500.00, '2019-03-06 15:47:00'),
(1000000306, 1000000095, 1325, '2019-05-24', '2019-05-26', 'Bruno', 'Mar', 'O', 11400.00, '2019-05-13 16:00:00'),
(1000000307, 1000000095, 1324, '2019-05-24', '2019-05-26', 'Bruno', 'Mar', 'O', 11400.00, '2019-05-13 16:00:00'),
(1000000308, 1000000095, 1323, '2019-05-24', '2019-05-26', 'Bruno', 'Mar', 'O', 11400.00, '2019-05-13 16:00:00'),
(1000000309, 1000000095, 1322, '2019-05-24', '2019-05-26', 'Bruno', 'Mar', 'O', 11400.00, '2019-05-13 16:00:00'),
(1000000310, 1000000095, 1321, '2019-05-24', '2019-05-26', 'Bruno', 'Mar', 'C', 11400.00, '2019-05-13 16:00:00'),
(1000000311, 1000000096, 1218, '2019-04-13', '2019-04-16', 'Simpson', 'Scott', 'O', 6000.00, '2019-04-08 15:59:00'),
(1000000312, 1000000096, 1219, '2019-04-13', '2019-04-16', 'Simpson', 'Scott', 'O', 6000.00, '2019-04-08 15:59:00'),
(1000000313, 1000000096, 1220, '2019-04-13', '2019-04-16', 'Simpson', 'Scott', 'O', 6000.00, '2019-04-08 15:59:00'),
(1000000314, 1000000097, 1203, '2019-06-28', '2019-06-30', 'Louis', 'Lomer', 'O', 6000.00, '2019-06-23 16:09:00'),
(1000000315, 1000000097, 1204, '2019-06-28', '2019-06-30', 'Louis', 'Lomer', 'O', 6000.00, '2019-06-23 16:09:00'),
(1000000316, 1000000097, 1205, '2019-06-28', '2019-06-30', 'Louis', 'Lomer', 'O', 6000.00, '2019-06-23 16:09:00'),
(1000000317, 1000000097, 1206, '2019-06-28', '2019-06-30', 'Louis', 'Lomer', 'O', 6000.00, '2019-06-23 16:09:00'),
(1000000318, 1000000097, 1207, '2019-06-28', '2019-06-30', 'Louis', 'Lomer', 'O', 6000.00, '2019-06-23 16:09:00'),
(1000000319, 1000000098, 1325, '2019-09-20', '2019-09-24', 'Paul', 'Walker', 'O', 20000.00, '2019-09-12 16:11:00'),
(1000000320, 1000000098, 1324, '2019-09-20', '2019-09-24', 'Paul', 'Walker', 'O', 20000.00, '2019-09-12 16:11:00'),
(1000000321, 1000000098, 1323, '2019-09-20', '2019-09-24', 'Paul', 'Walker', 'O', 20000.00, '2019-09-12 16:11:00'),
(1000000322, 1000000098, 1322, '2019-09-20', '2019-09-24', 'Paul', 'Walker', 'O', 20000.00, '2019-09-12 16:11:00'),
(1000000323, 1000000098, 1321, '2019-09-20', '2019-09-24', 'Paul', 'Walker', 'O', 20000.00, '2019-09-12 16:11:00'),
(1000000324, 1000000099, 1220, '2019-10-17', '2019-10-21', 'Pungjung', 'Pig', 'O', 7500.00, '2019-10-07 16:13:00'),
(1000000325, 1000000099, 1219, '2019-10-17', '2019-10-21', 'Pungjung', 'Pig', 'O', 7500.00, '2019-10-07 16:13:00'),
(1000000326, 1000000099, 1218, '2019-10-17', '2019-10-21', 'Pungjung', 'Pig', 'O', 7500.00, '2019-10-07 16:13:00'),
(1000000327, 1000000099, 1217, '2019-10-17', '2019-10-21', 'Pungjung', 'Pig', 'O', 7500.00, '2019-10-07 16:13:00'),
(1000000328, 1000000099, 1216, '2019-10-17', '2019-10-21', 'Pungjung', 'Pig', 'O', 7500.00, '2019-10-07 16:13:00'),
(1000000329, 1000000100, 1903, '2019-11-19', '2019-11-24', 'Pj', 'Dog', 'O', 12000.00, '2019-11-05 16:14:00'),
(1000000330, 1000000100, 1902, '2019-11-19', '2019-11-24', 'Pj', 'Dog', 'O', 12000.00, '2019-11-05 16:14:00'),
(1000000331, 1000000100, 1620, '2019-11-19', '2019-11-24', 'Pj', 'Dog', 'O', 12000.00, '2019-11-05 16:14:00'),
(1000000332, 1000000100, 1619, '2019-11-19', '2019-11-24', 'Pj', 'Dog', 'O', 12000.00, '2019-11-05 16:14:00'),
(1000000333, 1000000100, 1618, '2019-11-19', '2019-11-24', 'Pj', 'Dog', 'O', 12000.00, '2019-11-05 16:14:00'),
(1000000334, 1000000101, 1704, '2019-12-27', '2020-01-05', 'Glen', 'Joe', 'O', 28500.00, '2019-12-13 16:15:00'),
(1000000335, 1000000101, 1705, '2019-12-27', '2020-01-05', 'Glen', 'Joe', 'O', 28500.00, '2019-12-13 16:15:00'),
(1000000336, 1000000101, 1706, '2019-12-27', '2020-01-05', 'Glen', 'Joe', 'O', 28500.00, '2019-12-13 16:15:00'),
(1000000337, 1000000101, 1707, '2019-12-27', '2020-01-05', 'Glen', 'Joe', 'O', 28500.00, '2019-12-13 16:15:00'),
(1000000338, 1000000101, 1708, '2019-12-27', '2020-01-05', 'Glen', 'Joe', 'O', 28500.00, '2019-12-13 16:15:00'),
(1000000339, 1000000101, 1709, '2019-12-27', '2020-01-05', 'Glen', 'Joe', 'O', 28500.00, '2019-12-13 16:15:00'),
(1000000340, 1000000101, 1710, '2019-12-27', '2020-01-05', 'Glen', 'Joe', 'O', 28500.00, '2019-12-13 16:15:00'),
(1000000341, 1000000101, 1806, '2019-12-27', '2020-01-05', 'Glen', 'Joe', 'O', 28500.00, '2019-12-13 16:15:00'),
(1000000342, 1000000101, 1807, '2019-12-27', '2020-01-05', 'Glen', 'Joe', 'O', 28500.00, '2019-12-13 16:15:00'),
(1000000343, 1000000101, 1808, '2019-12-27', '2020-01-05', 'Glen', 'Joe', 'O', 28500.00, '2019-12-13 16:15:00'),
(1000000344, 1000000102, 1814, '2020-02-13', '2020-02-17', 'Ben', 'Ford', 'O', 18400.00, '2020-02-09 16:16:00'),
(1000000345, 1000000102, 1815, '2020-02-13', '2020-02-17', 'Ben', 'Ford', 'O', 18400.00, '2020-02-09 16:16:00'),
(1000000346, 1000000102, 1816, '2020-02-13', '2020-02-17', 'Ben', 'Ford', 'O', 18400.00, '2020-02-09 16:16:00'),
(1000000347, 1000000102, 1817, '2020-02-13', '2020-02-17', 'Ben', 'Ford', 'O', 18400.00, '2020-02-09 16:16:00'),
(1000000348, 1000000102, 1818, '2020-02-13', '2020-02-17', 'Ben', 'Ford', 'O', 18400.00, '2020-02-09 16:16:00'),
(1000000349, 1000000103, 1708, '2020-04-11', '2020-04-19', 'Cig', 'God', 'O', 27000.00, '2020-04-05 16:18:00'),
(1000000350, 1000000103, 1707, '2020-04-11', '2020-04-19', 'Cig', 'God', 'O', 27000.00, '2020-04-05 16:18:00'),
(1000000351, 1000000103, 1706, '2020-04-11', '2020-04-19', 'Cig', 'God', 'O', 27000.00, '2020-04-05 16:18:00'),
(1000000352, 1000000103, 1705, '2020-04-11', '2020-04-19', 'Cig', 'God', 'O', 27000.00, '2020-04-05 16:18:00'),
(1000000353, 1000000103, 1704, '2020-04-11', '2020-04-19', 'Cig', 'God', 'O', 27000.00, '2020-04-05 16:18:00'),
(1000000354, 1000000104, 1207, '2020-07-25', '2020-07-28', 'Pang', 'Jung', 'O', 8000.00, '2020-07-10 16:19:00'),
(1000000355, 1000000104, 1206, '2020-07-25', '2020-07-28', 'Pang', 'Jung', 'O', 8000.00, '2020-07-10 16:19:00'),
(1000000356, 1000000104, 1205, '2020-07-25', '2020-07-28', 'Pang', 'Jung', 'O', 8000.00, '2020-07-10 16:19:00'),
(1000000357, 1000000104, 1204, '2020-07-25', '2020-07-28', 'Pang', 'Jung', 'O', 8000.00, '2020-07-10 16:19:00'),
(1000000358, 1000000104, 1203, '2020-07-25', '2020-07-28', 'Pang', 'Jung', 'O', 8000.00, '2020-07-10 16:19:00'),
(1000000359, 1000000105, 1311, '2020-08-13', '2020-08-17', 'Harrison', 'Harriet', 'O', 14250.00, '2020-08-06 16:21:00'),
(1000000360, 1000000105, 1312, '2020-08-13', '2020-08-17', 'Harrison', 'Harriet', 'O', 14250.00, '2020-08-06 16:21:00'),
(1000000361, 1000000105, 1313, '2020-08-13', '2020-08-17', 'Harrison', 'Harriet', 'O', 14250.00, '2020-08-06 16:21:00'),
(1000000362, 1000000106, 1216, '2020-12-25', '2021-01-04', 'Graham', 'Alfred', 'O', 15450.00, '2020-12-01 16:22:00'),
(1000000363, 1000000106, 1217, '2020-12-25', '2021-01-04', 'Graham', 'Alfred', 'O', 15450.00, '2020-12-01 16:22:00'),
(1000000364, 1000000106, 1218, '2020-12-25', '2021-01-04', 'Graham', 'Alfred', 'O', 15450.00, '2020-12-01 16:22:00'),
(1000000365, 1000000106, 1219, '2020-12-25', '2021-01-04', 'Graham', 'Alfred', 'O', 15450.00, '2020-12-01 16:22:00'),
(1000000366, 1000000106, 1220, '2020-12-25', '2021-01-04', 'Graham', 'Alfred', 'O', 15450.00, '2020-12-01 16:22:00'),
(1000000367, 1000000107, 1201, '2021-01-01', '2021-01-05', 'Alexis', 'Sanchez', 'O', 14850.00, '2020-12-16 16:24:00'),
(1000000368, 1000000107, 1202, '2021-01-01', '2021-01-05', 'Alexis', 'Sanchez', 'O', 14850.00, '2020-12-16 16:24:00'),
(1000000369, 1000000107, 1311, '2021-01-01', '2021-01-05', 'Alexis', 'Sanchez', 'O', 14850.00, '2020-12-16 16:24:00'),
(1000000370, 1000000107, 1312, '2021-01-01', '2021-01-05', 'Alexis', 'Sanchez', 'O', 14850.00, '2020-12-16 16:24:00'),
(1000000371, 1000000107, 1313, '2021-01-01', '2021-01-05', 'Alexis', 'Sanchez', 'O', 14850.00, '2020-12-16 16:24:00'),
(1000000372, 1000000108, 1920, '2021-02-01', '2021-02-28', 'Michel', 'Oliver', 'O', 105400.00, '2021-01-19 16:26:00'),
(1000000373, 1000000109, 1619, '2021-03-06', '2021-03-14', 'Henderson', 'Jordan', 'C', 18000.00, '2021-03-01 16:28:00'),
(1000000374, 1000000109, 1618, '2021-03-06', '2021-03-14', 'Henderson', 'Jordan', 'O', 18000.00, '2021-03-01 16:28:00'),
(1000000375, 1000000110, 1910, '2021-04-01', '2021-04-17', 'Alexander', 'Anole', 'O', 47400.00, '2021-03-16 16:30:00'),
(1000000376, 1000000111, 1915, '2021-05-22', '2021-05-31', 'Virgil', 'Vandjik', 'O', 40000.00, '2021-05-10 16:31:00'),
(1000000377, 1000000111, 1914, '2021-05-22', '2021-05-31', 'Virgil', 'Vandjik', 'O', 40000.00, '2021-05-10 16:31:00'),
(1000000378, 1000000112, 1814, '2021-06-01', '2021-06-30', 'Beam', 'Natsarun', 'O', 120000.00, '2021-05-18 16:32:00'),
(1000000379, 1000000112, 1815, '2021-06-01', '2021-06-30', 'Beam', 'Natsarun', 'O', 120000.00, '2021-05-18 16:32:00'),
(1000000380, 1000000112, 1816, '2021-06-01', '2021-06-30', 'Beam', 'Natsarun', 'O', 120000.00, '2021-05-18 16:32:00'),
(1000000381, 1000000113, 1419, '2016-07-10', '2016-07-16', 'Lola', 'Lizzy', 'O', 14000.00, '2016-07-04 20:20:00'),
(1000000382, 1000000113, 1420, '2016-07-10', '2016-07-16', 'Lola', 'Lizzy', 'O', 14000.00, '2016-07-04 20:20:00'),
(1000000383, 1000000113, 1601, '2016-07-10', '2016-07-16', 'Lola', 'Lizzy', 'O', 14000.00, '2016-07-04 20:20:00'),
(1000000384, 1000000113, 1214, '2016-07-10', '2016-07-16', 'Lola', 'Lizzy', 'O', 14000.00, '2016-07-04 20:20:00'),
(1000000385, 1000000113, 1215, '2016-07-10', '2016-07-16', 'Lola', 'Lizzy', 'O', 14000.00, '2016-07-04 20:20:00'),
(1000000386, 1000000113, 1306, '2016-07-10', '2016-07-16', 'Lola', 'Lizzy', 'O', 14000.00, '2016-07-04 20:20:00'),
(1000000387, 1000000113, 1417, '2016-07-10', '2016-07-16', 'Lola', 'Lizzy', 'O', 14000.00, '2016-07-04 20:20:00'),
(1000000388, 1000000113, 1416, '2016-07-10', '2016-07-16', 'Lola', 'Lizzy', 'O', 14000.00, '2016-07-04 20:20:00'),
(1000000389, 1000000113, 1415, '2016-07-10', '2016-07-16', 'Lola', 'Lizzy', 'O', 14000.00, '2016-07-04 20:20:00'),
(1000000390, 1000000114, 1218, '2016-08-15', '2016-08-19', 'Lozo', 'Latte', 'O', 7500.00, '2016-08-08 20:20:00'),
(1000000391, 1000000114, 1219, '2016-08-15', '2016-08-19', 'Lozo', 'Latte', 'O', 7500.00, '2016-08-08 20:20:00'),
(1000000392, 1000000114, 1803, '2016-08-15', '2016-08-19', 'Lozo', 'Latte', 'O', 7500.00, '2016-08-08 20:20:00'),
(1000000393, 1000000114, 1802, '2016-08-15', '2016-08-19', 'Lozo', 'Latte', 'O', 7500.00, '2016-08-08 20:20:00'),
(1000000394, 1000000114, 1801, '2016-08-15', '2016-08-19', 'Lozo', 'Latte', 'O', 7500.00, '2016-08-08 20:20:00'),
(1000000395, 1000000114, 1514, '2016-08-15', '2016-08-19', 'Lozo', 'Latte', 'O', 7500.00, '2016-08-08 20:20:00'),
(1000000396, 1000000114, 1513, '2016-08-15', '2016-08-19', 'Lozo', 'Latte', 'O', 7500.00, '2016-08-08 20:20:00'),
(1000000397, 1000000114, 1512, '2016-08-15', '2016-08-19', 'Lozo', 'Latte', 'O', 7500.00, '2016-08-08 20:20:00'),
(1000000398, 1000000114, 1511, '2016-08-15', '2016-08-19', 'Lozo', 'Latte', 'O', 7500.00, '2016-08-08 20:20:00'),
(1000000399, 1000000114, 1305, '2016-08-15', '2016-08-19', 'Lozo', 'Latte', 'O', 7500.00, '2016-08-08 20:20:00'),
(1000000400, 1000000114, 1304, '2016-08-15', '2016-08-19', 'Lozo', 'Latte', 'O', 7500.00, '2016-08-08 20:20:00'),
(1000000401, 1000000114, 1303, '2016-08-15', '2016-08-19', 'Lozo', 'Latte', 'O', 7500.00, '2016-08-08 20:20:00'),
(1000000402, 1000000115, 1203, '2016-09-13', '2016-09-17', 'Pupae', 'Susa', 'O', 10000.00, '2016-08-31 20:20:00'),
(1000000403, 1000000115, 1204, '2016-09-13', '2016-09-17', 'Pupae', 'Susa', 'O', 10000.00, '2016-08-31 20:20:00'),
(1000000404, 1000000115, 1205, '2016-09-13', '2016-09-17', 'Pupae', 'Susa', 'O', 10000.00, '2016-08-31 20:20:00'),
(1000000405, 1000000115, 1206, '2016-09-13', '2016-09-17', 'Pupae', 'Susa', 'O', 10000.00, '2016-08-31 20:20:00'),
(1000000406, 1000000115, 1424, '2016-09-12', '2016-09-16', 'Lisa', 'Lalalin', 'O', 15000.00, '2016-09-03 20:20:00'),
(1000000407, 1000000115, 1425, '2016-09-12', '2016-09-16', 'Lisa', 'Lalalin', 'O', 15000.00, '2016-09-03 20:20:00'),
(1000000408, 1000000115, 1501, '2016-09-12', '2016-09-16', 'Lisa', 'Lalalin', 'O', 15000.00, '2016-09-03 20:20:00'),
(1000000409, 1000000115, 1502, '2016-09-12', '2016-09-16', 'Lisa', 'Lalalin', 'O', 15000.00, '2016-09-03 20:20:00'),
(1000000410, 1000000115, 1505, '2016-09-12', '2016-09-16', 'Lisa', 'Lalalin', 'O', 15000.00, '2016-09-03 20:20:00'),
(1000000411, 1000000115, 1506, '2016-09-12', '2016-09-16', 'Lisa', 'Lalalin', 'O', 15000.00, '2016-09-03 20:20:00'),
(1000000412, 1000000115, 1507, '2016-09-12', '2016-09-16', 'Lisa', 'Lalalin', 'O', 15000.00, '2016-09-03 20:20:00'),
(1000000413, 1000000115, 1508, '2016-09-12', '2016-09-16', 'Lisa', 'Lalalin', 'O', 15000.00, '2016-09-03 20:20:00'),
(1000000414, 1000000116, 1612, '2016-10-03', '2016-10-08', 'Gogli', 'Malayni', 'O', 12000.00, '2016-09-30 20:20:00'),
(1000000415, 1000000116, 1611, '2016-10-03', '2016-10-08', 'Gogli', 'Malayni', 'O', 12000.00, '2016-09-30 20:20:00'),
(1000000416, 1000000116, 1605, '2016-10-03', '2016-10-08', 'Gogli', 'Malayni', 'O', 12000.00, '2016-09-30 20:20:00'),
(1000000417, 1000000116, 1602, '2016-10-03', '2016-10-08', 'Gogli', 'Malayni', 'O', 12000.00, '2016-09-30 20:20:00'),
(1000000418, 1000000116, 1601, '2016-10-03', '2016-10-08', 'Gogli', 'Malayni', 'O', 12000.00, '2016-09-30 20:20:00'),
(1000000419, 1000000116, 1420, '2016-10-03', '2016-10-08', 'Gogli', 'Malayni', 'O', 12000.00, '2016-09-30 20:20:00'),
(1000000420, 1000000117, 1203, '2016-11-16', '2016-11-20', 'Mani', 'Polae', 'O', 10000.00, '2016-11-02 20:20:00'),
(1000000421, 1000000117, 1204, '2016-11-16', '2016-11-20', 'Mani', 'Polae', 'O', 10000.00, '2016-11-02 20:20:00'),
(1000000422, 1000000117, 1205, '2016-11-16', '2016-11-20', 'Mani', 'Polae', 'O', 10000.00, '2016-11-02 20:20:00'),
(1000000423, 1000000117, 1206, '2016-11-16', '2016-11-20', 'Mani', 'Polae', 'O', 10000.00, '2016-11-02 20:20:00'),
(1000000424, 1000000117, 1207, '2016-11-16', '2016-11-20', 'Mani', 'Polae', 'O', 10000.00, '2016-11-02 20:20:00'),
(1000000425, 1000000117, 1208, '2016-11-16', '2016-11-20', 'Mani', 'Polae', 'O', 10000.00, '2016-11-02 20:20:00'),
(1000000426, 1000000118, 1808, '2018-07-14', '2018-07-21', 'Natsarun', 'Rooncharoen', 'O', 24000.00, '2018-07-06 18:57:00'),
(1000000427, 1000000118, 1807, '2018-07-14', '2018-07-21', 'Natsarun', 'Rooncharoen', 'O', 24000.00, '2018-07-06 18:57:00'),
(1000000428, 1000000118, 1806, '2018-07-14', '2018-07-21', 'Natsarun', 'Rooncharoen', 'O', 24000.00, '2018-07-06 18:57:00'),
(1000000429, 1000000119, 1617, '2018-08-24', '2018-08-31', 'Robin', 'Hood', 'O', 16000.00, '2018-08-20 18:58:00'),
(1000000430, 1000000119, 1616, '2018-08-24', '2018-08-31', 'Robin', 'Hood', 'O', 16000.00, '2018-08-20 18:58:00'),
(1000000431, 1000000119, 1615, '2018-08-24', '2018-08-31', 'Robin', 'Hood', 'O', 16000.00, '2018-08-20 18:58:00'),
(1000000432, 1000000119, 1614, '2018-08-24', '2018-08-31', 'Robin', 'Hood', 'O', 16000.00, '2018-08-20 18:58:00'),
(1000000433, 1000000119, 1613, '2018-08-24', '2018-08-31', 'Robin', 'Hood', 'O', 16000.00, '2018-08-20 18:58:00'),
(1000000434, 1000000120, 2203, '2017-05-19', '2017-05-23', 'Momo', 'Land', 'O', 10000.00, '2017-05-09 18:59:00'),
(1000000435, 1000000120, 2202, '2017-05-19', '2017-05-23', 'Momo', 'Land', 'O', 10000.00, '2017-05-09 18:59:00'),
(1000000436, 1000000120, 2201, '2017-05-19', '2017-05-23', 'Momo', 'Land', 'O', 10000.00, '2017-05-09 18:59:00'),
(1000000437, 1000000120, 2204, '2017-05-19', '2017-05-23', 'Momo', 'Land', 'O', 10000.00, '2017-05-09 18:59:00'),
(1000000438, 1000000120, 2205, '2017-05-19', '2017-05-23', 'Momo', 'Land', 'O', 10000.00, '2017-05-09 18:59:00'),
(1000000439, 1000000120, 2206, '2017-05-19', '2017-05-23', 'Momo', 'Land', 'O', 10000.00, '2017-05-09 18:59:00'),
(1000000440, 1000000121, 2212, '2017-07-02', '2017-07-08', 'Koko', 'Nichibunya', 'O', 10500.00, '2017-07-05 19:00:00'),
(1000000441, 1000000121, 2213, '2017-07-02', '2017-07-08', 'Koko', 'Nichibunya', 'O', 10500.00, '2017-07-05 19:00:00'),
(1000000442, 1000000121, 2214, '2017-07-02', '2017-07-08', 'Koko', 'Nichibunya', 'O', 10500.00, '2017-07-05 19:00:00'),
(1000000443, 1000000121, 2215, '2017-07-02', '2017-07-08', 'Koko', 'Nichibunya', 'O', 10500.00, '2017-07-05 19:00:00'),
(1000000444, 1000000121, 1821, '2017-07-02', '2017-07-08', 'Koko', 'Nichibunya', 'O', 10500.00, '2017-07-05 19:00:00'),
(1000000445, 1000000121, 1822, '2017-07-02', '2017-07-08', 'Koko', 'Nichibunya', 'O', 10500.00, '2017-07-05 19:00:00');
INSERT INTO `bookingdetail` (`bookingDetailID`, `bookingID`, `roomID`, `checkIn`, `checkOut`, `guestFirstName`, `guestLastName`, `status`, `price`, `dateTime`) VALUES
(1000000446, 1000000121, 1823, '2017-07-02', '2017-07-08', 'Koko', 'Nichibunya', 'O', 10500.00, '2017-07-05 19:00:00'),
(1000000447, 1000000121, 1824, '2017-07-02', '2017-07-08', 'Koko', 'Nichibunya', 'O', 10500.00, '2017-07-05 19:00:00'),
(1000000448, 1000000123, 1101, '2017-08-06', '2017-08-13', 'Nuna', 'Numprapao', 'O', 64000.00, '2017-07-31 19:02:00'),
(1000000449, 1000000123, 1102, '2017-08-06', '2017-08-13', 'Nuna', 'Numprapao', 'O', 64000.00, '2017-07-31 19:02:00'),
(1000000450, 1000000120, 1708, '2018-09-21', '2018-09-25', 'Issara', 'Hata', 'O', 15000.00, '2018-09-14 19:03:00'),
(1000000451, 1000000120, 1707, '2018-09-21', '2018-09-25', 'Issara', 'Hata', 'O', 15000.00, '2018-09-14 19:03:00'),
(1000000452, 1000000120, 1706, '2018-09-21', '2018-09-25', 'Issara', 'Hata', 'O', 15000.00, '2018-09-14 19:03:00'),
(1000000453, 1000000120, 1705, '2018-09-21', '2018-09-25', 'Issara', 'Hata', 'O', 15000.00, '2018-09-14 19:03:00'),
(1000000454, 1000000120, 1704, '2018-09-21', '2018-09-25', 'Issara', 'Hata', 'O', 15000.00, '2018-09-14 19:03:00'),
(1000000455, 1000000123, 1415, '2017-09-15', '2017-09-20', 'Lily', 'Macro', 'O', 12000.00, '2017-09-01 19:04:00'),
(1000000456, 1000000123, 1416, '2017-09-15', '2017-09-20', 'Lily', 'Macro', 'O', 12000.00, '2017-09-01 19:04:00'),
(1000000457, 1000000123, 1417, '2017-09-15', '2017-09-20', 'Lily', 'Macro', 'O', 12000.00, '2017-09-01 19:04:00'),
(1000000458, 1000000123, 1418, '2017-09-15', '2017-09-20', 'Lily', 'Macro', 'O', 12000.00, '2017-09-01 19:04:00'),
(1000000459, 1000000123, 1419, '2017-09-15', '2017-09-20', 'Lily', 'Macro', 'O', 12000.00, '2017-09-01 19:04:00'),
(1000000460, 1000000123, 1420, '2017-09-15', '2017-09-20', 'Lily', 'Macro', 'O', 12000.00, '2017-09-01 19:04:00'),
(1000000461, 1000000122, 1308, '2019-03-04', '2019-04-11', 'Eleanor', 'Scarlett', 'O', 78000.00, '2019-02-28 19:22:00'),
(1000000462, 1000000122, 1309, '2019-03-04', '2019-04-11', 'Eleanor', 'Scarlett', 'O', 78000.00, '2019-02-28 19:22:00'),
(1000000463, 1000000122, 1310, '2019-03-04', '2019-04-11', 'Eleanor', 'Scarlett', 'O', 78000.00, '2019-02-28 19:22:00'),
(1000000464, 1000000122, 1307, '2019-03-04', '2019-04-11', 'Eleanor', 'Scarlett', 'O', 78000.00, '2019-02-28 19:22:00'),
(1000000465, 1000000122, 1308, '2019-03-04', '2019-04-11', 'Eleanor', 'Scarlett', 'O', 78000.00, '2019-02-28 19:22:00'),
(1000000466, 1000000122, 1309, '2019-03-04', '2019-04-11', 'Eleanor', 'Scarlett', 'O', 78000.00, '2019-02-28 19:22:00'),
(1000000467, 1000000122, 1310, '2019-03-04', '2019-04-11', 'Eleanor', 'Scarlett', 'O', 78000.00, '2019-02-28 19:22:00'),
(1000000468, 1000000122, 1307, '2019-03-04', '2019-04-11', 'Eleanor', 'Scarlett', 'O', 78000.00, '2019-02-28 19:22:00'),
(1000000469, 1000000122, 1308, '2019-02-05', '2019-02-09', 'Eleanor', 'Scarlett', 'O', 10000.00, '2019-01-31 19:23:00'),
(1000000470, 1000000122, 1309, '2019-02-05', '2019-02-09', 'Eleanor', 'Scarlett', 'O', 10000.00, '2019-01-31 19:23:00'),
(1000000471, 1000000122, 1310, '2019-02-05', '2019-02-09', 'Eleanor', 'Scarlett', 'O', 10000.00, '2019-01-31 19:23:00'),
(1000000472, 1000000122, 1307, '2019-02-05', '2019-02-09', 'Eleanor', 'Scarlett', 'O', 10000.00, '2019-01-31 19:23:00'),
(1000000473, 1000000122, 1308, '2019-02-05', '2019-02-09', 'Eleanor', 'Scarlett', 'O', 10000.00, '2019-01-31 19:23:00'),
(1000000474, 1000000122, 1309, '2019-02-05', '2019-02-09', 'Eleanor', 'Scarlett', 'O', 10000.00, '2019-01-31 19:23:00'),
(1000000475, 1000000122, 1310, '2019-02-05', '2019-02-09', 'Eleanor', 'Scarlett', 'O', 10000.00, '2019-01-31 19:23:00'),
(1000000476, 1000000122, 1307, '2019-02-05', '2019-02-09', 'Eleanor', 'Scarlett', 'O', 10000.00, '2019-01-31 19:23:00'),
(1000000477, 1000000124, 1313, '2019-03-13', '2019-03-16', 'Colin', 'Paul', 'O', 12000.00, '2019-03-05 19:08:00'),
(1000000478, 1000000124, 1314, '2019-03-13', '2019-03-16', 'Colin', 'Paul', 'O', 12000.00, '2019-03-05 19:08:00'),
(1000000479, 1000000124, 1315, '2019-03-13', '2019-03-16', 'Colin', 'Paul', 'O', 12000.00, '2019-03-05 19:08:00'),
(1000000480, 1000000124, 1316, '2019-03-13', '2019-03-16', 'Colin', 'Paul', 'O', 12000.00, '2019-03-05 19:08:00'),
(1000000481, 1000000125, 1516, '2019-06-14', '2019-06-16', 'Ford', 'Bravo', 'O', 12000.00, '2019-06-01 19:10:00'),
(1000000482, 1000000125, 1517, '2019-06-14', '2019-06-16', 'Ford', 'Bravo', 'O', 12000.00, '2019-06-01 19:10:00'),
(1000000483, 1000000125, 1518, '2019-06-14', '2019-06-16', 'Ford', 'Bravo', 'O', 12000.00, '2019-06-01 19:10:00'),
(1000000484, 1000000125, 1519, '2019-06-14', '2019-06-16', 'Ford', 'Bravo', 'O', 12000.00, '2019-06-01 19:10:00'),
(1000000485, 1000000125, 1520, '2019-06-14', '2019-06-16', 'Ford', 'Bravo', 'O', 12000.00, '2019-06-01 19:10:00'),
(1000000486, 1000000126, 1216, '2019-04-10', '2019-04-16', 'Estanbul', 'Lalabi', 'O', 10500.00, '2019-04-02 19:11:00'),
(1000000487, 1000000126, 1217, '2019-04-10', '2019-04-16', 'Estanbul', 'Lalabi', 'O', 10500.00, '2019-04-02 19:11:00'),
(1000000488, 1000000126, 1221, '2019-04-10', '2019-04-16', 'Estanbul', 'Lalabi', 'O', 10500.00, '2019-04-02 19:11:00'),
(1000000489, 1000000126, 1222, '2019-04-10', '2019-04-16', 'Estanbul', 'Lalabi', 'O', 10500.00, '2019-04-02 19:11:00'),
(1000000490, 1000000126, 1223, '2019-04-10', '2019-04-16', 'Estanbul', 'Lalabi', 'O', 10500.00, '2019-04-02 19:11:00'),
(1000000491, 1000000126, 1224, '2019-04-10', '2019-04-16', 'Estanbul', 'Lalabi', 'O', 10500.00, '2019-04-02 19:11:00'),
(1000000492, 1000000126, 1225, '2019-04-10', '2019-04-16', 'Estanbul', 'Lalabi', 'O', 10500.00, '2019-04-02 19:11:00'),
(1000000493, 1000000126, 1301, '2019-04-10', '2019-04-16', 'Estanbul', 'Lalabi', 'O', 10500.00, '2019-04-02 19:11:00'),
(1000000494, 1000000126, 1302, '2019-04-10', '2019-04-16', 'Estanbul', 'Lalabi', 'O', 10500.00, '2019-04-02 19:11:00'),
(1000000495, 1000000126, 1303, '2019-04-10', '2019-04-16', 'Estanbul', 'Lalabi', 'O', 10500.00, '2019-04-02 19:11:00'),
(1000000496, 1000000126, 1304, '2019-04-10', '2019-04-16', 'Estanbul', 'Lalabi', 'O', 10500.00, '2019-04-02 19:11:00'),
(1000000497, 1000000127, 1206, '2019-01-10', '2019-01-13', 'Penelope', 'Layla', 'O', 8000.00, '2018-12-31 19:12:00'),
(1000000498, 1000000127, 1207, '2019-01-10', '2019-01-13', 'Penelope', 'Layla', 'O', 8000.00, '2018-12-31 19:12:00'),
(1000000500, 1000000128, 1811, '2019-02-12', '2019-02-15', 'Kasun', 'George', 'O', 15200.00, '2019-01-31 19:13:00'),
(1000000501, 1000000129, 1207, '2019-03-06', '2019-03-07', 'Jasy', 'Hang', 'O', 4000.00, '2019-02-28 19:14:00'),
(1000000502, 1000000129, 1206, '2019-03-06', '2019-03-07', 'Jasy', 'Hang', 'O', 4000.00, '2019-02-28 19:14:00'),
(1000000503, 1000000130, 1311, '2019-05-03', '2019-05-05', 'Grace', 'Aria', 'O', 9000.00, '2019-04-30 19:17:00'),
(1000000504, 1000000130, 1312, '2019-05-03', '2019-05-05', 'Grace', 'Aria', 'O', 9000.00, '2019-04-30 19:17:00'),
(1000000505, 1000000130, 1313, '2019-05-03', '2019-05-05', 'Grace', 'Aria', 'O', 9000.00, '2019-04-30 19:17:00'),
(1000000506, 1000000131, 1308, '2019-06-07', '2019-06-09', 'Victoria', 'Violet', 'O', 6000.00, '2019-06-01 19:18:00'),
(1000000507, 1000000131, 1309, '2019-06-07', '2019-06-09', 'Victoria', 'Violet', 'O', 6000.00, '2019-06-01 19:18:00'),
(1000000508, 1000000131, 1310, '2019-06-07', '2019-06-09', 'Victoria', 'Violet', 'O', 6000.00, '2019-06-01 19:18:00'),
(1000000509, 1000000132, 1419, '2019-06-21', '2019-06-23', 'Lily', 'Zoey', 'O', 5700.00, '2019-06-01 19:18:00'),
(1000000510, 1000000132, 1420, '2019-06-21', '2019-06-23', 'Lily', 'Zoey', 'O', 5700.00, '2019-06-01 19:18:00'),
(1000000511, 1000000133, 1820, '2019-07-20', '2019-07-23', 'Nova', 'Zoe', 'O', 16000.00, '2019-06-30 19:19:00'),
(1000000512, 1000000133, 1913, '2019-07-20', '2019-07-23', 'Nova', 'Zoe', 'O', 16000.00, '2019-06-30 19:19:00'),
(1000000513, 1000000133, 1914, '2019-07-20', '2019-07-23', 'Nova', 'Zoe', 'O', 16000.00, '2019-06-30 19:19:00'),
(1000000514, 1000000133, 1915, '2019-07-20', '2019-07-23', 'Nova', 'Zoe', 'O', 16000.00, '2019-06-30 19:19:00'),
(1000000515, 1000000133, 2103, '2019-06-15', '2019-06-15', 'Paisley', 'Lucy', 'O', 15000.00, '2019-06-05 19:20:00'),
(1000000516, 1000000134, 1202, '2019-08-10', '2019-08-17', 'Bella', 'Maya', 'O', 24000.00, '2019-07-31 19:21:00'),
(1000000517, 1000000134, 1201, '2019-08-10', '2019-08-17', 'Bella', 'Maya', 'O', 24000.00, '2019-07-31 19:21:00'),
(1000000518, 1000000135, 1309, '2019-09-06', '2019-09-13', 'Anna', 'Caroline', 'O', 16000.00, '2019-09-01 19:22:00'),
(1000000519, 1000000135, 1310, '2019-09-06', '2019-09-13', 'Anna', 'Caroline', 'O', 16000.00, '2019-09-01 19:22:00'),
(1000000520, 1000000136, 1618, '2019-10-10', '2019-10-14', 'Natalia', 'Quinn', 'O', 10000.00, '2019-09-30 19:22:00'),
(1000000521, 1000000136, 1619, '2019-10-10', '2019-10-14', 'Natalia', 'Quinn', 'O', 10000.00, '2019-09-30 19:22:00'),
(1000000522, 1000000136, 1620, '2019-10-10', '2019-10-14', 'Natalia', 'Quinn', 'O', 10000.00, '2019-09-30 19:22:00'),
(1000000523, 1000000136, 1902, '2019-10-10', '2019-10-14', 'Natalia', 'Quinn', 'O', 10000.00, '2019-09-30 19:22:00'),
(1000000524, 1000000136, 1903, '2019-10-10', '2019-10-14', 'Natalia', 'Quinn', 'O', 10000.00, '2019-09-30 19:22:00'),
(1000000525, 1000000136, 1613, '2019-10-10', '2019-10-14', 'Natalia', 'Quinn', 'O', 10000.00, '2019-09-30 19:22:00'),
(1000000526, 1000000136, 1614, '2019-10-10', '2019-10-14', 'Natalia', 'Quinn', 'O', 10000.00, '2019-09-30 19:22:00'),
(1000000527, 1000000136, 1615, '2019-10-10', '2019-10-14', 'Natalia', 'Quinn', 'O', 10000.00, '2019-09-30 19:22:00'),
(1000000528, 1000000136, 1616, '2019-10-10', '2019-10-14', 'Natalia', 'Quinn', 'O', 10000.00, '2019-09-30 19:22:00'),
(1000000529, 1000000136, 1617, '2019-10-10', '2019-10-14', 'Natalia', 'Quinn', 'O', 10000.00, '2019-09-30 19:22:00'),
(1000000530, 1000000137, 1621, '2019-11-15', '2019-11-17', 'Julia', 'Mary', 'O', 9000.00, '2019-11-03 19:23:00'),
(1000000531, 1000000137, 1622, '2019-11-15', '2019-11-17', 'Julia', 'Mary', 'O', 9000.00, '2019-11-03 19:23:00'),
(1000000532, 1000000138, 2101, '2019-11-16', '2019-11-17', 'Charlie', 'Remi', 'O', 16000.00, '2019-11-05 19:24:00'),
(1000000533, 1000000138, 2102, '2019-11-16', '2019-11-17', 'Charlie', 'Remi', 'O', 16000.00, '2019-11-05 19:24:00'),
(1000000534, 1000000139, 1312, '2019-12-27', '2020-01-01', 'Iris', 'Parker', 'O', 17100.00, '2019-12-02 19:25:00'),
(1000000535, 1000000140, 1913, '2019-01-11', '2019-01-13', 'Arie', 'Lyra', 'O', 12000.00, '2019-01-01 19:28:00'),
(1000000536, 1000000140, 1914, '2019-01-11', '2019-01-13', 'Arie', 'Lyra', 'O', 12000.00, '2019-01-01 19:28:00'),
(1000000537, 1000000141, 1315, '2019-02-16', '2019-02-17', 'Olive', 'Alia', 'O', 6000.00, '2019-02-04 19:29:00'),
(1000000538, 1000000142, 1103, '2019-02-23', '2019-02-23', 'Zuri', 'Brooke', 'O', 15000.00, '2019-02-14 19:33:00'),
(1000000539, 1000000143, 1312, '2019-01-20', '2019-01-25', 'Brooke', 'Lola', 'O', 18000.00, '2019-01-14 19:34:00'),
(1000000540, 1000000143, 1313, '2019-01-20', '2019-01-25', 'Brooke', 'Lola', 'O', 18000.00, '2019-01-14 19:34:00'),
(1000000541, 1000000144, 1207, '2019-03-15', '2019-03-17', 'Lola', 'Pala', 'O', 6000.00, '2019-02-28 19:35:00'),
(1000000542, 1000000144, 1208, '2019-03-15', '2019-03-17', 'Lola', 'Pala', 'O', 6000.00, '2019-02-28 19:35:00'),
(1000000543, 1000000145, 1512, '2019-06-08', '2019-06-16', 'Kali', 'Alivia', 'O', 13500.00, '2019-06-02 19:36:00'),
(1000000544, 1000000145, 1513, '2019-06-08', '2019-06-16', 'Kali', 'Alivia', 'O', 13500.00, '2019-06-02 19:36:00'),
(1000000545, 1000000146, 1621, '2019-09-14', '2019-09-15', 'Joanna', 'Camilla', 'O', 6000.00, '2019-08-31 19:37:00'),
(1000000546, 1000000146, 1622, '2019-09-14', '2019-09-15', 'Joanna', 'Camilla', 'O', 6000.00, '2019-08-31 19:37:00'),
(1000000547, 1000000147, 1418, '2018-01-13', '2018-01-15', 'Tesla', 'Oak', 'O', 6000.00, '2017-12-31 19:38:00'),
(1000000548, 1000000147, 1419, '2018-01-13', '2018-01-15', 'Tesla', 'Oak', 'O', 6000.00, '2017-12-31 19:38:00'),
(1000000549, 1000000147, 1420, '2018-01-13', '2018-01-15', 'Tesla', 'Oak', 'O', 6000.00, '2017-12-31 19:38:00'),
(1000000550, 1000000148, 1420, '2018-02-09', '2018-02-11', 'Amira', 'Ammy', 'O', 6000.00, '2018-01-31 19:41:00'),
(1000000551, 1000000149, 1414, '2018-03-24', '2018-03-26', 'Lisa', 'Halo', 'O', 6000.00, '2018-03-01 19:42:00'),
(1000000552, 1000000149, 1415, '2018-03-24', '2018-03-26', 'Lisa', 'Halo', 'O', 6000.00, '2018-03-01 19:42:00'),
(1000000553, 1000000150, 1301, '2018-04-06', '2018-04-14', 'Maggie', 'Leia', 'O', 13275.00, '2018-03-31 19:42:00'),
(1000000554, 1000000150, 1302, '2018-04-06', '2018-04-14', 'Maggie', 'Leia', 'O', 13275.00, '2018-03-31 19:42:00'),
(1000000555, 1000000150, 1303, '2018-04-06', '2018-04-14', 'Maggie', 'Leia', 'O', 13275.00, '2018-03-31 19:42:00'),
(1000000556, 1000000150, 1304, '2018-04-06', '2018-04-14', 'Maggie', 'Leia', 'O', 13275.00, '2018-03-31 19:42:00'),
(1000000557, 1000000150, 1305, '2018-04-06', '2018-04-14', 'Maggie', 'Leia', 'O', 13275.00, '2018-03-31 19:42:00'),
(1000000558, 1000000150, 1406, '2018-04-06', '2018-04-14', 'Maggie', 'Leia', 'O', 13275.00, '2018-03-31 19:42:00'),
(1000000559, 1000000150, 1407, '2018-04-06', '2018-04-14', 'Maggie', 'Leia', 'O', 13275.00, '2018-03-31 19:42:00'),
(1000000560, 1000000150, 1408, '2018-04-06', '2018-04-14', 'Maggie', 'Leia', 'O', 13275.00, '2018-03-31 19:42:00'),
(1000000561, 1000000150, 1409, '2018-04-06', '2018-04-14', 'Maggie', 'Leia', 'O', 13275.00, '2018-03-31 19:42:00'),
(1000000562, 1000000150, 1410, '2018-04-06', '2018-04-14', 'Maggie', 'Leia', 'O', 13275.00, '2018-03-31 19:42:00'),
(1000000563, 1000000151, 1216, '2018-05-18', '2018-05-20', 'Fiona', 'Journey', 'O', 4500.00, '2018-05-03 19:44:00'),
(1000000564, 1000000151, 1206, '2018-05-18', '2018-05-20', 'Briella', 'Journey', 'O', 6000.00, '2018-05-03 19:44:00'),
(1000000565, 1000000152, 1604, '2018-06-08', '2018-06-09', 'Kaia', 'Thea', 'O', 4000.00, '2018-05-31 19:45:00'),
(1000000566, 1000000152, 1605, '2018-06-08', '2018-06-09', 'Kaia', 'Thea', 'O', 4000.00, '2018-05-31 19:45:00'),
(1000000567, 1000000153, 1221, '2018-07-13', '2018-07-15', 'Juliet', 'Alex', 'O', 4500.00, '2018-07-04 19:50:00'),
(1000000568, 1000000153, 1222, '2018-07-13', '2018-07-15', 'Juliet', 'Alex', 'O', 4500.00, '2018-07-04 19:50:00'),
(1000000569, 1000000153, 1223, '2018-07-13', '2018-07-15', 'Juliet', 'Alex', 'O', 4500.00, '2018-07-04 19:50:00'),
(1000000570, 1000000153, 1224, '2018-07-13', '2018-07-15', 'Juliet', 'Alex', 'O', 4500.00, '2018-07-04 19:50:00'),
(1000000571, 1000000153, 1225, '2018-07-13', '2018-07-15', 'Juliet', 'Alex', 'O', 4500.00, '2018-07-04 19:50:00'),
(1000000572, 1000000153, 1721, '2018-07-13', '2018-07-15', 'Juliet', 'Alex', 'O', 4500.00, '2018-07-04 19:50:00'),
(1000000573, 1000000153, 1722, '2018-07-13', '2018-07-15', 'Juliet', 'Alex', 'O', 4500.00, '2018-07-04 19:50:00'),
(1000000574, 1000000153, 1723, '2018-07-13', '2018-07-15', 'Juliet', 'Alex', 'O', 4500.00, '2018-07-04 19:50:00'),
(1000000575, 1000000153, 1724, '2018-07-13', '2018-07-15', 'Juliet', 'Alex', 'O', 4500.00, '2018-07-04 19:50:00'),
(1000000576, 1000000153, 1725, '2018-07-13', '2018-07-15', 'Juliet', 'Alex', 'O', 4500.00, '2018-07-04 19:50:00'),
(1000000577, 1000000153, 1511, '2018-07-13', '2018-07-15', 'Juliet', 'Alex', 'O', 4500.00, '2018-07-04 19:50:00'),
(1000000578, 1000000153, 1512, '2018-07-13', '2018-07-15', 'Juliet', 'Alex', 'O', 4500.00, '2018-07-04 19:50:00'),
(1000000579, 1000000153, 1513, '2018-07-13', '2018-07-15', 'Juliet', 'Alex', 'O', 4500.00, '2018-07-04 19:50:00'),
(1000000580, 1000000154, 1420, '2018-07-20', '2018-07-22', 'Harlow', 'Sutton', 'O', 6000.00, '2018-07-04 19:50:00'),
(1000000581, 1000000154, 1419, '2018-07-20', '2018-07-22', 'Harlow', 'Sutton', 'O', 6000.00, '2018-07-04 19:50:00'),
(1000000582, 1000000155, 1214, '2018-08-10', '2018-08-12', 'Apollo', 'Kian', 'O', 6000.00, '2018-07-31 19:51:00'),
(1000000583, 1000000155, 1215, '2018-08-10', '2018-08-12', 'Apollo', 'Kian', 'O', 6000.00, '2018-07-31 19:51:00'),
(1000000584, 1000000156, 1209, '2018-09-14', '2018-09-16', 'Caydan', 'Ronan', 'O', 6000.00, '2018-09-02 19:53:00'),
(1000000585, 1000000156, 1210, '2018-09-14', '2018-09-16', 'Caydan', 'Ronan', 'C', 6000.00, '2018-09-02 19:53:00'),
(1000000586, 1000000157, 1424, '2018-09-21', '2018-09-24', 'Armando', 'Bruce', 'O', 12000.00, '2018-09-12 19:53:00'),
(1000000587, 1000000157, 1425, '2018-09-21', '2018-09-24', 'Armando', 'Bruce', 'O', 12000.00, '2018-09-12 19:53:00'),
(1000000588, 1000000158, 1504, '2018-10-13', '2018-10-16', 'Pierce', 'Lewis', 'O', 12000.00, '2018-09-30 19:57:00'),
(1000000589, 1000000158, 1505, '2018-10-13', '2018-10-16', 'Pierce', 'Lewis', 'O', 12000.00, '2018-09-30 19:57:00'),
(1000000590, 1000000159, 1419, '2018-10-12', '2018-10-14', 'Soren', 'Emmitt', 'O', 6000.00, '2018-09-30 19:57:00'),
(1000000591, 1000000159, 1420, '2018-10-12', '2018-10-14', 'Soren', 'Emmitt', 'O', 6000.00, '2018-09-30 19:57:00'),
(1000000592, 1000000160, 1603, '2018-11-13', '2018-11-16', 'Jayson', 'Callen', 'O', 8000.00, '2018-11-01 19:57:00'),
(1000000593, 1000000160, 1604, '2018-11-13', '2018-11-16', 'Jayson', 'Callen', 'O', 8000.00, '2018-11-01 19:57:00'),
(1000000594, 1000000160, 1605, '2018-11-13', '2018-11-16', 'Jayson', 'Callen', 'O', 8000.00, '2018-11-01 19:57:00'),
(1000000595, 1000000160, 1611, '2018-11-13', '2018-11-16', 'Jayson', 'Callen', 'O', 8000.00, '2018-11-01 19:57:00'),
(1000000596, 1000000160, 1612, '2018-11-13', '2018-11-16', 'Jayson', 'Callen', 'O', 8000.00, '2018-11-01 19:57:00'),
(1000000597, 1000000161, 1705, '2018-12-08', '2018-12-10', 'Conrad', 'Makai', 'O', 9000.00, '2018-12-02 19:59:00'),
(1000000598, 1000000162, 1324, '2018-12-22', '2018-12-24', 'Jaime', 'Dexter', 'O', 12000.00, '2018-12-09 19:59:00'),
(1000000599, 1000000163, 1511, '2017-01-14', '2017-01-15', 'Ford', 'Kyson', 'O', 3000.00, '2017-01-04 20:03:00'),
(1000000600, 1000000163, 1512, '2017-01-14', '2017-01-15', 'Ford', 'Kyson', 'O', 3000.00, '2017-01-04 20:03:00'),
(1000000601, 1000000164, 1603, '2017-02-17', '2017-02-19', 'Allen', 'Collin', 'O', 6000.00, '2017-02-02 20:03:00'),
(1000000602, 1000000165, 1219, '2017-12-28', '2018-01-01', 'Maximus', 'Willa', 'O', 7125.00, '2017-12-11 20:06:00'),
(1000000603, 1000000165, 1220, '2017-12-28', '2018-01-01', 'Maximus', 'Willa', 'O', 7125.00, '2017-12-11 20:06:00'),
(1000000604, 1000000166, 1511, '2017-12-27', '2018-01-02', 'Ashton', 'Peter', 'O', 10050.00, '2017-12-11 20:06:00'),
(1000000605, 1000000166, 1512, '2017-12-27', '2018-01-02', 'Ashton', 'Peter', 'O', 10050.00, '2017-12-11 20:06:00'),
(1000000606, 1000000166, 1513, '2017-12-27', '2018-01-02', 'Ashton', 'Peter', 'O', 10050.00, '2017-12-11 20:06:00'),
(1000000607, 1000000167, 1216, '2019-12-27', '2020-01-02', 'Marvin', 'Jerry', 'O', 10500.00, '2019-12-05 20:19:00'),
(1000000608, 1000000167, 1217, '2019-12-27', '2020-01-02', 'Marvin', 'Jerry', 'O', 10500.00, '2019-12-05 20:19:00'),
(1000000609, 1000000167, 1218, '2019-12-27', '2020-01-02', 'Marvin', 'Jerry', 'O', 10500.00, '2019-12-05 20:19:00'),
(1000000610, 1000000167, 1219, '2019-12-27', '2020-01-02', 'Marvin', 'Jerry', 'O', 10500.00, '2019-12-05 20:19:00'),
(1000000611, 1000000167, 1220, '2019-12-27', '2020-01-02', 'Marvin', 'Jerry', 'O', 10500.00, '2019-12-05 20:19:00'),
(1000000612, 1000000168, 1216, '2019-12-27', '2020-01-03', 'Zain', 'Yusuf', 'O', 12000.00, '2019-12-05 20:19:00'),
(1000000613, 1000000168, 1217, '2019-12-27', '2020-01-03', 'Zain', 'Yusuf', 'O', 12000.00, '2019-12-05 20:19:00'),
(1000000614, 1000000168, 1218, '2019-12-27', '2020-01-03', 'Zain', 'Yusuf', 'O', 12000.00, '2019-12-05 20:19:00'),
(1000000615, 1000000169, 1221, '2019-12-27', '2020-01-01', 'Keith', 'Quincy', 'O', 9000.00, '2019-12-05 20:19:00'),
(1000000616, 1000000169, 1222, '2019-12-27', '2020-01-01', 'Keith', 'Quincy', 'O', 9000.00, '2019-12-05 20:19:00'),
(1000000617, 1000000169, 1223, '2019-12-27', '2020-01-01', 'Keith', 'Quincy', 'O', 9000.00, '2019-12-05 20:19:00'),
(1000000618, 1000000169, 1224, '2019-12-27', '2020-01-01', 'Keith', 'Quincy', 'O', 9000.00, '2019-12-05 20:19:00'),
(1000000619, 1000000169, 1225, '2019-12-27', '2020-01-01', 'Keith', 'Quincy', 'O', 9000.00, '2019-12-05 20:19:00'),
(1000000620, 1000000169, 1301, '2019-12-27', '2020-01-01', 'Keith', 'Quincy', 'O', 9000.00, '2019-12-05 20:19:00'),
(1000000621, 1000000169, 1302, '2019-12-27', '2020-01-01', 'Keith', 'Quincy', 'O', 9000.00, '2019-12-05 20:19:00'),
(1000000622, 1000000169, 1303, '2019-12-27', '2020-01-01', 'Keith', 'Quincy', 'O', 9000.00, '2019-12-05 20:19:00'),
(1000000623, 1000000169, 1304, '2019-12-27', '2020-01-01', 'Keith', 'Quincy', 'O', 9000.00, '2019-12-05 20:19:00'),
(1000000624, 1000000169, 1305, '2019-12-27', '2020-01-01', 'Keith', 'Quincy', 'O', 9000.00, '2019-12-05 20:19:00'),
(1000000625, 1000000170, 1406, '2019-12-25', '2020-01-02', 'Colin', 'Clayton', 'O', 13350.00, '2019-12-05 20:19:00'),
(1000000626, 1000000170, 1407, '2019-12-25', '2020-01-02', 'Colin', 'Clayton', 'O', 13350.00, '2019-12-05 20:19:00'),
(1000000627, 1000000170, 1408, '2019-12-25', '2020-01-02', 'Colin', 'Clayton', 'O', 13350.00, '2019-12-05 20:19:00'),
(1000000628, 1000000171, 1409, '2019-12-27', '2020-01-01', 'Davis', 'Gerardo', 'O', 9000.00, '2019-12-05 20:19:00'),
(1000000629, 1000000171, 1410, '2019-12-27', '2020-01-01', 'Davis', 'Gerardo', 'O', 9000.00, '2019-12-05 20:19:00'),
(1000000630, 1000000172, 1511, '2019-12-27', '2019-12-31', 'Jorge', 'Dallas', 'O', 7500.00, '2019-12-05 20:19:00'),
(1000000631, 1000000172, 1512, '2019-12-27', '2019-12-31', 'Jorge', 'Dallas', 'O', 7500.00, '2019-12-05 20:19:00'),
(1000000632, 1000000173, 1513, '2019-12-26', '2019-12-28', 'Esteban', 'Dalton', 'O', 4425.00, '2019-12-05 20:19:00'),
(1000000633, 1000000173, 1514, '2019-12-26', '2019-12-28', 'Esteban', 'Dalton', 'O', 4425.00, '2019-12-05 20:19:00'),
(1000000634, 1000000174, 1711, '2019-12-25', '2020-01-02', 'Paul', 'Kaden', 'O', 13350.00, '2019-12-05 20:19:00'),
(1000000635, 1000000174, 1712, '2019-12-25', '2020-01-02', 'Paul', 'Kaden', 'O', 13350.00, '2019-12-05 20:19:00'),
(1000000636, 1000000174, 1713, '2019-12-25', '2020-01-02', 'Paul', 'Kaden', 'O', 13350.00, '2019-12-05 20:19:00'),
(1000000637, 1000000174, 1714, '2019-12-25', '2020-01-02', 'Paul', 'Kaden', 'O', 13350.00, '2019-12-05 20:19:00'),
(1000000638, 1000000175, 1218, '2017-12-27', '2018-01-03', 'Apollo', 'Kian', 'O', 11475.00, '2017-12-05 20:22:00'),
(1000000639, 1000000175, 1217, '2017-12-27', '2018-01-03', 'Apollo', 'Kian', 'O', 11475.00, '2017-12-05 20:22:00'),
(1000000640, 1000000176, 1711, '2019-12-26', '2020-01-05', 'Rhett', 'Karter', 'O', 16425.00, '2019-12-05 20:22:00'),
(1000000641, 1000000176, 1712, '2019-12-26', '2020-01-05', 'Rhett', 'Karter', 'C', 16425.00, '2019-12-05 20:22:00'),
(1000000642, 1000000177, 1204, '2021-01-01', '2021-01-04', 'Raphael', 'Philip', 'O', 7100.00, '2021-12-14 20:23:00'),
(1000000643, 1000000177, 1205, '2021-01-01', '2021-01-04', 'Raphael', 'Philip', 'O', 7100.00, '2021-12-14 20:23:00'),
(1000000644, 1000000177, 1206, '2021-01-01', '2021-01-04', 'Raphael', 'Philip', 'O', 7100.00, '2021-12-14 20:23:00'),
(1000000645, 1000000178, 1606, '2021-01-14', '2021-01-18', 'Finley', 'Dante', 'O', 20000.00, '2021-01-05 20:24:00'),
(1000000646, 1000000178, 1607, '2021-01-14', '2021-01-18', 'Finley', 'Dante', 'O', 20000.00, '2021-01-05 20:24:00'),
(1000000647, 1000000178, 1608, '2021-01-14', '2021-01-18', 'Finley', 'Dante', 'O', 20000.00, '2021-01-05 20:24:00'),
(1000000648, 1000000178, 1609, '2021-01-14', '2021-01-18', 'Finley', 'Dante', 'O', 20000.00, '2021-01-05 20:24:00'),
(1000000649, 1000000178, 1610, '2021-01-14', '2021-01-18', 'Finley', 'Dante', 'O', 20000.00, '2021-01-05 20:24:00'),
(1000000650, 1000000179, 1103, '2020-07-18', '2020-07-18', 'Mohamed', 'Raul', 'C', 15000.00, '2020-07-05 20:25:00'),
(1000000651, 1000000180, 2103, '2020-11-14', '2020-11-14', 'Antonio', 'Tristan', 'O', 15000.00, '2020-11-05 20:27:00'),
(1000000652, 1000000180, 1820, '2020-11-13', '2020-11-15', 'Antonio', 'Trstan', 'C', 11400.00, '2020-11-05 20:27:00'),
(1000000653, 1000000180, 1406, '2020-11-14', '2020-11-15', 'Antonio', 'Tristan', 'O', 2850.00, '2020-11-05 20:27:00'),
(1000000654, 1000000180, 1407, '2020-11-14', '2020-11-15', 'Antonio', 'Tristan', 'C', 2850.00, '2020-11-05 20:27:00'),
(1000000655, 1000000180, 1408, '2020-11-14', '2020-11-15', 'Antonio', 'Tristan', 'O', 2850.00, '2020-11-05 20:27:00'),
(1000000656, 1000000180, 1409, '2020-11-14', '2020-11-15', 'Antonio', 'Tristan', 'O', 2850.00, '2020-11-05 20:27:00'),
(1000000657, 1000000180, 1410, '2020-11-14', '2020-11-15', 'Antonio', 'Tristan', 'O', 2850.00, '2020-11-05 20:27:00'),
(1000000658, 1000000180, 1511, '2020-11-14', '2020-11-15', 'Antonio', 'Tristan', 'O', 2850.00, '2020-11-05 20:27:00'),
(1000000659, 1000000180, 1512, '2020-11-14', '2020-11-15', 'Antonio', 'Tristan', 'C', 2850.00, '2020-11-05 20:27:00'),
(1000000660, 1000000180, 1513, '2020-11-14', '2020-11-15', 'Antonio', 'Tristan', 'C', 2850.00, '2020-11-05 20:27:00'),
(1000000661, 1000000180, 1514, '2020-11-14', '2020-11-15', 'Antonio', 'Tristan', 'O', 2850.00, '2020-11-05 20:27:00'),
(1000000662, 1000000180, 1515, '2020-11-14', '2020-11-15', 'Antonio', 'Tristan', 'O', 2850.00, '2020-11-05 20:27:00'),
(1000000663, 1000000181, 1216, '2021-06-18', '2021-06-21', 'Ousop', 'Papalozzo', 'R', 10500.00, '2021-06-06 09:20:47'),
(1000000664, 1000000181, 1217, '2021-06-18', '2021-06-21', 'Ousop', 'Papalozzo', 'R', 10500.00, '2021-06-06 09:20:47'),
(1000000665, 1000000181, 1218, '2021-06-18', '2021-06-21', 'Ousop', 'Papalozzo', 'R', 10500.00, '2021-06-06 09:20:47'),
(1000000666, 1000000181, 1219, '2021-06-18', '2021-06-21', 'Ousop', 'Papalozzo', 'R', 10500.00, '2021-06-06 09:20:47'),
(1000000667, 1000000181, 1220, '2021-06-18', '2021-06-21', 'Ousop', 'Papalozzo', 'R', 10500.00, '2021-06-06 09:20:47'),
(1000000668, 1000000181, 1221, '2021-06-18', '2021-06-21', 'Ousop', 'Papalozzo', 'R', 10500.00, '2021-06-06 09:20:47'),
(1000000669, 1000000181, 1222, '2021-06-18', '2021-06-21', 'Ousop', 'Papalozzo', 'R', 10500.00, '2021-06-06 09:20:47'),
(1000000670, 1000000182, 1207, '2021-06-06', '2021-06-10', 'Lilly', 'Macro', 'R', 10000.00, '2021-06-06 09:23:50'),
(1000000671, 1000000182, 1206, '2021-06-06', '2021-06-10', 'Lilly', 'Macro', 'R', 10000.00, '2021-06-06 09:23:50'),
(1000000672, 1000000183, 1205, '2021-06-10', '2021-06-12', 'Ying', 'Gena', 'R', 6000.00, '2021-06-06 12:10:28'),
(1000000673, 1000000183, 1204, '2021-06-10', '2021-06-12', 'Ying', 'Gena', 'R', 6000.00, '2021-06-06 12:10:28'),
(1000000674, 1000000183, 2207, '2021-06-10', '2021-06-12', 'Ying', 'Gena', 'R', 6000.00, '2021-06-06 12:10:28'),
(1000000675, 1000000183, 2205, '2021-06-10', '2021-06-12', 'Ying', 'Gena', 'R', 6000.00, '2021-06-06 12:10:28'),
(1000000676, 1000000183, 1414, '2021-06-10', '2021-06-12', 'Ying', 'Gena', 'R', 6000.00, '2021-06-06 12:10:28'),
(1000000677, 1000000183, 1416, '2021-06-10', '2021-06-12', 'Ying', 'Gena', 'R', 6000.00, '2021-06-06 12:10:28'),
(1000000678, 1000000184, 1216, '2021-06-06', '2021-06-10', 'Copper', 'Hopper', 'R', 7500.00, '2021-06-06 12:15:33'),
(1000000679, 1000000184, 1217, '2021-06-06', '2021-06-10', 'Copper', 'Hopper', 'R', 7500.00, '2021-06-06 12:15:33'),
(1000000680, 1000000184, 1218, '2021-06-06', '2021-06-10', 'Copper', 'Hopper', 'R', 7500.00, '2021-06-06 12:15:33'),
(1000000681, 1000000184, 1301, '2021-06-06', '2021-06-10', 'Copper', 'Hopper', 'R', 7500.00, '2021-06-06 12:15:33'),
(1000000682, 1000000184, 1302, '2021-06-06', '2021-06-10', 'Copper', 'Hopper', 'R', 7500.00, '2021-06-06 12:15:33'),
(1000000683, 1000000184, 1303, '2021-06-06', '2021-06-10', 'Copper', 'Hopper', 'R', 7500.00, '2021-06-06 12:15:33'),
(1000000684, 1000000184, 1407, '2021-06-06', '2021-06-10', 'Copper', 'Hopper', 'R', 7500.00, '2021-06-06 12:15:33'),
(1000000685, 1000000184, 1408, '2021-06-06', '2021-06-10', 'Copper', 'Hopper', 'R', 7500.00, '2021-06-06 12:15:33'),
(1000000686, 1000000184, 1406, '2021-06-06', '2021-06-10', 'Copper', 'Hopper', 'R', 7500.00, '2021-06-06 12:15:33'),
(1000000687, 1000000184, 2212, '2021-06-06', '2021-06-10', 'Copper', 'Hopper', 'R', 7500.00, '2021-06-06 12:15:33'),
(1000000688, 1000000184, 2213, '2021-06-06', '2021-06-10', 'Copper', 'Hopper', 'R', 7500.00, '2021-06-06 12:15:33'),
(1000000689, 1000000185, 1321, '2021-06-14', '2021-06-16', 'Popo', 'Coco', 'R', 12000.00, '2021-06-06 12:31:48'),
(1000000690, 1000000185, 1322, '2021-06-14', '2021-06-16', 'Popo', 'Coco', 'R', 12000.00, '2021-06-06 12:31:48'),
(1000000691, 1000000185, 1323, '2021-06-14', '2021-06-16', 'Popo', 'Coco', 'R', 12000.00, '2021-06-06 12:31:48'),
(1000000692, 1000000186, 1311, '2021-06-06', '2021-06-09', 'Pola', 'Loca', 'I', 12000.00, '2021-06-06 12:43:27'),
(1000000693, 1000000186, 1312, '2021-06-06', '2021-06-09', 'Pola', 'Loca', 'I', 12000.00, '2021-06-06 12:43:27'),
(1000000694, 1000000186, 1313, '2021-06-06', '2021-06-09', 'Pola', 'Loca', 'I', 12000.00, '2021-06-06 12:43:27'),
(1000000695, 1000000187, 1509, '2021-06-05', '2021-06-06', 'Kala', 'Lavi', 'I', 6000.00, '2021-06-06 13:09:03'),
(1000000696, 1000000187, 1510, '2021-06-05', '2021-06-06', 'Kala', 'Lavi', 'I', 6000.00, '2021-06-06 13:09:03');

-- --------------------------------------------------------

--
-- Stand-in structure for view `bookingdetail_view`
-- (See below for the actual view)
--
CREATE TABLE `bookingdetail_view` (
`bookingDetailID` int(10)
,`roomID` int(4)
,`checkIn` date
,`checkOut` date
,`guestFirstName` varchar(64)
,`guestLastName` varchar(64)
,`name` varchar(130)
,`status` varchar(9)
,`price` float(10,2)
,`dateTime` timestamp
,`bookingID` int(16)
,`customerID` int(10)
,`firstName` varchar(32)
,`lastName` varchar(32)
,`phone` varchar(10)
,`roomTypeID` int(2)
,`roomType` varchar(32)
,`numBook` bigint(21)
,`statusPayment` varchar(9)
);

-- --------------------------------------------------------

--
-- Stand-in structure for view `booking_view`
-- (See below for the actual view)
--
CREATE TABLE `booking_view` (
`bookingID` int(16)
,`date` date
,`firstName` varchar(32)
,`lastName` varchar(32)
,`customerName` varchar(65)
,`phone` varchar(10)
,`email` varchar(256)
);

-- --------------------------------------------------------

--
-- Table structure for table `customer`
--

CREATE TABLE `customer` (
  `customerID` int(10) NOT NULL,
  `firstName` varchar(32) DEFAULT NULL,
  `lastName` varchar(32) DEFAULT NULL,
  `DOB` date DEFAULT NULL,
  `gender` char(1) DEFAULT NULL,
  `phone` varchar(10) NOT NULL,
  `email` varchar(256) NOT NULL,
  `address` text NOT NULL,
  `dateTime` datetime NOT NULL DEFAULT current_timestamp()
) ENGINE=InnoDB DEFAULT CHARSET=utf8mb4;

--
-- Dumping data for table `customer`
--

INSERT INTO `customer` (`customerID`, `firstName`, `lastName`, `DOB`, `gender`, `phone`, `email`, `address`, `dateTime`) VALUES
(1000000001, 'YingYang', 'Supavadee', '2000-08-18', 'F', '0820116484', 'yingspvd@mail.com', 'Bangkok', '2020-05-02 08:13:11'),
(1000000002, 'Lucien', 'Niko ', '2021-04-11', 'F', '0652659875', 'lek@mail.com', 'Lampang', '2020-05-10 09:53:58'),
(1000000003, 'Nacha', 'Hirunyakarn', '2021-04-01', 'F', '0866677855', 'nachahi@mail.com', 'Bangkok', '2021-05-11 00:00:00'),
(1000000004, 'Beam', 'Natsarun', '2021-04-04', 'M', '0812345678', 'qbeamm@mail.com', 'Bangkok', '2021-05-13 18:53:58'),
(1000000005, 'Panpan', 'Ploypapas', '2021-04-14', 'F', '0812345678', 'pan@mail.com', 'Bangkok', '2021-05-29 18:53:58'),
(1000000006, 'Supavadee', 'Phusanam', '2021-04-05', 'F', '0845698745', 'mew@mail.com', 'Ratchaburi', '2021-02-11 19:53:58'),
(1000000007, 'Armando ', 'Lucien ', '2021-03-02', 'M', '0879564255', 'hello@mail.com', 'Nonthaburi', '2019-12-11 00:00:00'),
(1000000008, 'Balthazar ', 'Barnaby ', '2021-04-15', 'M', '0856565656', 'noi@mail.com', 'Bangkok', '2020-02-11 18:53:58'),
(1000000009, 'Bastien ', 'Barnaby ', '2021-04-04', 'M', '0856321456', 'nid@mail.com', 'Nonthaburi', '2020-12-04 16:53:58'),
(1000000010, 'Cosmo ', 'Cruz ', '2021-04-18', 'M', '0824656512', 'yung@mail.com', 'Chiang Mai', '2018-12-06 17:53:58'),
(1000000011, 'Luciano ', 'Gunnara', '2021-04-04', 'M', '0864653123', 'yag@mail.com', 'Bangkok', '2021-01-12 18:53:58'),
(1000000013, 'Mly', 'Mlymly', '1999-09-17', 'F', '0865497123', 'mly@mail.com', 'Bangkok', '2020-06-27 10:54:58'),
(1000000014, 'Jean', 'Sutida', '2003-12-22', 'F', '0865566459', 'jean@mail.com', 'Bangkok', '2021-05-18 18:53:58'),
(1000000015, 'Jonathan', 'Hunter', '1986-05-10', 'M', '0955527234', 'Jonathan@mail.com', 'Bangkok', '2021-03-12 11:29:57'),
(1000000016, 'Roman', 'Cooper', '1987-07-14', 'M', '0655524748', 'roman@mail.com', 'Bangkok', '2019-11-06 16:00:02'),
(1000000017, 'Xavier', 'Greyson', '1990-05-20', 'F', '0655521967', 'xavier@mail.com', 'Bangkok', '2021-06-09 19:00:09'),
(1000000018, 'Waylon', 'Weston', '1999-08-11', 'F', '0897765454', 'waylon@mail.com', 'Phuket', '2020-01-30 17:00:14'),
(1000000019, 'Myles', 'Giovanni', '1998-03-14', 'F', '0945556746', 'myles@mail.com', 'Khonkaen', '2019-11-11 15:53:58'),
(1000000020, 'Nathaniel', 'Legend', '1994-02-08', 'M', '0987787898', 'nathaniel@mail.com', 'Phuket', '2020-01-31 08:56:53'),
(1000000021, 'Tyler', 'Braxton', '1992-02-13', 'F', '0645538758', 'tyler@mail.com', 'Songkhla', '2021-05-03 19:39:27'),
(1000000022, 'Luis', 'Ashton', '1992-03-17', 'M', '0823654777', 'luis@mail.com', 'Chonburi', '2021-05-06 19:41:24'),
(1000000023, 'Emmanuel', 'Carlos', '1999-06-08', 'F', '0834563344', 'emmanuel@mail.com', 'Chiang Mai', '2021-05-12 09:43:19'),
(1000000024, 'Kevin', 'August', '1997-07-07', 'M', '0989997843', 'kevin@mail.com', 'Samut Prakan', '2021-05-20 09:44:32'),
(1000000025, 'Rhett', 'Karter', '1973-05-10', 'M', '0978223611', 'rhett@mail.com', 'Samut Songkram', '2021-04-03 19:46:43'),
(1000000026, 'Dean', 'Maddox', '1995-03-10', 'M', '0994656677', 'dean@mail.com', 'Chonburi', '2021-06-03 19:49:16'),
(1000000027, 'Antonio', 'Tristan', '1996-03-15', 'F', '0867745562', 'antonio@mail.com', 'Chantaburi', '2021-06-03 19:50:20'),
(1000000028, 'Atlas', 'Tucker', '1997-05-07', 'M', '0876654563', 'atlas@mail.com', 'Sukhothai', '2021-06-03 19:53:14'),
(1000000029, 'Nicolas', 'Victor', '1993-05-05', 'F', '0874543329', 'nicholas@mail.com', 'Ayutthaya', '2021-05-01 09:57:58'),
(1000000030, 'Richard', 'Blakee', '1998-05-09', 'M', '0998556443', 'richard@mail.com', 'Chiang Rail', '2021-04-03 19:59:28'),
(1000000031, 'Peter', 'Alejandro', '1999-03-25', 'M', '0978886574', 'peter@mail.com', 'Nan', '2021-04-03 10:00:21'),
(1000000032, 'Kyrie', 'Matias', '1999-06-21', 'F', '0998769452', 'kyrie@mail.com', 'Saraburi', '2021-05-01 21:01:42'),
(1000000033, 'Steven', 'Colt', '1996-06-20', 'M', '0998345224', 'steven@mail.com', 'Ratchaburi', '2021-02-03 10:02:44'),
(1000000034, 'Apollo', 'Kian', '1998-04-23', 'M', '0983324564', 'apollo@mail.com', 'Ratchaburi', '2020-06-03 16:39:09'),
(1000000035, 'Simon', 'Maximus', '1993-09-15', 'M', '0897767811', 'simon@mail.com', 'Chantaburi', '2021-06-03 23:25:51'),
(1000000036, 'Paul', 'Kaden', '1999-04-14', 'M', '0987611123', 'paul@mail.com', 'Chachoengsao', '2021-03-13 13:26:45'),
(1000000037, 'Louis', 'Paxton', '1998-05-15', 'M', '0982232216', 'louis@mail.com', 'Chachoengsao', '2021-03-15 13:27:20'),
(1000000038, 'Cayden', 'Ronan', '1994-05-11', 'M', '0987638890', 'cayden@mail.com', 'Trung', '2021-03-19 10:28:21'),
(1000000039, 'Jorge', 'Dallas', '1995-05-24', 'M', '0983347809', 'jorge@mail.com', 'Bangkok', '2021-03-23 23:30:30'),
(1000000040, 'Hendrix', 'Crew', '1972-08-22', 'M', '0998734067', 'hendrix@mail.com', 'Bangkok', '2021-03-30 23:31:29'),
(1000000041, 'Finley', 'Dante', '1996-06-12', 'F', '0981120334', 'finley@mail.com', 'Rayong', '2021-04-03 12:32:23'),
(1000000042, 'Colin', 'Clayton', '1996-06-12', 'F', '0897522672', 'colin@mail.com', 'Kanchancaburi', '2021-04-05 13:32:23'),
(1000000043, 'Erick', 'Kameron', '1996-06-12', 'F', '0882131009', 'erick@mail.com', 'Chiang Rai', '2021-04-15 16:32:34'),
(1000000044, 'Shawn', 'Lucca', '1996-05-18', 'M', '0973352611', 'shawn@mail.com', 'Loei', '2021-06-03 16:49:21'),
(1000000045, 'Ford', 'Kyson', '1986-05-18', 'M', '0989936700', 'ford@mail.com', 'Surat Thani', '2021-01-03 16:49:21'),
(1000000046, 'Allen', 'Collin', '1995-05-25', 'F', '0873324589', 'allen@mail.com', 'Nakhon Ratchasima', '2020-07-13 16:49:21'),
(1000000047, 'Esteban', 'Dalton', '1977-07-24', 'M', '0894678900', 'esteban@mail.com', 'Udon Thani', '2020-12-12 16:49:21'),
(1000000048, 'Jase', 'Forrest', '1987-01-11', 'F', '0662342890', 'jase@mail.com', 'Udon Thani', '2021-01-03 11:49:21'),
(1000000049, 'Kasen', 'Gage', '1986-12-18', 'M', '0989937890', 'kasen@mail.com', 'Loei', '2021-01-23 16:49:21'),
(1000000050, 'Francis', 'Hank', '1967-06-25', 'M', '0993244890', 'francis@mail.com', 'Lampang', '2021-05-01 11:49:21'),
(1000000051, 'Aziel', 'Stetson', '1977-12-24', 'M', '0997635690', 'aziel@mail.com', 'Tak', '2021-05-04 11:29:21'),
(1000000052, 'Braylen', 'Moses', '1996-10-18', 'M', '0872219800', 'braylen@mail.com', 'Rayong', '2021-05-04 13:18:12'),
(1000000053, 'Armando', 'Bruce', '1986-12-29', 'F', '0668993200', 'armando@mail.com', 'Nonthaburi', '2021-05-06 13:49:21'),
(1000000054, 'Pierce', 'Lewis', '1995-12-24', 'F', '0993455567', 'pierce@mail.com', 'Phichit\r\n', '2021-05-05 00:00:00'),
(1000000055, 'Soren', 'Emmitt', '1977-10-24', 'F', '0989977820', 'soren@mail.com', 'Lampang', '2021-05-06 10:49:21'),
(1000000056, 'Raphael', 'Phillip', '1987-12-24', 'F', '0662343900', 'raphael@mail.com', 'Phitsanulok', '2021-05-08 08:29:21'),
(1000000057, 'Albert', 'Baker', '1966-11-18', 'M', '0983340090', 'albert@mail.com', 'Nonthaburi', '2021-05-09 09:33:21'),
(1000000058, 'Jayson', 'Callen', '1967-11-25', 'M', '0934467200', 'jayson@mail.com', 'Rayong', '2021-05-10 11:59:21'),
(1000000059, 'Sonny', 'Huxley', '1999-04-24', 'F', '0893320933', 'sonny@mail.com', 'Nonthaburi', '2021-05-13 13:49:21'),
(1000000060, 'Rowen', 'Kenzo', '1996-12-28', 'F', '0892203422', 'rowen@mail.com', 'Ranong', '2021-05-15 17:00:07'),
(1000000061, 'Conrad', 'Makai', '1986-10-13', 'M', '0982232877', 'conrad@mail.com', 'Tak', '2021-05-17 14:00:07'),
(1000000062, 'Davis', 'Gerardo', '1995-12-25', 'M', '0893348900', 'davis@mail.com', 'Yala', '2021-05-20 16:00:07'),
(1000000063, 'Mohamed', 'Raul', '1979-12-24', 'M', '0887223900', 'mohamed@mail.com', 'Phitsanulok', '2021-05-24 16:30:07'),
(1000000064, 'Jaime', 'Dexter', '1989-03-24', 'M', '0998722673', 'jaime@mail.com', 'Phichit', '2021-05-26 16:00:07'),
(1000000065, 'Scott', 'Lawrence', '1989-11-10', 'M', '0998339044', 'scott@mail.com', 'Sing Buri', '2021-05-28 12:50:07'),
(1000000066, 'Skyler', 'Roland', '1991-06-25', 'M', '0982239022', 'skyler@mail.com', 'Phichit', '2021-06-01 10:00:07'),
(1000000067, 'Zain', 'Yusuf', '1998-12-30', 'M', '0938878300', 'zain@mail.com', 'Nakhon Ratchasima', '2021-06-02 14:30:07'),
(1000000068, 'Jamari', 'Boone', '1996-12-24', 'M', '0998399033', 'jamari@mail.com', 'Nakhon Ratchasima', '2021-06-02 17:00:07'),
(1000000069, 'Keith', 'Quincy', '1986-10-29', 'F', '0882566720', 'keith@mail.com', 'Rayong', '2021-06-02 21:30:07'),
(1000000070, 'Taylor', 'Watson', '1995-10-17', 'F', '0662453321', 'taylor@mail.com', 'Ranong', '2021-06-02 23:50:07'),
(1000000071, 'Marvin', 'Jerry', '1990-10-24', 'M', '0992245680', 'marvin@mail.com', 'Phitsanulok', '2021-06-03 10:00:07'),
(1000000072, 'Phillip', 'Brixton', '1987-07-24', 'M', '0983329088', 'phillip@mail.com', 'Yala', '2021-06-03 11:30:07'),
(1000000073, 'Valentino', 'Landyn', '1999-11-18', 'F', '0935562778', 'valentino@mail.com', 'Rayong', '2021-06-04 12:00:07'),
(1000000074, 'Leonard\r\n', 'Kareem', '1987-11-30', 'M', '0893320900', 'leonard@mail.com', 'Ranong', '2021-06-04 12:30:07'),
(1000000075, 'Willa', 'Markaret', '2016-09-20', 'F', '0846597126', 'Willa@mail.com', 'Ladprao Bangkok', '2021-06-04 16:18:34');

-- --------------------------------------------------------

--
-- Stand-in structure for view `customer_view`
-- (See below for the actual view)
--
CREATE TABLE `customer_view` (
`rank` bigint(21)
,`customerID` int(10)
,`firstName` varchar(32)
,`lastName` varchar(32)
,`name` varchar(65)
,`DOB` date
,`gender` char(1)
,`phone` varchar(10)
,`email` varchar(256)
,`address` text
,`numberVisit` bigint(21)
,`amountPaid` double(19,2)
);

-- --------------------------------------------------------

--
-- Table structure for table `department`
--

CREATE TABLE `department` (
  `departmentID` int(1) NOT NULL,
  `departmentName` varchar(64) NOT NULL
) ENGINE=InnoDB DEFAULT CHARSET=utf8;

--
-- Dumping data for table `department`
--

INSERT INTO `department` (`departmentID`, `departmentName`) VALUES
(1, 'Admin / Owner'),
(2, 'Receptionist'),
(3, 'Kitchen'),
(4, 'Housekeeping'),
(5, 'Security'),
(6, 'Accounts and Credits'),
(7, 'Maintenance');

-- --------------------------------------------------------

--
-- Table structure for table `employee`
--

CREATE TABLE `employee` (
  `employeeID` int(6) NOT NULL,
  `department` int(2) NOT NULL,
  `roleID` int(2) NOT NULL,
  `startDate` date NOT NULL,
  `endDate` date DEFAULT NULL,
  `shift` tinyint(1) NOT NULL,
  `em_firstname` varchar(32) NOT NULL,
  `em_lastname` varchar(32) NOT NULL,
  `identification` varchar(13) NOT NULL,
  `DOB` date NOT NULL,
  `gender` char(1) NOT NULL,
  `phone` varchar(10) NOT NULL,
  `email` varchar(256) NOT NULL,
  `password` varchar(800) NOT NULL,
  `workStatus` char(1) NOT NULL
) ENGINE=InnoDB DEFAULT CHARSET=utf8;

--
-- Dumping data for table `employee`
--

INSERT INTO `employee` (`employeeID`, `department`, `roleID`, `startDate`, `endDate`, `shift`, `em_firstname`, `em_lastname`, `identification`, `DOB`, `gender`, `phone`, `email`, `password`, `workStatus`) VALUES
(110001, 1, 11, '2016-06-07', NULL, 2, 'Admin', 'Admin', '1234567896565', '1988-04-12', 'F', '0820116484', 'yingadmin@pocoloco.com', '25f9e794323b453885f5181f1b624d0b', 'E'),
(110002, 1, 11, '2016-06-07', NULL, 1, 'Loraine', 'Grant', '1279589000637', '1986-05-14', 'F', '0822234678', 'loraine@pocoloco.com', '25f9e794323b453885f5181f1b624d0b', 'E'),
(110003, 1, 11, '2016-06-07', '2020-08-19', 3, 'Erwin', 'Runolfsson', '7708307750424', '1995-09-12', 'M', '0987265378', 'erwin@pocoloco.com', '25f9e794323b453885f5181f1b624d0b', 'Q'),
(110004, 1, 11, '2019-04-17', NULL, 2, 'Jimmy', 'Willa', '6667356783938', '1995-02-17', 'M', '0889778253', 'jimmy@pocoloco.com', '25f9e794323b453885f5181f1b624d0b', 'E'),
(110005, 1, 11, '2016-06-07', NULL, 1, 'Natalia', 'Bergnaum', '3326574889365', '1996-06-05', 'F', '0987763452', 'natalia@pocoloco.com', '25f9e794323b453885f5181f1b624d0b', 'E'),
(120001, 1, 12, '2016-06-07', NULL, 2, 'Poco', 'Loco', '6836896094259', '1993-09-10', 'M', '0988765667', 'poco@pocoloco.com', '25f9e794323b453885f5181f1b624d0b', 'E'),
(120002, 1, 12, '2016-06-07', NULL, 3, 'Pipo', 'Loco', '8691788473078', '1995-09-10', 'F', '0998724562', 'pipo@pocoloco.com', '25f9e794323b453885f5181f1b624d0b', 'E'),
(130001, 1, 13, '2016-06-07', NULL, 1, 'Timestamp', 'Timestamp', '0000000000000', '2016-06-07', 'F', '0000000000', 'timestamp@pocoloco.com', '25f9e794323b453885f5181f1b624d0b', 'E'),
(210001, 2, 21, '2016-06-07', NULL, 1, 'Sharon', 'Waelchi', '1101501059255', '2021-06-16', 'M', '0326545512', 'sharon@pocoloco.com', '25f9e794323b453885f5181f1b624d0b', 'E'),
(210002, 2, 21, '2016-06-07', '2018-12-13', 1, 'Favian', 'Greenholt', '1102515456852', '2021-06-01', 'M', '0965655542', 'favian@pocoloco.com', '25f9e794323b453885f5181f1b624d0b', 'Q'),
(210003, 2, 21, '2016-06-07', '2020-03-18', 2, 'Methee', 'Makee', '3789563215432', '1993-06-17', 'M', '0865326459', 'methee@pocoloco.com', '25f9e794323b453885f5181f1b624d0b', 'Q'),
(210004, 2, 21, '2020-03-17', NULL, 2, 'Hassan', 'Pfeffer', '9504879803421', '1981-08-13', 'M', '0987762789', 'hassan@pocoloco.com', '25f9e794323b453885f5181f1b624d0b', 'E'),
(210005, 2, 21, '2016-06-07', NULL, 1, 'Scott', 'Benjamin', '2223315895656', '1999-08-11', 'F', '0974631522', 'scott@pocoloco.com', '25f9e794323b453885f5181f1b624d0b', 'E'),
(220001, 2, 22, '2016-06-07', NULL, 2, 'Jensen', 'Runolfsdottir', '1234637284093', '1994-02-12', 'F', '0983352617', 'jensen@pocoloco.com', '25f9e794323b453885f5181f1b624d0b', 'E'),
(220002, 2, 22, '2016-06-07', NULL, 2, 'Palma', 'Halvorson', '4574663829346', '1993-02-19', 'M', '0982253627', 'palma@pocoloco.com', '25f9e794323b453885f5181f1b624d0b', 'E'),
(220003, 2, 22, '2016-06-07', '2021-01-05', 3, 'Angie', 'Hoppe', '6476583904736', '1992-08-10', 'F', '0985367254', 'angie@pocoloco.com', '25f9e794323b453885f5181f1b624d0b', 'Q'),
(220004, 2, 22, '2016-06-07', NULL, 1, 'Reyes', 'Sporer', '7485739027485', '1999-06-07', 'F', '0987356472', 'reyes@pocoloco.com', '25f9e794323b453885f5181f1b624d0b', 'E'),
(220005, 2, 22, '2016-06-07', NULL, 2, 'Kathleen', 'Hyatt', '1101501059255', '1977-04-16', 'F', '0987635528', 'kathleen@pocoloco.com', '25f9e794323b453885f5181f1b624d0b', 'E'),
(220006, 2, 22, '2016-06-07', '2017-03-19', 1, 'Lea', 'Keeling', '2382940057843', '1989-03-02', 'M', '0987776251', 'lea@pocoloco.com', '25f9e794323b453885f5181f1b624d0b', 'Q'),
(220007, 2, 22, '2016-06-07', NULL, 1, 'Ena', 'Braun', '6453778298467', '1992-05-27', 'F', '0987776352', 'ena@pocoloco.com', '25f9e794323b453885f5181f1b624d0b', 'E'),
(220008, 2, 22, '2016-06-07', NULL, 2, 'Morris', 'Ledner', '6654778390253', '1984-06-13', 'M', '0889746637', 'morris@pocoloco.com', '25f9e794323b453885f5181f1b624d0b', 'S'),
(220009, 2, 22, '2016-06-07', NULL, 2, 'Pauline', 'Fay', '5556352778354', '1982-04-15', 'M', '0998746621', 'pauline@pocoloco.com', '25f9e794323b453885f5181f1b624d0b', 'E'),
(220010, 2, 22, '2016-06-07', NULL, 1, 'Cordia', 'Emard', '6673890487625', '1983-07-16', 'F', '0985550094', 'cordia@pocoloco.com', '25f9e794323b453885f5181f1b624d0b', 'S'),
(220011, 2, 22, '2016-06-07', NULL, 3, 'Cristian', 'Howe', '6647738290021', '1999-03-25', 'M', '0665278892', 'christian@pocoloco.com', '25f9e794323b453885f5181f1b624d0b', 'E'),
(220012, 2, 22, '2016-06-07', '2018-09-28', 2, 'Daisy', 'Baumbach', '6664738859305', '2000-04-13', 'F', '0998463719', 'daisy@pocoloco.com', '25f9e794323b453885f5181f1b624d0b', 'Q'),
(220013, 2, 22, '2016-06-07', NULL, 2, 'Cali', 'Sawayn', '4667544839903', '1998-03-17', 'F', '0889746634', 'cali@pocoloco.com', '25f9e794323b453885f5181f1b624d0b', 'E'),
(220014, 2, 22, '2016-06-07', NULL, 3, 'Jailyn', 'Klocko', '6647738094812', '1998-04-28', 'F', '0998730092', 'jailyn@pocoloco.com', '25f9e794323b453885f5181f1b624d0b', 'E'),
(220015, 2, 22, '2016-06-07', NULL, 2, 'Rozella', 'Reichel', '7776483003913', '1997-12-07', 'F', '0998253647', 'rozella@pocoloco.com', '25f9e794323b453885f5181f1b624d0b', 'E'),
(220016, 2, 22, '2016-06-07', NULL, 2, 'Delta', 'Champlin', '6663748890134', '1992-06-10', 'M', '0998745635', 'delta@pocoloco.com', '25f9e794323b453885f5181f1b624d0b', 'E'),
(220017, 2, 22, '2017-03-20', '2020-01-04', 1, 'Donnie', 'Padberg', '6664739980209', '1988-02-16', 'F', '0998768890', 'donnie@pocoloco.com', '25f9e794323b453885f5181f1b624d0b', 'Q'),
(220018, 2, 22, '2017-04-21', NULL, 1, 'Isabell', 'Garrett', '6667628890165', '1994-02-25', 'F', '0998763356', 'isabell@pocoloco.com', '25f9e794323b453885f5181f1b624d0b', 'E'),
(220019, 2, 22, '2017-06-07', NULL, 2, 'Lisa', 'Hegmann', '6664778390809', '1999-08-11', 'F', '0987771900', 'lisa@pocoloco.com', '25f9e794323b453885f5181f1b624d0b', 'E'),
(220020, 2, 22, '2017-10-15', NULL, 1, 'Natalie', 'Kreiger', '6667265339080', '1995-04-25', 'F', '0665377789', 'natalie@pocoloco.com', '25f9e794323b453885f5181f1b624d0b', 'E'),
(220021, 2, 22, '2017-12-18', NULL, 2, 'Petra', 'Sporer', '5553627739023', '1995-11-02', 'M', '0998617769', 'petra@pocoloco.com', '25f9e794323b453885f5181f1b624d0b', 'E'),
(220022, 2, 22, '2018-02-07', '2020-11-03', 2, 'Koby', 'Boyle', '7776783302945', '1989-03-17', 'M', '0998726659', 'kony@pocoloco.com', '25f9e794323b453885f5181f1b624d0b', 'Q'),
(220023, 2, 22, '2018-04-17', NULL, 1, 'Mitchell', 'Darren', '7778493004935', '1992-04-15', 'M', '0998434482', 'mitchell@pocoloco.com', '25f9e794323b453885f5181f1b624d0b', 'E'),
(220024, 2, 22, '2018-06-29', NULL, 1, 'Bellamy', 'Reese', '7778499830948', '1999-01-25', 'F', '0998500098', 'bellamy@pocoloco.com', '25f9e794323b453885f5181f1b624d0b', 'E'),
(220025, 2, 22, '2018-11-27', '2021-03-04', 2, 'Joe', 'Houston', '7774833302945', '2000-12-22', 'M', '0822454478', 'joe@pocoloco.com', '25f9e794323b453885f5181f1b624d0b', 'Q'),
(220026, 2, 22, '2018-12-14', NULL, 2, 'Joziah', 'Vincenzo', '5849950498573', '1993-04-29', 'M', '0998493994', 'joziah@pocoloco.com', '25f9e794323b453885f5181f1b624d0b', 'E'),
(220027, 2, 22, '2019-04-27', NULL, 3, 'Aron', 'Marcellus', '6476324304736', '1991-04-10', 'M', '0945467254', 'aron@pocoloco.com', '25f9e794323b453885f5181f1b624d0b', 'E'),
(220028, 2, 22, '2019-06-11', NULL, 0, 'Tommy', 'Musa', '7487874837485', '1997-06-07', 'M', '0889473884', 'tommy@pocoloco.com', '25f9e794323b453885f5181f1b624d0b', 'E'),
(220029, 2, 22, '2019-06-25', NULL, 2, 'Junior', 'Westley', '1153893359255', '1987-04-26', 'M', '0948859428', 'junior@pocoloco.com', '25f9e794323b453885f5181f1b624d0b', 'E'),
(220030, 2, 22, '2019-08-20', '2021-04-05', 1, 'Melvin', 'Briar', '7758493304951', '1999-03-12', 'M', '0998574483', 'melvin@pocoloco.com', '25f9e794323b453885f5181f1b624d0b', 'Q'),
(220031, 2, 22, '2019-10-13', NULL, 2, 'Nova', 'Colten', '7773847930467', '1997-09-17', 'M', '0998372667', 'nova@pocoloco.com', '25f9e794323b453885f5181f1b624d0b', 'E'),
(220032, 2, 22, '2019-12-18', '2021-05-16', 2, 'Ramon', 'Caspian', '5784995038597', '1994-06-13', 'M', '0659904890', 'ramon@pocoloco.com', '25f9e794323b453885f5181f1b624d0b', 'Q'),
(220033, 2, 22, '2020-03-17', NULL, 2, 'Brennan', 'Lee', '4783905849356', '1992-05-25', 'M', '0894485098', 'brennan@pocoloco.com', '25f9e794323b453885f5181f1b624d0b', 'E'),
(220034, 2, 22, '2020-11-28', '2021-05-24', 1, 'Valentin', 'Ben', '4389394028593', '1993-07-06', 'F', '0895778430', 'valentin@pocoloco.com', '25f9e794323b453885f5181f1b624d0b', 'Q'),
(220035, 2, 22, '2020-12-01', NULL, 2, 'Orlando', 'Louie', '6457839042213', '1998-03-15', 'M', '0665948892', 'orlando@pocoloco.com', '25f9e794323b453885f5181f1b624d0b', 'E'),
(220036, 2, 22, '2021-02-07', NULL, 1, 'Harley', 'Rio', '8947309043389', '1996-04-27', 'M', '0895578909', 'harley@pocoloco.com', '25f9e794323b453885f5181f1b624d0b', 'E'),
(220037, 2, 22, '2021-02-25', NULL, 2, 'Nikolai', 'Conrad\r\n', '7774833302945', '2000-12-22', 'M', '0822454478', 'nikolai@pocoloco.com', '25f9e794323b453885f5181f1b624d0b', 'E'),
(220038, 2, 22, '2021-03-19', NULL, 2, 'Benson', 'Derrick', '5849950498573', '1993-04-29', 'M', '0998493994', 'benson@pocoloco.com', '25f9e794323b453885f5181f1b624d0b', 'E'),
(220039, 2, 22, '2021-04-10', NULL, 3, 'Oliver', 'William\r\n', '6476324304736', '1991-04-10', 'M', '0945467254', 'oliver@pocoloco.com', '25f9e794323b453885f5181f1b624d0b', 'E'),
(220040, 2, 22, '2021-05-11', NULL, 1, 'Benjamin\r\n', 'Lucas\r\n', '7487874837485', '1997-06-07', 'M', '0889473884', 'benjamin@pocoloco.com', '25f9e794323b453885f5181f1b624d0b', 'E'),
(220041, 2, 22, '2021-05-31', NULL, 2, 'Alexander\r\n', 'Mason\r\n', '1153893359255', '1987-04-26', 'M', '0948859428', 'alexander@pocoloco.com', '25f9e794323b453885f5181f1b624d0b', 'E'),
(220042, 2, 22, '2021-05-26', NULL, 2, 'Daniel\r\n', 'Jacob', '7894880098274', '1996-11-17', 'F', '0998903309', 'daniel@pocoloco.com', '25f9e794323b453885f5181f1b624d0b', 'E'),
(220043, 2, 22, '2021-05-24', NULL, 2, 'Sebastian\r\n', 'Jackson', '8930034994078', '2000-12-10', 'F', '0684498039', 'sebastian@pocoloco.com', '25f9e794323b453885f5181f1b624d0b', 'S'),
(220044, 2, 22, '2021-05-28', NULL, 1, 'Jack\r\n', 'Owen', '8940039847265', '1988-12-26', 'F', '0998467734', 'jack@pocoloco.com', '25f9e794323b453885f5181f1b624d0b', 'E'),
(220045, 2, 22, '2021-04-04', NULL, 2, 'Pelano', 'Expresso', '1495632694659', '1995-05-18', 'M', '0895662314', 'pelano@mail.com', 'bbb8aae57c104cda40c93843ad5e6db8', 'E'),
(310001, 3, 31, '2016-06-07', NULL, 2, 'Aiden', 'Theodore', '1121515151515', '2021-06-23', 'F', '0965656565', 'aiden@pocoloco.com', '25f9e794323b453885f5181f1b624d0b', 'E'),
(310002, 3, 31, '2016-06-07', '2020-09-18', 2, 'Joseph\r\n', 'Wyatt\r\n', '6663748890134', '1992-06-10', 'M', '0998745635', 'joseph@pocoloco.com', '25f9e794323b453885f5181f1b624d0b', 'Q'),
(310003, 3, 31, '2016-06-07', '2021-02-11', 1, 'Julian', 'Grayson\r\n', '6664739980209', '1988-02-16', 'F', '0998768890', 'julian@pocoloco.com', '25f9e794323b453885f5181f1b624d0b', 'Q'),
(310004, 3, 31, '2016-06-07', NULL, 1, 'Jayden', 'Gabriel', '6667628890165', '1994-02-25', 'F', '0998763356', 'jayden@pocoloco.com', '25f9e794323b453885f5181f1b624d0b', 'E'),
(320001, 3, 32, '2016-06-07', NULL, 2, 'Eliza', 'Gusikowski', '1154545458565', '2021-06-16', 'M', '0956532652', 'eliza@pocoloco.com', '25f9e794323b453885f5181f1b624d0b', 'E'),
(320002, 3, 32, '2016-06-07', NULL, 2, 'Ernesto', 'Thaddeus', '7488439985930', '1990-07-23', 'F', '0998449009', 'ernesto@pocoloco.com', '25f9e794323b453885f5181f1b624d0b', 'E'),
(320003, 3, 32, '2016-06-07', NULL, 2, 'Kace', 'Kellen', '7859994035625', '1998-03-17', 'F', '0995483390', 'kace@pocoloco.com', '25f9e794323b453885f5181f1b624d0b', 'E'),
(320004, 3, 32, '2016-06-07', NULL, 1, 'Mylo', 'Creed', '8940009483790', '1995-02-14', 'F', '0778993203', 'mylo@pocoloco.com', '25f9e794323b453885f5181f1b624d0b', 'E'),
(320005, 3, 32, '2016-06-07', NULL, 1, 'Abdullah', 'Jon', '7894448309284', '1995-11-28', 'M', '0889718867', 'abdullah@pocoloco.com', '25f9e794323b453885f5181f1b624d0b', 'S'),
(320006, 3, 32, '2016-06-07', NULL, 2, 'Carl', 'Emory', '7894880098274', '1996-11-17', 'F', '0998903309', 'carl@pocoloco.com', '25f9e794323b453885f5181f1b624d0b', 'E'),
(320007, 3, 32, '2016-06-07', NULL, 2, 'Ambrose', 'Dario', '8930034994078', '2000-12-10', 'F', '0684498039', 'ambrose@pocoloco.com', '25f9e794323b453885f5181f1b624d0b', 'E'),
(320008, 3, 32, '2016-06-07', NULL, 1, 'Kristopher', 'Boden', '8940039847265', '1988-12-26', 'F', '0998467734', 'kristopher@pocoloco.com', '25f9e794323b453885f5181f1b624d0b', 'E'),
(320009, 3, 32, '2016-06-07', '2020-11-03', 1, 'Anders', 'Darian', '3662748893092', '1995-12-15', 'F', '0656672890', 'anders@pocoloco.com', '25f9e794323b453885f5181f1b624d0b', 'Q'),
(320010, 3, 32, '2016-06-07', NULL, 1, 'Elisha', 'Jakobe', '1338902294563', '1990-08-21', 'F', '0667822650', 'elisha@pocoloco.com', '25f9e794323b453885f5181f1b624d0b', 'E'),
(320011, 3, 32, '2016-06-07', NULL, 1, 'Larry', 'Wesson', '8889403378461', '1998-04-15', 'F', '0989910067', 'larry@pocoloco.com', '25f9e794323b453885f5181f1b624d0b', 'E'),
(320012, 3, 32, '2016-06-07', NULL, 2, 'Bobby', 'Bronson', '8887390029643', '1989-10-12', 'M', '0667224673', 'bobby@pocoloco.com', '25f9e794323b453885f5181f1b624d0b', 'E'),
(320013, 3, 32, '2016-06-07', '2020-12-05', 2, 'Tristen', 'Blaze', '1334627739049', '1990-12-07', 'M', '0992673389', 'tristen@pocoloco.com', '25f9e794323b453885f5181f1b624d0b', 'Q'),
(320014, 3, 32, '2016-06-07', NULL, 1, 'Anthony\r\n', 'Lincoln', '3463527384953', '1986-07-24', 'F', '0984536627', 'anthony@pocoloco.com', '25f9e794323b453885f5181f1b624d0b', 'E'),
(320015, 3, 32, '2016-06-07', NULL, 2, 'Ezra', 'Charles\r\n', '1234637284093', '1994-02-12', 'F', '0983352617', 'ezra@pocoloco.com', '25f9e794323b453885f5181f1b624d0b', 'E'),
(320016, 3, 32, '2016-06-07', NULL, 2, 'Thomas\r\n', 'Charles\r\n', '4895038947284', '1993-02-19', 'M', '0982253627', 'thomas@pocoloco.com', '25f9e794323b453885f5181f1b624d0b', 'E'),
(320017, 3, 32, '2016-06-07', NULL, 1, 'Ryan', 'Nolan', '6476583904736', '1992-08-10', 'F', '0985367254', 'ryan@pocoloco.com', '25f9e794323b453885f5181f1b624d0b', 'E'),
(320018, 3, 32, '2016-06-07', '2020-11-09', 1, 'Andrew', 'Nathan', '7485739027485', '1999-06-07', 'F', '0987356472', 'andrew@pocoloco.com', '25f9e794323b453885f5181f1b624d0b', 'Q'),
(320019, 3, 32, '2016-06-07', NULL, 1, 'Eli', 'Cameron\r\n', '6667265339080', '1995-04-25', 'F', '0665377789', 'eli@pocoloco.com', '25f9e794323b453885f5181f1b624d0b', 'E'),
(320020, 3, 32, '2016-06-07', NULL, 1, 'Ezekiel', 'Luca\r\n', '7758493304951', '1999-03-12', 'M', '0998574483', 'ezekiel@pocoloco.com', '25f9e794323b453885f5181f1b624d0b', 'E'),
(320021, 3, 32, '2016-06-07', '2021-02-11', 2, 'Axel', 'Hunter', '6647389904980', '1995-11-15', 'M', '0998578490', 'axel@pocoloco.com', '25f9e794323b453885f5181f1b624d0b', 'Q'),
(320022, 3, 32, '2017-08-07', NULL, 2, 'Santiago\r\n', 'Easton', '7394003948790', '1992-05-11', 'M', '0988827390', 'santiago@pocoloco.com', '25f9e794323b453885f5181f1b624d0b', 'E'),
(320023, 3, 32, '2017-08-07', NULL, 2, 'Cooper', 'Lee', '4637883904897', '1997-03-25', 'M', '0998378299', 'cooper@pocoloco.com', '25f9e794323b453885f5181f1b624d0b', 'E'),
(320024, 3, 32, '2018-09-10', NULL, 1, 'Jameson', 'Benno', '2349093384912', '1995-08-16', 'M', '0998173628', 'jameson@pocoloco.com', '25f9e794323b453885f5181f1b624d0b', 'S'),
(320025, 3, 32, '2018-10-17', NULL, 1, 'Jordan', 'Carson\r\n', '4756489309974', '1998-04-16', 'M', '0887645380', 'jordan@pocoloco.com', '25f9e794323b453885f5181f1b624d0b', 'E'),
(320026, 3, 32, '2018-11-17', NULL, 1, 'Leonardo', 'Austin\r\n', '4663784983740', '1998-05-22', 'M', '0998376645', 'leonardo@pocoloco.com', '25f9e794323b453885f5181f1b624d0b', 'S'),
(320027, 3, 32, '2018-11-27', NULL, 2, 'Kai', 'Brooks', '7758473890689', '1990-06-13', 'M', '0989475644', 'kai@pocoloco.com', '25f9e794323b453885f5181f1b624d0b', 'E'),
(320028, 3, 32, '2018-12-07', '2020-07-11', 2, 'Parker\r\n', 'Jose\r\n', '7758477654890', '1998-03-17', 'F', '0995483390', 'Parker@pocoloco.com', '25f9e794323b453885f5181f1b624d0b', 'Q'),
(320029, 3, 32, '2019-03-07', NULL, 1, 'Wesley\r\n', 'Kayden\r\n', '0998576473245', '1995-02-14', 'F', '0778993203', 'wesley@pocoloco.com', '25f9e794323b453885f5181f1b624d0b', 'E'),
(320030, 3, 32, '2019-03-11', NULL, 1, 'Bennett\r\n', 'Silas\r\n', '6664738895762', '1995-11-28', 'M', '0998476377', 'bennett@pocoloco.com', '25f9e794323b453885f5181f1b624d0b', 'E'),
(320031, 3, 32, '2019-04-17', NULL, 2, 'Declan\r\n', 'Weston\r\n', '477584973462', '1996-11-17', 'F', '0998746378', 'declasn@pocoloco.com', '25f9e794323b453885f5181f1b624d0b', 'E'),
(320032, 3, 32, '2019-05-17', NULL, 2, 'Emmett\r\n', 'Ryder\r\n', '5667483924753', '2000-12-10', 'F', '0998476355', 'emmett@pocoloco.com', '25f9e794323b453885f5181f1b624d0b', 'E'),
(320033, 3, 32, '2019-06-07', '2021-01-01', 1, 'Beau\r\n', 'Damian\r\n', '4764882947512', '1988-12-26', 'F', '0889878635', 'beau@pocoloco.com', '25f9e794323b453885f5181f1b624d0b', 'Q'),
(320034, 3, 32, '2019-06-07', NULL, 1, 'Rowan\r\n', 'Harrison\r\n', '6664738759332', '1995-12-15', 'F', '0667584336', 'rowan@pocoloco.com', '25f9e794323b453885f5181f1b624d0b', 'E'),
(320035, 3, 32, '2019-06-07', NULL, 1, 'Bryson\r\n', 'Amir', '4665748829475', '1990-08-21', 'F', '0998366625', 'bryson@pocoloco.com', '25f9e794323b453885f5181f1b624d0b', 'E'),
(320036, 3, 32, '2019-06-07', NULL, 1, 'Jason', 'Giovanni', '6664738829453', '1998-04-15', 'F', '0998266534', 'jason@pocoloco.com', '25f9e794323b453885f5181f1b624d0b', 'E'),
(320037, 3, 32, '2019-06-07', NULL, 2, 'Ayden\r\n', 'Chase', '6665748893244', '1989-10-12', 'M', '0922536678', 'ayden@pocoloco.com', '25f9e794323b453885f5181f1b624d0b', 'E'),
(320038, 3, 32, '2019-06-07', NULL, 2, 'Myles', 'Nathaniel\r\n', '5687585446563', '1990-12-07', 'M', '0922637847', 'myles@pocoloco.com', '25f9e794323b453885f5181f1b624d0b', 'E'),
(320039, 3, 32, '2019-06-07', '2020-11-14', 1, 'River', 'Tyler\r\n', '6477387594032', '1994-05-12', 'M', '0916637488', 'river@pocoloco.com', '25f9e794323b453885f5181f1b624d0b', 'Q'),
(320040, 3, 32, '2019-10-04', NULL, 1, 'Cole', 'Braxton\r\n', '6657463865843', '1998-05-03', 'M', '0998476533', 'cole@pocoloco.com', '25f9e794323b453885f5181f1b624d0b', 'E'),
(320041, 3, 32, '2019-10-07', NULL, 2, 'Kaiden', 'Luis\r\n', '1234637284093', '1994-02-12', 'F', '0987635467', 'kaiden@pocoloco.com', '25f9e794323b453885f5181f1b624d0b', 'E'),
(320042, 3, 32, '2019-11-01', '2021-06-13', 2, 'Jasper', 'Gavin', '6657483985734', '1994-02-19', 'M', '0987756473', 'jasper@pocoloco.com', '25f9e794323b453885f5181f1b624d0b', 'Q'),
(320043, 3, 32, '2019-11-07', NULL, 2, 'Juan', 'Ashton\r\n', '5776485908432', '1997-08-10', 'F', '0987466372', 'bentley@pocoloco.com', '25f9e794323b453885f5181f1b624d0b', 'E'),
(320044, 3, 32, '2019-11-27', NULL, 1, 'Jayce\r\n', 'Sporer', '7485739027485', '1999-06-07', 'F', '0987356472', 'jayce@pocoloco.com', '25f9e794323b453885f5181f1b624d0b', 'E'),
(320045, 3, 32, '2019-11-30', NULL, 2, 'Lorenzo', 'Ivan\r\n', '5774638495404', '1977-05-16', 'F', '0998576473', 'lorenzo@pocoloco.com', '25f9e794323b453885f5181f1b624d0b', 'E'),
(320046, 3, 32, '2019-12-07', NULL, 1, 'Jude\r\n\r\n', 'August\r\n\r\n', '2239405965847', '1989-04-11', 'M', '0998746536', 'jude@pocoloco.com', '25f9e794323b453885f5181f1b624d0b', 'S'),
(320047, 3, 32, '2019-12-17', NULL, 2, 'Malachi', 'Carlos\r\n\r\n', '6453434384674', '1992-08-27', 'F', '0987743566', 'malachi@pocoloco.com', '25f9e794323b453885f5181f1b624d0b', 'E'),
(320048, 3, 32, '2019-12-20', NULL, 2, 'Elliott', 'Rhett', '5664758837596', '1984-03-13', 'M', '0998756643', 'elliott@pocoloco.com', '25f9e794323b453885f5181f1b624d0b', 'E'),
(320049, 3, 32, '2020-02-25', NULL, 2, 'Arthur', 'Luka\r\n', '6664756465605', '1982-04-15', 'M', '0998574654', 'arthur@pocoloco.com', '25f9e794323b453885f5181f1b624d0b', 'E'),
(320050, 3, 32, '2020-08-22', '2021-02-11', 1, 'Camden\r\n', 'Maddox\r\n', '6548678478844', '1983-07-15', 'F', '0974637564', 'camden@pocoloco.com', '25f9e794323b453885f5181f1b624d0b', 'Q'),
(320051, 3, 32, '2021-01-07', NULL, 1, 'Theo\r\n', 'Matteo', '7776745674646', '1989-03-25', 'M', '0965646453', 'theo@pocoloco.com', '25f9e794323b453885f5181f1b624d0b', 'E'),
(320052, 3, 32, '2021-04-05', NULL, 1, 'Hayden\r\n', 'Brody', '5654675756746', '1997-02-14', 'F', '0546574643', 'hayden@pocoloco.com', '25f9e794323b453885f5181f1b624d0b', 'S'),
(410001, 4, 41, '2016-06-07', NULL, 1, 'Mallie', 'Swaniawski', '1234567896325', '2021-06-14', 'M', '0875693259', 'maid@pocoloco.com', '25f9e794323b453885f5181f1b624d0b', 'E'),
(410002, 4, 41, '2016-06-07', NULL, 2, 'Judah', 'Xander', '6576756564684', '1994-02-12', 'F', '0998756454', 'judah@pocoloco.com', '25f9e794323b453885f5181f1b624d0b', 'E'),
(410003, 4, 41, '2016-06-07', '2019-04-22', 2, 'Atlas', 'Barrett', '5667457546745', '1993-02-19', 'M', '0988874633', 'atlas@pocoloco.com', '25f9e794323b453885f5181f1b624d0b', 'Q'),
(410004, 4, 41, '2016-06-07', '2020-02-14', 1, 'Meena', 'Mesa', '6594231562316', '1981-05-12', 'F', '0958413655', 'meena@pocoloco.com', '25f9e794323b453885f5181f1b624d0b', 'Q'),
(410006, 4, 41, '2020-02-07', NULL, 3, 'Angel', 'Robance', '4814023051469', '1995-04-03', 'F', '0812456983', 'angelza@pocoloco.com', '25f9e794323b453885f5181f1b624d0b', 'E'),
(420001, 4, 42, '2016-06-07', NULL, 1, 'Brendan', 'Green', '1151515263625', '2021-06-08', 'F', '0845456325', 'hm@pocoloco.com', '25f9e794323b453885f5181f1b624d0b', 'E'),
(420002, 4, 42, '2016-06-07', NULL, 2, 'Jackie', 'Lebsack', '6564236986513', '1997-05-07', 'F', '0879665623', 'metheenee@pocoloco.com', '25f9e794323b453885f5181f1b624d0b', 'E'),
(420003, 4, 42, '2016-07-08', NULL, 2, 'Elithbeth', 'Moneka', '5469865316598', '1993-06-11', 'F', '0869563216', 'elithxabeth@pocoloco.com', '25f9e794323b453885f5181f1b624d0b', 'E'),
(420004, 4, 42, '2016-06-07', NULL, 3, 'Lossa', 'Puna', '6476583904736', '1992-09-18', 'F', '0874115623', 'lossa@pocoloco.com', '25f9e794323b453885f5181f1b624d0b', 'S'),
(420005, 4, 42, '2016-06-07', NULL, 3, 'Polla', 'Tayra', '9561230123569', '1999-06-16', 'F', '0856223654', 'polla@pocoloco.com', '25f9e794323b453885f5181f1b624d0b', 'E'),
(420006, 4, 42, '2016-06-07', NULL, 2, 'Hakuna', 'Mathata', '1102566236594', '1977-04-13', 'F', '0823556159', 'hakuna@pocoloco.com', '25f9e794323b453885f5181f1b624d0b', 'E'),
(420007, 4, 42, '2016-06-07', NULL, 1, 'Lee', 'Ratha', '1562322310234', '1989-03-11', 'M', '0956223165', 'lee@pocoloco.com', '25f9e794323b453885f5181f1b624d0b', 'E'),
(420008, 4, 42, '2016-06-07', NULL, 3, 'Erium', 'Aquar', '1452202365145', '1992-05-27', 'F', '0953226548', 'erium@pocoloco.com', '25f9e794323b453885f5181f1b624d0b', 'E'),
(420009, 4, 42, '2016-06-07', NULL, 2, 'Worrus', 'Preena', '4569853216549', '1984-06-16', 'M', '0845662379', 'worrus@pocoloco.com', '25f9e794323b453885f5181f1b624d0b', 'S'),
(420010, 4, 42, '2016-06-07', NULL, 2, 'Fay', 'Peena', '4523651295123', '1988-04-15', 'M', '0865951236', 'fay@pocoloco.com', '25f9e794323b453885f5181f1b624d0b', 'E'),
(420011, 4, 42, '2016-06-07', NULL, 1, 'Pual', 'Elark', '1225698725550', '1980-07-18', 'F', '0956332156', 'pual@pocoloco.com', '25f9e794323b453885f5181f1b624d0b', 'E'),
(420012, 4, 42, '2016-06-07', NULL, 3, 'Guala', 'Lumper', '2361402984565', '1999-06-11', 'M', '0841552698', 'guala@pocoloco.com', '25f9e794323b453885f5181f1b624d0b', 'E'),
(420013, 4, 42, '2016-06-07', NULL, 1, 'Leena', 'Egar', '2659530147441', '1997-04-10', 'F', '0951236578', 'leena@pocoloco.com', '25f9e794323b453885f5181f1b624d0b', 'E'),
(420014, 4, 42, '2016-06-07', NULL, 2, 'Bamboo', 'Koona', '4510232365489', '2000-08-25', 'F', '0984551236', 'bamboo@pocoloco.com', '25f9e794323b453885f5181f1b624d0b', 'S'),
(420015, 4, 42, '2016-06-07', NULL, 2, 'Coora', 'Weena', '1568945625015', '1996-03-16', 'F', '0842116598', 'coora@pocoloco.com', '25f9e794323b453885f5181f1b624d0b', 'E'),
(420016, 4, 42, '2016-06-07', NULL, 1, 'Weena', 'Wisozk', '7486512365987', '1997-03-24', 'F', '0874236595', 'weena@pocoloco.com', '25f9e794323b453885f5181f1b624d0b', 'E'),
(420017, 4, 42, '2016-06-07', NULL, 3, 'Gelatin', 'Klocko', '5123659852312', '1998-04-28', 'F', '0865230112', 'gelatin@pocoloco.com', '25f9e794323b453885f5181f1b624d0b', 'E'),
(420018, 4, 42, '2016-06-07', NULL, 2, 'Moana', 'Weena', '1488559645230', '1993-02-24', 'F', '0865113596', 'moana@pocoloco.com', '25f9e794323b453885f5181f1b624d0b', 'E'),
(420019, 4, 42, '2016-06-07', NULL, 2, 'Christopher', 'Poona', '5511003264597', '1985-06-12', 'M', '0985662315', 'christofer@pocoloco.com', '25f9e794323b453885f5181f1b624d0b', 'E'),
(420020, 4, 42, '2016-06-07', '2017-09-11', 1, 'Beena', 'Telluna', '1562023478456', '1988-04-21', 'F', '0823665954', 'beena@pocoloco.com', '25f9e794323b453885f5181f1b624d0b', 'Q'),
(420021, 4, 42, '2016-06-07', NULL, 1, 'Barbie', 'Telka', '6521356023549', '1988-05-26', 'F', '0865223048', 'barbie@pocoloco.com', '25f9e794323b453885f5181f1b624d0b', 'E'),
(420022, 4, 42, '2016-06-07', '2018-09-11', 3, 'Lisa', 'Redvelvet', '5610234895476', '1999-08-21', 'F', '0965331256', 'lisa_v@pocoloco.com', '25f9e794323b453885f5181f1b624d0b', 'Q'),
(420023, 4, 42, '2016-06-07', NULL, 1, 'Milli', 'Meters', '1984563023786', '1995-07-06', 'F', '0865441398', 'milli@pocoloco.com', '25f9e794323b453885f5181f1b624d0b', 'E'),
(420024, 4, 42, '2016-06-07', NULL, 2, 'Noa', 'Anoa', '5413665942032', '1976-03-17', 'M', '0813661546', 'noa@pocoloco.com', '25f9e794323b453885f5181f1b624d0b', 'E'),
(420025, 4, 42, '2016-06-07', '2019-11-22', 3, 'Axel', 'Exella', '7562359136515', '1992-08-15', 'M', '0654113698', 'axella@pocoloco.com', '25f9e794323b453885f5181f1b624d0b', 'Q'),
(420026, 4, 42, '2016-06-07', NULL, 1, 'Silas', 'Otera', '8541256220111', '1999-04-17', 'F', '0845661235', 'silas@pocoloco.com', '25f9e794323b453885f5181f1b624d0b', 'E'),
(420027, 4, 42, '2016-06-07', NULL, 2, 'Jackson', 'Moneka', '7451365984523', '1999-12-22', 'M', '0985663254', 'jackson@pocoloco.com', '25f9e794323b453885f5181f1b624d0b', 'E'),
(420028, 4, 42, '2016-06-07', NULL, 3, 'Lorn', 'Wesley', '5621102369875', '1993-07-22', 'M', '0954113659', 'lorn@pocoloco.com', '25f9e794323b453885f5181f1b624d0b', 'E'),
(420029, 4, 42, '2016-06-07', NULL, 3, 'Mirrett', 'Weston', '5223649802456', '1991-08-10', 'M', '0895661224', 'mirrett@pocoloco.com', '25f9e794323b453885f5181f1b624d0b', 'E'),
(420030, 4, 42, '2016-06-07', NULL, 1, 'Legee', 'Musawata', '6952315645984', '1997-06-19', 'M', '0684559845', 'legee@pocoloco.com', '25f9e794323b453885f5181f1b624d0b', 'E'),
(420031, 4, 42, '2016-06-07', '2020-12-23', 2, 'Kevin', 'Master', '6598744569845', '1987-04-15', 'M', '0984665784', 'kevin@pocoloco.com', '25f9e794323b453885f5181f1b624d0b', 'Q'),
(420032, 4, 42, '2016-06-07', NULL, 3, 'Archer', 'Ception', '5462310214785', '1989-03-12', 'M', '0874551265', 'archer@pocoloco.com', '25f9e794323b453885f5181f1b624d0b', 'E'),
(420033, 4, 42, '2016-06-07', NULL, 2, 'Brandon', 'Camden', '6320235894758', '1997-11-20', 'M', '0984775698', 'brandon@pocoloco.com', '25f9e794323b453885f5181f1b624d0b', 'E'),
(420034, 4, 42, '2016-06-07', NULL, 2, 'Maddox', 'Enzo', '7845112659845', '1984-09-13', 'M', '0856456987', 'maddox@pocoloco.com', '25f9e794323b453885f5181f1b624d0b', 'E'),
(420035, 4, 42, '2016-06-07', '2020-09-18', 2, 'Blake', 'Zeesa', '1245897563485', '1997-04-25', 'M', '0874554639', 'blake@pocoloco.com', '25f9e794323b453885f5181f1b624d0b', 'Q'),
(420036, 4, 42, '2016-06-07', NULL, 1, 'Robert', 'Grey', '5478196530256', '1993-10-30', 'F', '0846523169', 'robert@pocoloco.com', '25f9e794323b453885f5181f1b624d0b', 'E'),
(420037, 4, 42, '2016-06-07', NULL, 3, 'Grant', 'Huge', '1564879126645', '1994-07-15', 'M', '0865945679', 'grant@pocoloco.com', '25f9e794323b453885f5181f1b624d0b', 'E'),
(420038, 4, 42, '2016-06-07', NULL, 1, 'Arlo', 'Loana', '8455698135648', '1996-07-25', 'M', '0897446582', 'arlo@pocoloco.com', '25f9e794323b453885f5181f1b624d0b', 'E'),
(420039, 4, 42, '2016-06-07', NULL, 2, 'Avery', 'Valneka', '4594135699465', '1990-08-19', 'F', '0894556130', 'avery@pocoloco.com', '25f9e794323b453885f5181f1b624d0b', 'E'),
(420040, 4, 42, '2016-06-07', '2019-08-13', 2, 'Aden', 'Groona', '8956445623102', '1998-09-16', 'F', '0896554786', 'aden@pocoloco.com', '25f9e794323b453885f5181f1b624d0b', 'Q'),
(420041, 4, 42, '2016-06-07', NULL, 3, 'Jennie', 'Jensen', '9285564123002', '1998-09-14', 'F', '0895664876', 'jennie@pocoloco.com', '25f9e794323b453885f5181f1b624d0b', 'E'),
(420042, 4, 42, '2016-06-07', NULL, 1, 'Adonis', 'Grey', '1984623596495', '1999-12-23', 'M', '0874659136', 'adonis@pocoloco.com', '25f9e794323b453885f5181f1b624d0b', 'E'),
(420043, 4, 42, '2016-06-07', NULL, 2, 'Grager', 'Mendel', '4715265923456', '2000-11-24', 'M', '0965478525', 'grager@pocoloco.com', '25f9e794323b453885f5181f1b624d0b', 'E'),
(420044, 4, 42, '2016-06-07', NULL, 2, 'Baby', 'Shark', '1245658874231', '1989-03-13', 'M', '0855695326', 'babyshark@pocoloco.com', '25f9e794323b453885f5181f1b624d0b', 'E'),
(420045, 4, 42, '2016-06-07', NULL, 3, 'Gael', 'Manda', '7895556632516', '1992-04-03', 'M', '0874556322', 'gael@pocoloco.com', '25f9e794323b453885f5181f1b624d0b', 'S'),
(420046, 4, 42, '2016-06-07', '2020-09-18', 1, 'Amir', 'Meela', '7895362326231', '1999-01-16', 'F', '0842663256', 'amir@pocoloco.com', '25f9e794323b453885f5181f1b624d0b', 'Q'),
(420047, 4, 42, '2016-06-07', NULL, 2, 'Jonatarn', 'Lambo', '8896236231230', '2000-10-24', 'M', '0865419362', 'lambo@pocoloco.com', '25f9e794323b453885f5181f1b624d0b', 'E'),
(420048, 4, 42, '2017-05-07', NULL, 2, 'Kit', 'Katt', '6592231654236', '1993-04-13', 'M', '0682553649', 'kitkat@pocoloco.com', '25f9e794323b453885f5181f1b624d0b', 'E'),
(420049, 4, 42, '2017-10-04', NULL, 3, 'Michell', 'Moduka', '3354692568326', '1991-04-14', 'M', '0826953614', 'michell@pocoloco.com', '25f9e794323b453885f5181f1b624d0b', 'E'),
(420050, 4, 42, '2017-11-03', NULL, 1, 'Lika', 'Medulo', '4495326598546', '1997-06-10', 'M', '0896654987', 'lika@pocoloco.com', '25f9e794323b453885f5181f1b624d0b', 'E'),
(420051, 4, 42, '2017-11-29', '2021-03-11', 3, 'Junior', 'Rowann', '1569562365956', '1987-04-13', 'M', '0854962258', 'juniorm@pocoloco.com', '25f9e794323b453885f5181f1b624d0b', 'Q'),
(420052, 4, 42, '2017-12-03', NULL, 1, 'Medulla', 'Oblong', '7456951526623', '1999-03-15', 'M', '0985551467', 'medulla@pocoloco.com', '25f9e794323b453885f5181f1b624d0b', 'E'),
(420053, 4, 42, '2017-12-27', NULL, 2, 'Strom', 'Stellar', '6652336230212', '1990-12-29', 'M', '0955663311', 'strom@pocoloco.com', '25f9e794323b453885f5181f1b624d0b', 'E'),
(420054, 4, 42, '2018-01-27', NULL, 1, 'Iliana', 'Bergstrom', '6647388206859', '1997-04-14', 'F', '0996874020', 'iliana@pocoloco.com', '25f9e794323b453885f5181f1b624d0b', 'E'),
(420055, 4, 42, '2018-02-07', '2020-11-14', 2, 'Colton', 'Candy', '7892223654123', '1985-11-02', 'M', '0865661456', 'cotton@pocoloco.com', '25f9e794323b453885f5181f1b624d0b', 'Q'),
(420056, 4, 42, '2018-02-02', NULL, 2, 'Everett', 'Renoka', '5695846235156', '1977-06-17', 'F', '069845123', 'everett@pocoloco.com', '25f9e794323b453885f5181f1b624d0b', 'E'),
(420057, 4, 42, '2018-04-25', NULL, 3, 'Richard', 'Daris', '5698561302745', '1996-07-02', 'M', '0895447513', 'richard@pocoloco.com', '25f9e794323b453885f5181f1b624d0b', 'E'),
(420058, 4, 42, '2019-01-22', NULL, 2, 'Finley', 'Dena', '5647713265985', '1992-06-27', 'F', '0874694136', 'finley@pocoloco.com', '25f9e794323b453885f5181f1b624d0b', 'E'),
(420059, 4, 42, '2019-06-27', NULL, 2, 'Grayson', 'Songray', '1402365236236', '1984-09-13', 'M', '0862362132', 'grayson@pocoloco.com', '25f9e794323b453885f5181f1b624d0b', 'E'),
(420060, 4, 42, '2020-01-23', NULL, 2, 'Gabriel', 'Fay', '4415623874562', '1982-06-17', 'M', '0984221326', 'gabriel@pocoloco.com', '25f9e794323b453885f5181f1b624d0b', 'E'),
(420061, 4, 42, '2020-02-27', NULL, 1, 'Evan', 'Mayer', '4895162320215', '1985-04-19', 'F', '0658447984', 'evan@pocoloco.com', '25f9e794323b453885f5181f1b624d0b', 'E'),
(420062, 4, 42, '2020-05-17', NULL, 3, 'Kriitan', 'Hamber', '7894556236595', '1999-03-07', 'M', '0877963102', 'kritan@pocoloco.com', '25f9e794323b453885f5181f1b624d0b', 'E'),
(420063, 4, 42, '2020-10-27', '2021-05-11', 1, 'Kooka', 'Lookran', '9954820136549', '1997-04-11', 'F', '0856211023', 'kooka@pocoloco.com', '25f9e794323b453885f5181f1b624d0b', 'Q'),
(420064, 4, 42, '2021-02-27', NULL, 2, 'Daisy', 'Beeka', '4551236023156', '2000-04-02', 'F', '0874112365', 'daisyza@pocoloco.com', '25f9e794323b453885f5181f1b624d0b', 'E'),
(420065, 4, 42, '2021-03-12', NULL, 2, 'Bella', 'Sawanya', '8565123659456', '1998-12-25', 'F', '0956223456', 'bella@pocoloco.com', '25f9e794323b453885f5181f1b624d0b', 'E'),
(420066, 4, 42, '2021-04-07', NULL, 1, 'Zoosa', 'Papika', '5120336595145', '1997-08-24', 'F', '0895223659', 'zoosa@pocoloco.com', '25f9e794323b453885f5181f1b624d0b', 'E'),
(510001, 5, 51, '2016-06-07', NULL, 3, 'Kingston', 'Tonking', '8956456321266', '1997-09-22', 'M', '0655632698', 'kingston@pocoloco.com', '25f9e794323b453885f5181f1b624d0b', 'E'),
(510002, 5, 51, '2016-06-07', '2017-10-11', 1, 'Chase', 'Zalmon', '7845110236598', '1994-06-04', 'M', '0845113659', 'chase@pocoloco.com', '25f9e794323b453885f5181f1b624d0b', 'Q'),
(510003, 5, 51, '2017-10-17', NULL, 2, 'Benjamin', 'France', '7849563659412', '1992-05-11', 'M', '0985846587', 'benjaminfrank@pocoloco.com', '25f9e794323b453885f5181f1b624d0b', 'E'),
(520001, 5, 52, '2016-06-07', NULL, 1, 'Somchai', 'Saauard', '5698746231265', '1968-02-06', 'M', '0845774145', 'somchai@pocoloco.com', '25f9e794323b453885f5181f1b624d0b', 'E'),
(520002, 5, 52, '2016-06-07', NULL, 1, 'Sombut', 'Butsom', '5623145678965', '1994-06-15', 'M', '0895623569', 'sombut@pocoloco.com', '25f9e794323b453885f5181f1b624d0b', 'E'),
(520003, 5, 52, '2016-06-07', NULL, 1, 'Emelie', 'Wisozk', '6664738894076', '1997-03-24', 'F', '0889778356', 'emelie@pocoloco.com', '25f9e794323b453885f5181f1b624d0b', 'E'),
(520004, 5, 52, '2016-06-15', NULL, 1, 'Somhey', 'Heysom', '5648963215648', '1972-06-14', 'M', '0874114569', 'somhey@pocoloco.com', '25f9e794323b453885f5181f1b624d0b', 'E'),
(520005, 5, 52, '2021-01-01', NULL, 3, 'Sonnai', 'Naisom', '4023256321236', '1985-06-25', 'M', '0876563265', 'somnai@pocoloco.com', '25f9e794323b453885f5181f1b624d0b', 'S'),
(520006, 5, 52, '2016-06-07', NULL, 1, 'Talon', 'Langworth', '3463527384953', '1986-07-24', 'F', '0984536627', 'talon@pocoloco.com', '25f9e794323b453885f5181f1b624d0b', 'E'),
(520007, 5, 52, '2016-06-07', '2020-02-14', 1, 'Brionna', 'Baumbach', '3425667389022', '1993-06-16', 'F', '0987763562', 'brionna@pocoloco.com', '25f9e794323b453885f5181f1b624d0b', 'Q'),
(520008, 5, 52, '2016-06-07', '2021-01-14', 2, 'Willa', 'Market', '5623654789654', '1992-05-15', 'F', '0823659565', 'willa@pocoloco.com', '25f9e794323b453885f5181f1b624d0b', 'Q'),
(520009, 5, 52, '2016-06-07', '2020-01-10', 1, 'Ray', 'Hintz', '3274638920175', '1994-05-12', 'M', '0984453617', 'ray@pocoloco.com', '25f9e794323b453885f5181f1b624d0b', 'Q'),
(520010, 5, 52, '2016-06-07', NULL, 3, 'Jay', 'Walter', '2456376890352', '1992-05-14', 'M', '0987635427', 'jay@pocoloco.com', '25f9e794323b453885f5181f1b624d0b', 'S'),
(520011, 5, 52, '2016-06-07', NULL, 3, 'Zooza', 'Jellato', '5562302136548', '1998-06-28', 'F', '0852003265', 'zooza@pocoloco.com', '25f9e794323b453885f5181f1b624d0b', 'E'),
(520012, 5, 52, '2016-06-07', NULL, 2, 'Jella', 'Tomas', '8569626201326', '1997-12-20', 'F', '0823659514', 'jella@pocoloco.com', '25f9e794323b453885f5181f1b624d0b', 'E'),
(520013, 5, 52, '2016-06-07', NULL, 2, 'Quest', 'Champion', '1452687456223', '1992-09-10', 'M', '0874556959', 'quest@pocoloco.com', '25f9e794323b453885f5181f1b624d0b', 'E'),
(520014, 5, 52, '2016-06-07', '2017-08-14', 3, 'Risa', 'Mella', '1562163306236', '1988-02-16', 'F', '0896554123', 'risas@pocoloco.com', '25f9e794323b453885f5181f1b624d0b', 'Q'),
(520015, 5, 52, '2016-06-07', '2018-11-23', 3, 'Isabella', 'Walla', '8562302659823', '1982-02-25', 'F', '0856992365', 'isabella@pocoloco.com', '25f9e794323b453885f5181f1b624d0b', 'Q'),
(520016, 5, 52, '2016-06-07', '2019-03-18', 3, 'Loana', 'Hoola', '4562312659456', '1999-08-11', 'F', '0852663264', 'loana@pocoloco.com', '25f9e794323b453885f5181f1b624d0b', 'Q'),
(520017, 5, 52, '2016-06-07', '2020-09-17', 2, 'Lucas', 'Barber', '5626223659874', '1995-10-02', 'M', '0856230623', 'lucas@pocoloco.com', '25f9e794323b453885f5181f1b624d0b', 'Q'),
(520018, 5, 52, '2016-06-07', NULL, 2, 'Koblin', 'Heeka', '5623023156123', '1989-03-13', 'M', '0823665495', 'koblin@pocoloco.com', '25f9e794323b453885f5181f1b624d0b', 'E'),
(520019, 5, 52, '2017-09-17', NULL, 1, 'Michale', 'Jordan', '1562302345659', '1992-04-13', 'M', '0956233165', 'michale@pocoloco.com', '25f9e794323b453885f5181f1b624d0b', 'E'),
(520020, 5, 52, '2017-10-27', NULL, 2, 'Bello', 'Woohoo', '6595610032165', '1990-01-25', 'F', '0856123653', 'bello@pocoloco.com', '25f9e794323b453885f5181f1b624d0b', 'S'),
(520021, 5, 52, '2017-11-07', NULL, 1, 'Matthew', 'Mewthat', '1141021236563', '1988-07-11', 'F', '0612010236', 'mathew@pocoloco.com', '25f9e794323b453885f5181f1b624d0b', 'E'),
(520022, 5, 52, '2017-12-07', NULL, 2, 'David', 'Black', '1102365412356', '1994-05-07', 'M', '0984453617', 'david@pocoloco.com', '25f9e794323b453885f5181f1b624d0b', 'E'),
(520023, 5, 52, '2018-02-01', NULL, 2, 'Theodore', 'Blazeee', '4511002365123', '1987-12-12', 'M', '0945510320', 'theodore@pocoloco.com', '25f9e794323b453885f5181f1b624d0b', 'E'),
(520024, 5, 52, '2018-12-07', NULL, 2, 'Jackson', 'Masso', '8774569522004', '1989-10-12', 'M', '0667224673', 'jackson_01@pocoloco.com', '25f9e794323b453885f5181f1b624d0b', 'E'),
(520025, 5, 52, '2019-05-29', NULL, 1, 'Aiden', 'Weddo', '1145623656231', '1998-03-11', 'F', '0984569556', 'aiden_w@pocoloco.com', '25f9e794323b453885f5181f1b624d0b', 'E'),
(520026, 5, 52, '2019-05-24', NULL, 1, 'Levi', 'Jakobe', '5554659653125', '1990-08-21', 'F', '0667822650', 'levi@pocoloco.com', '25f9e794323b453885f5181f1b624d0b', 'E'),
(520027, 5, 52, '2019-06-28', NULL, 3, 'Anders', 'Hammer', '3662748893092', '1995-12-04', 'F', '0685445454', 'anderss@pocoloco.com', '25f9e794323b453885f5181f1b624d0b', 'E'),
(610001, 6, 61, '2016-06-07', NULL, 2, 'Suky', 'Preritai', '1520003640201', '1995-12-02', 'F', '0815234695', 'suky.02@pocoloco.com', '25f9e794323b453885f5181f1b624d0b', 'E'),
(610002, 6, 61, '2016-06-07', NULL, 1, 'Frence', 'Fried', '6352691563254', '1993-07-04', 'F', '0836965236', 'frence@pocoloco.com', '25f9e794323b453885f5181f1b624d0b', 'E'),
(620001, 6, 62, '2016-06-07', NULL, 2, 'Somyut', 'Srisaman', '1025810002318', '1975-06-08', 'M', '0856321464', 'somyut.s@pocoloco.com', '25f9e794323b453885f5181f1b624d0b', 'E'),
(620002, 6, 62, '2016-06-07', NULL, 1, 'Looca', 'Caloo', '3562145645326', '1992-03-07', 'M', '0896332610', 'looca@pocoloco.com', '25f9e794323b453885f5181f1b624d0b', 'E'),
(620003, 6, 62, '2016-06-07', NULL, 1, 'Chester', 'Mckef', '3562645987456', '1996-01-05', 'M', '0685954178', 'chester@pocoloco.com', '25f9e794323b453885f5181f1b624d0b', 'E'),
(620004, 6, 62, '2016-06-07', NULL, 2, 'Pearson', 'Soonka', '7489563265945', '1990-07-12', 'F', '0925632156', 'pearson@pocoloco.com', '25f9e794323b453885f5181f1b624d0b', 'E'),
(620005, 6, 62, '2018-06-07', NULL, 2, 'Mcdonald', 'Kefec', '9884562315623', '1998-03-21', 'F', '0874563263', 'mckfc@pocoloco.com', '25f9e794323b453885f5181f1b624d0b', 'E'),
(710001, 7, 71, '2016-06-07', NULL, 1, 'Zimson', 'Sonsum', '8965445213021', '1995-02-04', 'F', '0896556636', 'zimson@pocoloco.com', '25f9e794323b453885f5181f1b624d0b', 'E'),
(710002, 7, 71, '2016-06-07', NULL, 2, 'Simson', 'Loocas', '2110236556329', '1996-11-08', 'F', '0856593126', 'simson@pocoloco.com', '25f9e794323b453885f5181f1b624d0b', 'E'),
(720001, 7, 72, '2016-06-07', NULL, 1, 'Zoomba', 'Leica', '7895326156554', '1995-11-09', 'M', '0659884569', 'zooba@pocoloco.com', '25f9e794323b453885f5181f1b624d0b', 'E'),
(720002, 7, 72, '2016-06-07', NULL, 2, 'Pikka', 'Boo', '45845669235', '2000-12-14', 'F', '0895662365', 'pikka@pocoloco.com', '25f9e794323b453885f5181f1b624d0b', 'E'),
(720003, 7, 72, '2016-06-07', NULL, 1, 'Bam', 'Boden', '5213023663265', '1988-12-17', 'F', '0895663265', 'bambam@pocoloco.com', '25f9e794323b453885f5181f1b624d0b', 'E'),
(720004, 7, 72, '2016-06-07', '2017-09-27', 3, 'Demi', 'Mika', '5012362695845', '1992-12-15', 'F', '0956336532', 'demi@pocoloco.com', '25f9e794323b453885f5181f1b624d0b', 'Q'),
(720005, 7, 72, '2016-06-07', NULL, 1, 'Miya', 'Hoola', '2133652365023', '1990-08-11', 'F', '0854771563', 'Miya@pocoloco.com', '25f9e794323b453885f5181f1b624d0b', 'E'),
(720006, 7, 72, '2016-06-07', '2018-09-26', 1, 'Noamee', 'Pearza', '7415236626203', '1993-04-10', 'F', '0852336549', 'noamee@pocoloco.com', '25f9e794323b453885f5181f1b624d0b', 'Q'),
(720007, 7, 72, '2016-06-07', NULL, 2, 'Thunder', 'Stellar', '6651123478965', '1989-10-17', 'M', '0652331653', 'thunder@pocoloco.com', '25f9e794323b453885f5181f1b624d0b', 'E'),
(720008, 7, 72, '2016-06-07', NULL, 2, 'Eli', 'Granger', '8985641256311', '1997-12-12', 'F', '0841215125', 'eliza05@pocoloco.com', '25f9e794323b453885f5181f1b624d0b', 'E'),
(720009, 7, 72, '2017-10-07', NULL, 1, 'Elias', 'Lias', '7751230623596', '1993-04-07', 'F', '0623110236', 'elias@pocoloco.com', '25f9e794323b453885f5181f1b624d0b', 'E'),
(720010, 7, 72, '2017-11-19', NULL, 1, 'Jayden', 'Wizozk', '1545695562312', '1997-07-18', 'F', '0847445696', 'jayden02@pocoloco.com', '25f9e794323b453885f5181f1b624d0b', 'S'),
(720011, 7, 72, '2018-12-29', NULL, 2, 'Julian', 'Sawa', '4125011236532', '1998-08-19', 'F', '0874114156', 'juliann@pocoloco.com', '25f9e794323b453885f5181f1b624d0b', 'E'),
(720012, 7, 72, '2020-07-19', NULL, 3, 'Asher', 'Baum', '6652665923123', '1993-03-05', 'F', '0879856532', 'asher@pocoloco.com', '25f9e794323b453885f5181f1b624d0b', 'E');

-- --------------------------------------------------------

--
-- Stand-in structure for view `employee_view`
-- (See below for the actual view)
--
CREATE TABLE `employee_view` (
`employeeID` int(6)
,`em_name` varchar(66)
,`firstName` varchar(32)
,`lastName` varchar(32)
,`departmentName` varchar(64)
,`roleName` varchar(64)
,`salary` int(8)
,`workStatus` varchar(9)
,`shift` varchar(13)
,`startDate` date
,`endDate` date
,`identification` varchar(13)
,`gender` char(1)
,`DOB` date
,`email` varchar(256)
,`phone` varchar(10)
,`duration` int(5)
,`picName` varchar(65)
);

-- --------------------------------------------------------

--
-- Stand-in structure for view `expense_view`
-- (See below for the actual view)
--
CREATE TABLE `expense_view` (
`expenseID` int(10)
,`expenseDate` date
,`employeeID` int(6)
,`roleName` varchar(64)
,`gender` char(1)
,`em_firstname` varchar(32)
,`em_lastname` varchar(32)
,`type` varchar(13)
,`detail` text
,`expense` float
);

-- --------------------------------------------------------

--
-- Table structure for table `hotelexpense`
--

CREATE TABLE `hotelexpense` (
  `expenseID` int(10) NOT NULL,
  `employeeID` int(10) NOT NULL,
  `type` int(4) NOT NULL,
  `dateTime` timestamp NOT NULL DEFAULT current_timestamp() ON UPDATE current_timestamp(),
  `expenseDate` date NOT NULL,
  `detail` text NOT NULL,
  `expense` float NOT NULL
) ENGINE=InnoDB DEFAULT CHARSET=utf8mb4;

--
-- Dumping data for table `hotelexpense`
--

INSERT INTO `hotelexpense` (`expenseID`, `employeeID`, `type`, `dateTime`, `expenseDate`, `detail`, `expense`) VALUES
(1, 110001, 8, '2021-06-03 16:10:41', '2016-06-07', 'Domain', 1990),
(2, 210001, 8, '2021-06-03 16:19:38', '2016-06-07', 'Paper', 500),
(3, 320001, 2, '2021-06-03 16:25:45', '2016-06-07', 'Flavouring', 2600),
(4, 320001, 2, '2021-06-03 16:25:45', '2016-06-07', 'Appliance', 11900),
(5, 320001, 2, '2021-06-03 16:25:45', '2016-06-07', 'Ingredient', 8900),
(6, 410001, 1, '2021-06-04 15:11:16', '2016-06-07', 'Cleaning Supplies', 3400),
(7, 510001, 8, '2021-06-04 15:22:19', '2016-06-07', 'Flash Light', 1900),
(8, 510001, 8, '2021-06-04 15:24:22', '2016-06-07', 'Bicycle', 6000),
(9, 110002, 7, '2021-06-04 15:24:22', '2016-06-07', 'Openning Decoration', 16000),
(10, 310001, 6, '2021-06-04 15:24:22', '2016-06-07', 'Food Menu', 900),
(11, 610001, 4, '2021-06-04 15:26:43', '2016-07-01', 'Electricity Bill', 89000),
(12, 610001, 5, '2021-06-04 15:26:43', '2016-07-01', 'Water Bill', 11000),
(13, 320001, 2, '2021-06-03 16:25:45', '2016-07-07', 'Flavouring', 3400),
(14, 320001, 2, '2021-06-03 16:25:45', '2016-07-07', 'Appliance', 1100),
(15, 320001, 2, '2021-06-03 16:25:45', '2016-07-07', 'Ingredient', 4900),
(16, 710001, 4, '2021-06-04 15:33:21', '2016-07-11', 'Light Bulb', 2400),
(17, 710001, 4, '2021-06-04 15:35:42', '2016-07-23', 'Power Strip', 600),
(18, 310001, 2, '2021-06-04 15:40:46', '2016-07-31', 'Gas', 2500),
(19, 410003, 1, '2021-06-04 16:05:10', '2016-07-31', 'Towel', 1120),
(20, 410002, 1, '2021-06-04 16:05:10', '2016-07-31', 'Cleaning Supplies', 2500),
(21, 610001, 4, '2021-06-04 15:26:43', '2016-08-01', 'Electricity Bill', 129000),
(22, 610001, 5, '2021-06-04 15:26:43', '2016-08-01', 'Water Bill', 31000),
(23, 320001, 2, '2021-06-03 16:19:38', '2016-08-07', 'Flavouring', 2600),
(24, 720001, 3, '2021-06-03 16:25:45', '2016-08-23', 'Room 1301', 1100),
(25, 610001, 4, '2021-06-04 15:26:43', '2016-09-01', 'Electricity Bill', 99000),
(26, 610001, 5, '2021-06-04 15:26:43', '2016-09-01', 'Water Bill', 34000),
(27, 410001, 1, '2021-06-04 15:11:16', '2016-09-07', 'Cleaning Supplies', 5400),
(28, 420001, 1, '2021-06-04 15:22:19', '2016-09-14', 'Blanket', 1900),
(29, 420001, 1, '2021-06-04 15:24:22', '2016-09-14', 'Pillow', 800),
(30, 310001, 2, '2021-06-04 15:40:46', '2016-09-30', 'Gas', 2500),
(31, 610001, 4, '2021-06-04 15:26:43', '2016-10-01', 'Electricity Bill', 149000),
(32, 610001, 5, '2021-06-04 15:26:43', '2016-10-01', 'Water Bill', 33000),
(33, 110002, 6, '2021-06-04 15:24:22', '2016-10-03', 'Facebook Advertisement', 16000),
(34, 110002, 6, '2021-06-04 15:24:22', '2016-10-03', 'Instagram Advertisement', 8000),
(35, 710001, 3, '2021-06-04 15:24:22', '2016-10-14', 'Room 1401', 900),
(36, 320001, 2, '2021-06-03 16:25:45', '2016-10-27', 'Flavouring', 2500),
(37, 320001, 2, '2021-06-03 16:25:45', '2016-10-27', 'Appliance', 300),
(38, 320001, 2, '2021-06-03 16:25:45', '2016-10-27', 'Ingredient', 8900),
(39, 610001, 4, '2021-06-04 15:26:43', '2016-11-01', 'Electricity Bill', 149000),
(40, 610001, 5, '2021-06-04 15:26:43', '2016-11-01', 'Water Bill', 37000),
(41, 710001, 4, '2021-06-04 15:33:21', '2016-11-11', 'Light Bulb', 1200),
(42, 710001, 4, '2021-06-04 15:35:42', '2016-11-23', 'Power Strip', 200),
(43, 310001, 2, '2021-06-04 15:40:46', '2016-11-30', 'Gas', 3400),
(44, 410002, 1, '2021-06-04 16:05:10', '2016-11-30', 'Cleaning Supplies', 1000),
(45, 610001, 4, '2021-06-04 15:26:43', '2016-12-01', 'Electricity Bill', 119000),
(46, 610001, 5, '2021-06-04 15:26:43', '2016-12-01', 'Water Bill', 23000),
(47, 710001, 3, '2021-06-04 15:24:22', '2016-12-18', 'Room 1211', 900),
(48, 710001, 3, '2021-06-04 15:24:22', '2016-12-18', 'Room 1201', 100),
(49, 710001, 3, '2021-06-04 15:24:22', '2016-12-18', 'Room 1322', 750),
(50, 110001, 7, '2021-06-04 15:40:46', '2016-12-21', 'Christmas Decoration', 10000),
(51, 610001, 4, '2021-06-04 15:26:43', '2017-01-01', 'Electricity Bill', 139000),
(52, 610001, 5, '2021-06-04 15:26:43', '2017-01-01', 'Water Bill', 23000),
(53, 720001, 3, '2021-06-03 16:25:45', '2017-01-23', 'Room 1506', 1100),
(54, 610001, 4, '2021-06-04 15:26:43', '2017-02-01', 'Electricity Bill', 99000),
(55, 610001, 5, '2021-06-04 15:26:43', '2017-02-01', 'Water Bill', 23000),
(56, 410001, 1, '2021-06-04 15:11:16', '2017-02-07', 'Cleaning Supplies', 3400),
(57, 420001, 1, '2021-06-04 15:22:19', '2017-02-28', 'Bed Sheet', 1900),
(58, 610001, 4, '2021-06-04 15:26:43', '2017-03-01', 'Electricity Bill', 79000),
(59, 610001, 5, '2021-06-04 15:26:43', '2017-03-01', 'Water Bill', 19000),
(60, 420001, 1, '2021-06-04 15:24:22', '2017-03-14', 'Towel', 800),
(61, 310001, 2, '2021-06-04 15:40:46', '2017-03-30', 'Gas', 1300),
(62, 610001, 4, '2021-06-04 15:26:43', '2017-04-01', 'Electricity Bill', 149000),
(63, 610001, 5, '2021-06-04 15:26:43', '2017-04-01', 'Water Bill', 33000),
(64, 110002, 6, '2021-06-04 15:24:22', '2017-04-03', 'Facebook Advertisement', 16000),
(65, 110002, 6, '2021-06-04 15:24:22', '2017-04-03', 'Instagram Advertisement', 8000),
(66, 710001, 4, '2021-06-04 15:33:21', '2017-04-26', 'Light Bulb', 1200),
(67, 610001, 4, '2021-06-04 15:26:43', '2017-05-01', 'Electricity Bill', 149000),
(68, 610001, 5, '2021-06-04 15:26:43', '2017-05-01', 'Water Bill', 37000),
(69, 710001, 4, '2021-06-04 15:35:42', '2017-05-23', 'Power Strip', 200),
(70, 310001, 2, '2021-06-04 15:40:46', '2017-05-31', 'Gas', 3400),
(71, 610001, 4, '2021-06-04 15:26:43', '2017-06-01', 'Electricity Bill', 149000),
(72, 610001, 5, '2021-06-04 15:26:43', '2017-06-01', 'Water Bill', 37000),
(73, 110001, 8, '2021-06-04 16:05:10', '2017-06-07', 'Domain', 1990),
(74, 410002, 1, '2021-06-04 16:05:10', '2017-06-22', 'Cleaning Supplies', 1000),
(75, 710001, 3, '2021-06-04 15:24:22', '2017-06-28', 'Room 1401', 900),
(76, 610001, 4, '2021-06-04 15:26:43', '2017-07-01', 'Electricity Bill', 120000),
(77, 610001, 5, '2021-06-04 15:26:43', '2017-07-01', 'Water Bill', 29000),
(78, 320001, 2, '2021-06-03 16:25:45', '2017-07-27', 'Flavouring', 4500),
(79, 320001, 2, '2021-06-03 16:25:45', '2017-07-27', 'Appliance', 300),
(80, 320001, 2, '2021-06-03 16:25:45', '2017-07-27', 'Ingredient', 8900),
(81, 610001, 4, '2021-06-04 15:26:43', '2017-08-01', 'Electricity Bill', 119000),
(82, 610001, 5, '2021-06-04 15:26:43', '2017-08-01', 'Water Bill', 21000),
(83, 710001, 4, '2021-06-04 15:33:21', '2017-08-13', 'Light Bulb', 1200),
(84, 610001, 4, '2021-06-04 15:26:43', '2017-09-01', 'Electricity Bill', 100000),
(85, 610001, 5, '2021-06-04 15:26:43', '2017-09-01', 'Water Bill', 22000),
(86, 710001, 4, '2021-06-04 15:35:42', '2017-09-23', 'Power Strip', 260),
(89, 310001, 2, '2021-06-04 15:40:46', '2017-09-30', 'Gas', 1100),
(90, 610001, 4, '2021-06-04 15:26:43', '2017-10-01', 'Electricity Bill', 100000),
(91, 610001, 5, '2021-06-04 15:26:43', '2017-10-01', 'Water Bill', 22000),
(92, 410002, 1, '2021-06-04 16:05:10', '2017-10-31', 'Cleaning Supplies', 1000),
(93, 610001, 4, '2021-06-04 15:26:43', '2017-11-01', 'Electricity Bill', 119000),
(94, 610001, 5, '2021-06-04 15:26:43', '2017-11-01', 'Water Bill', 23000),
(95, 710001, 3, '2021-06-04 15:24:22', '2017-11-22', 'Room 1401', 900),
(96, 710001, 3, '2021-06-04 15:24:22', '2017-11-22', 'Room 1415', 750),
(97, 610001, 4, '2021-06-04 15:26:43', '2017-12-01', 'Electricity Bill', 119000),
(98, 610001, 5, '2021-06-04 15:26:43', '2017-12-01', 'Water Bill', 23000),
(99, 710001, 3, '2021-06-04 15:24:22', '2017-12-18', 'Room 1322', 750),
(100, 110001, 7, '2021-06-04 15:40:46', '2017-12-20', 'Christmas Decoration', 10000),
(101, 610001, 4, '2021-06-04 15:26:43', '2018-01-01', 'Electricity Bill', 119000),
(102, 610001, 5, '2021-06-04 15:26:43', '2018-01-01', 'Water Bill', 11000),
(103, 720001, 3, '2021-06-03 16:25:45', '2018-01-13', 'Room 1788', 1100),
(104, 610001, 4, '2021-06-04 15:26:43', '2018-02-01', 'Electricity Bill', 129000),
(105, 610001, 5, '2021-06-04 15:26:43', '2018-02-01', 'Water Bill', 18900),
(106, 710001, 4, '2021-06-04 15:35:42', '2018-02-23', 'Power Strip', 400),
(107, 610001, 4, '2021-06-04 15:26:43', '2018-03-01', 'Electricity Bill', 79000),
(108, 610001, 5, '2021-06-04 15:26:43', '2018-03-01', 'Water Bill', 19000),
(109, 420001, 1, '2021-06-04 15:24:22', '2018-03-14', 'Blanket', 1000),
(110, 420001, 1, '2021-06-04 15:24:22', '2018-03-14', 'Towel', 800),
(111, 610001, 4, '2021-06-04 15:26:43', '2018-04-01', 'Electricity Bill', 149000),
(112, 610001, 5, '2021-06-04 15:26:43', '2018-04-01', 'Water Bill', 33000),
(113, 110002, 6, '2021-06-04 15:24:22', '2018-04-23', 'Facebook Advertisement', 5000),
(114, 110002, 6, '2021-06-04 15:24:22', '2018-04-23', 'Instagram Advertisement', 8000),
(115, 410002, 1, '2021-06-04 16:05:10', '2018-04-30', 'Cleaning Supplies', 300),
(116, 610001, 4, '2021-06-04 15:26:43', '2018-05-01', 'Electricity Bill', 119000),
(117, 610001, 5, '2021-06-04 15:26:43', '2018-05-01', 'Water Bill', 12000),
(118, 710001, 4, '2021-06-04 15:35:42', '2018-05-15', 'Light Bulb', 1120),
(119, 310001, 2, '2021-06-04 15:40:46', '2018-05-16', 'Gas', 2300),
(120, 610001, 4, '2021-06-04 15:26:43', '2018-06-01', 'Electricity Bill', 126000),
(121, 610001, 5, '2021-06-04 15:26:43', '2018-06-01', 'Water Bill', 13200),
(122, 110001, 8, '2021-06-04 16:05:10', '2018-06-07', 'Domain', 1990),
(123, 320001, 2, '2021-06-03 16:25:45', '2018-06-27', 'Flavouring', 1200),
(124, 320001, 2, '2021-06-03 16:25:45', '2018-06-27', 'Ingredient', 11900),
(125, 610001, 4, '2021-06-04 15:26:43', '2018-07-01', 'Electricity Bill', 112800),
(126, 610001, 5, '2021-06-04 15:26:43', '2018-07-01', 'Water Bill', 14500),
(127, 320001, 2, '2021-06-03 16:25:45', '2018-07-27', 'Flavouring', 3400),
(128, 610001, 4, '2021-06-04 15:26:43', '2018-09-01', 'Electricity Bill', 167590),
(129, 610001, 5, '2021-06-04 15:26:43', '2018-09-01', 'Water Bill', 14350),
(130, 320001, 2, '2021-06-03 16:25:45', '2018-07-27', 'Ingredient', 8900),
(131, 610001, 4, '2021-06-04 15:26:43', '2018-08-01', 'Electricity Bill', 119000),
(132, 610001, 5, '2021-06-04 15:26:43', '2018-08-01', 'Water Bill', 21000),
(133, 710001, 4, '2021-06-04 15:33:21', '2018-08-13', 'Light Bulb', 1200),
(134, 610001, 4, '2021-06-04 15:26:43', '2018-09-01', 'Electricity Bill', 100000),
(135, 610001, 5, '2021-06-04 15:26:43', '2018-09-01', 'Water Bill', 22000),
(136, 410002, 1, '2021-06-04 16:05:10', '2018-09-28', 'Slippers', 2000),
(137, 610001, 4, '2021-06-04 15:26:43', '2018-10-01', 'Electricity Bill', 100000),
(138, 610001, 5, '2021-06-04 15:26:43', '2018-10-01', 'Water Bill', 22000),
(139, 710001, 3, '2021-06-04 15:24:22', '2018-10-23', 'Room 1211', 900),
(140, 610001, 4, '2021-06-04 15:26:43', '2018-11-01', 'Electricity Bill', 145030),
(141, 610001, 5, '2021-06-04 15:26:43', '2018-11-01', 'Water Bill', 23000),
(142, 410002, 1, '2021-06-04 16:05:10', '2018-11-21', 'Bath Mat', 2000),
(143, 610001, 4, '2021-06-04 15:26:43', '2018-12-01', 'Electricity Bill', 165780),
(144, 110001, 7, '2021-06-04 15:40:46', '2018-12-22', 'Christmas Decoration', 10000),
(145, 610002, 4, '2021-06-04 15:26:43', '2019-01-01', 'Electricity Bill', 119000),
(146, 610002, 5, '2021-06-04 15:26:43', '2019-01-01', 'Water Bill', 11000),
(147, 720002, 3, '2021-06-03 16:25:45', '2019-01-18', 'Room 1822', 300),
(148, 610002, 4, '2021-06-04 15:26:43', '2019-02-01', 'Electricity Bill', 129000),
(149, 610002, 5, '2021-06-04 15:26:43', '2019-02-01', 'Water Bill', 18900),
(150, 610002, 4, '2021-06-04 15:26:43', '2019-03-01', 'Electricity Bill', 179000),
(151, 610002, 5, '2021-06-04 15:26:43', '2019-03-01', 'Water Bill', 39000),
(152, 420001, 1, '2021-06-04 15:24:22', '2019-03-14', 'Hand Towel', 1000),
(153, 610002, 4, '2021-06-04 15:26:43', '2019-04-01', 'Electricity Bill', 159000),
(154, 610002, 5, '2021-06-04 15:26:43', '2019-04-01', 'Water Bill', 23000),
(155, 110002, 6, '2021-06-04 15:24:22', '2019-04-22', 'Facebook Advertisement', 5000),
(156, 110002, 6, '2021-06-04 15:24:22', '2019-04-22', 'Instagram Advertisement', 8000),
(157, 410002, 1, '2021-06-04 16:05:10', '2019-04-28', 'Power Strip', 300),
(158, 610002, 4, '2021-06-04 15:26:43', '2019-05-01', 'Electricity Bill', 119000),
(159, 610002, 5, '2021-06-04 15:26:43', '2019-05-01', 'Water Bill', 12000),
(160, 610002, 4, '2021-06-04 15:26:43', '2019-06-01', 'Electricity Bill', 126000),
(161, 610002, 5, '2021-06-04 15:26:43', '2019-06-01', 'Water Bill', 13200),
(162, 110001, 8, '2021-06-04 16:05:10', '2019-06-07', 'Domain', 1990),
(163, 320001, 2, '2021-06-03 16:25:45', '2019-06-27', 'Flavouring', 2300),
(164, 320001, 2, '2021-06-03 16:25:45', '2019-06-27', 'Ingredient', 19900),
(165, 610001, 4, '2021-06-04 15:26:43', '2019-07-01', 'Electricity Bill', 112800),
(166, 610001, 5, '2021-06-04 15:26:43', '2019-07-01', 'Water Bill', 14500),
(167, 610001, 4, '2021-06-04 15:26:43', '2019-08-01', 'Electricity Bill', 167590),
(168, 610001, 5, '2021-06-04 15:26:43', '2019-08-01', 'Water Bill', 14350),
(169, 410002, 1, '2021-06-04 16:05:10', '2019-09-28', 'Cleaning Supplies', 1300),
(170, 610001, 4, '2021-06-04 15:26:43', '2019-08-01', 'Electricity Bill', 119000),
(171, 610001, 5, '2021-06-04 15:26:43', '2019-08-01', 'Water Bill', 21000),
(172, 710001, 4, '2021-06-04 15:33:21', '2019-08-13', 'Light Bulb', 1200),
(173, 610001, 4, '2021-06-04 15:26:43', '2019-10-01', 'Electricity Bill', 145600),
(174, 610001, 5, '2021-06-04 15:26:43', '2019-10-01', 'Water Bill', 22000),
(175, 410002, 1, '2021-06-04 16:05:10', '2019-10-28', 'Hair Dryer', 1000),
(176, 610001, 4, '2021-06-04 15:26:43', '2019-11-01', 'Electricity Bill', 145400),
(177, 610001, 5, '2021-06-04 15:26:43', '2019-11-01', 'Water Bill', 1300),
(178, 710001, 3, '2021-06-04 15:24:22', '2019-11-23', 'Room 1623', 400),
(179, 610001, 4, '2021-06-04 15:26:43', '2019-12-01', 'Electricity Bill', 167000),
(180, 610001, 5, '2021-06-04 15:26:43', '2019-12-01', 'Water Bill', 23000),
(181, 110001, 7, '2021-06-04 15:40:46', '2019-12-24', 'Christmas Decoration', 10000),
(182, 610002, 4, '2021-06-04 15:26:43', '2020-01-01', 'Electricity Bill', 169550),
(183, 610002, 5, '2021-06-04 15:26:43', '2020-01-01', 'Water Bill', 14560),
(184, 420001, 1, '2021-06-04 15:24:22', '2020-01-14', 'Wash Cloth', 2300),
(185, 610002, 4, '2021-06-04 15:26:43', '2020-02-01', 'Electricity Bill', 129000),
(186, 610002, 5, '2021-06-04 15:26:43', '2020-02-01', 'Water Bill', 18900),
(187, 420001, 1, '2021-06-04 15:24:22', '2020-02-21', 'Hand Towel', 12000),
(188, 610002, 4, '2021-06-04 15:26:43', '2020-03-01', 'Electricity Bill', 134590),
(189, 610002, 5, '2021-06-04 15:26:43', '2020-03-01', 'Water Bill', 8900),
(190, 610002, 4, '2021-06-04 15:26:43', '2020-04-01', 'Electricity Bill', 23000),
(191, 610002, 5, '2021-06-04 15:26:43', '2020-04-01', 'Water Bill', 8700),
(192, 610002, 4, '2021-06-04 15:26:43', '2020-05-01', 'Electricity Bill', 25000),
(193, 610002, 5, '2021-06-04 15:26:43', '2020-05-01', 'Water Bill', 7700),
(194, 610002, 4, '2021-06-04 15:26:43', '2020-06-01', 'Electricity Bill', 23430),
(195, 610002, 5, '2021-06-04 15:26:43', '2020-06-01', 'Water Bill', 6700),
(196, 110001, 8, '2021-06-04 16:05:10', '2020-06-07', 'Domain', 1990),
(197, 610001, 4, '2021-06-04 15:26:43', '2020-07-01', 'Electricity Bill', 56000),
(198, 610001, 5, '2021-06-04 15:26:43', '2020-07-01', 'Water Bill', 14500),
(199, 320001, 2, '2021-06-03 16:25:45', '2020-07-17', 'Flavouring', 12300),
(200, 320001, 2, '2021-06-03 16:25:45', '2020-07-17', 'Ingredient', 13000),
(201, 610001, 4, '2021-06-04 15:26:43', '2020-08-01', 'Electricity Bill', 58000),
(202, 610001, 5, '2021-06-04 15:26:43', '2020-08-01', 'Water Bill', 8900),
(203, 610001, 4, '2021-06-04 15:26:43', '2020-09-01', 'Electricity Bill', 64000),
(204, 610001, 5, '2021-06-04 15:26:43', '2020-09-01', 'Water Bill', 9900),
(205, 410002, 1, '2021-06-04 16:05:10', '2020-09-28', 'Cleaning Supplies', 2300),
(206, 610001, 4, '2021-06-04 15:26:43', '2020-10-01', 'Electricity Bill', 88700),
(207, 610001, 5, '2021-06-04 15:26:43', '2020-10-01', 'Water Bill', 10800),
(208, 410002, 1, '2021-06-04 16:05:10', '2020-10-28', 'Bath Mat', 1000),
(209, 610001, 4, '2021-06-04 15:26:43', '2020-11-01', 'Electricity Bill', 145600),
(210, 610001, 5, '2021-06-04 15:26:43', '2020-11-01', 'Water Bill', 22000),
(211, 320001, 2, '2021-06-03 16:25:45', '2020-11-17', 'Flavouring', 14500),
(212, 320001, 2, '2021-06-03 16:25:45', '2020-11-17', 'Ingredient', 3000),
(213, 610001, 4, '2021-06-04 15:26:43', '2020-12-01', 'Electricity Bill', 123000),
(214, 610001, 5, '2021-06-04 15:26:43', '2020-12-01', 'Water Bill', 8300),
(215, 710001, 3, '2021-06-04 15:24:22', '2020-12-23', 'Room 1811', 1500),
(216, 110001, 7, '2021-06-04 18:16:45', '2020-12-24', 'Christmas Decoration', 10000),
(217, 610002, 4, '2021-06-04 15:26:43', '2021-01-01', 'Electricity Bill', 169550),
(218, 610002, 5, '2021-06-04 15:26:43', '2021-01-01', 'Water Bill', 12300),
(219, 420001, 1, '2021-06-04 15:24:22', '2021-01-14', 'Alcohol Gel', 4500),
(220, 420001, 1, '2021-06-04 15:24:22', '2021-01-14', 'Alcohol Spray', 5000),
(221, 610002, 4, '2021-06-04 15:26:43', '2021-02-01', 'Electricity Bill', 175900),
(222, 610002, 5, '2021-06-04 15:26:43', '2021-02-01', 'Water Bill', 23000),
(223, 320001, 2, '2021-06-03 16:25:45', '2021-02-17', 'Flavouring', 13000),
(224, 320001, 2, '2021-06-03 16:25:45', '2021-02-17', 'Ingredient', 15000),
(225, 320001, 2, '2021-06-03 16:25:45', '2021-02-17', 'Appliance', 2000),
(226, 410002, 1, '2021-06-04 16:05:10', '2021-05-28', 'Bed Sheet', 1000),
(227, 410002, 1, '2021-06-04 16:05:10', '2021-05-28', 'Blanket', 2300),
(228, 610002, 4, '2021-06-04 15:26:43', '2021-03-01', 'Electricity Bill', 165490),
(229, 610002, 5, '2021-06-04 15:26:43', '2021-03-01', 'Water Bill', 16400),
(230, 110002, 6, '2021-06-03 16:25:45', '2021-03-27', 'Facebook Advertisement', 13000),
(231, 110002, 6, '2021-06-03 16:25:45', '2021-03-27', 'Instagram Advertisement', 2000),
(232, 610002, 4, '2021-06-04 15:26:43', '2021-04-01', 'Electricity Bill', 113500),
(233, 610002, 5, '2021-06-04 15:26:43', '2021-04-01', 'Water Bill', 9900),
(234, 710001, 3, '2021-06-04 15:24:22', '2021-04-20', 'Room 1811', 1500),
(235, 710001, 3, '2021-06-04 15:24:22', '2021-04-20', 'Room 1811', 1500),
(236, 410002, 1, '2021-06-04 16:05:10', '2021-05-28', 'Pillow', 1400),
(237, 420001, 1, '2021-06-04 15:24:22', '2021-04-21', 'Alcohol Spray', 5600),
(238, 610002, 4, '2021-06-04 15:26:43', '2021-05-01', 'Electricity Bill', 176800),
(239, 610002, 5, '2021-06-04 15:26:43', '2021-05-01', 'Water Bill', 11200),
(240, 710001, 3, '2021-06-04 15:24:22', '2021-05-11', 'Room 1811', 1500),
(241, 710001, 3, '2021-06-04 15:24:22', '2021-05-11', 'Room 1811', 1500),
(242, 710001, 3, '2021-06-04 15:24:22', '2021-05-11', 'Room 1811', 1500),
(243, 410002, 1, '2021-06-04 16:05:10', '2021-05-28', 'Cleaning Supplies', 2300),
(244, 610002, 4, '2021-06-04 15:26:43', '2021-06-01', 'Electricity Bill', 123400),
(245, 610002, 5, '2021-06-04 15:26:43', '2021-06-01', 'Water Bill', 11200),
(246, 710001, 3, '2021-06-04 15:24:22', '2021-06-05', 'Tool Box', 1500);

-- --------------------------------------------------------

--
-- Table structure for table `hotelroom`
--

CREATE TABLE `hotelroom` (
  `roomID` int(4) NOT NULL,
  `roomTypeID` int(2) NOT NULL
) ENGINE=InnoDB DEFAULT CHARSET=utf8mb4;

--
-- Dumping data for table `hotelroom`
--

INSERT INTO `hotelroom` (`roomID`, `roomTypeID`) VALUES
(1101, 15),
(1102, 15),
(1103, 14),
(1201, 12),
(1202, 12),
(1203, 11),
(1204, 11),
(1205, 11),
(1206, 11),
(1207, 11),
(1208, 11),
(1209, 11),
(1210, 11),
(1211, 11),
(1212, 11),
(1213, 11),
(1214, 11),
(1215, 11),
(1216, 10),
(1217, 10),
(1218, 10),
(1219, 10),
(1220, 10),
(1221, 10),
(1222, 10),
(1223, 10),
(1224, 10),
(1225, 10),
(1301, 10),
(1302, 10),
(1303, 10),
(1304, 10),
(1305, 10),
(1306, 11),
(1307, 11),
(1308, 11),
(1309, 11),
(1310, 11),
(1311, 12),
(1312, 12),
(1313, 12),
(1314, 12),
(1315, 12),
(1316, 12),
(1317, 12),
(1318, 12),
(1319, 12),
(1320, 12),
(1321, 13),
(1322, 13),
(1323, 13),
(1324, 13),
(1325, 13),
(1401, 13),
(1402, 13),
(1403, 13),
(1404, 13),
(1405, 13),
(1406, 10),
(1407, 10),
(1408, 10),
(1409, 10),
(1410, 10),
(1411, 11),
(1412, 11),
(1413, 11),
(1414, 11),
(1415, 11),
(1416, 11),
(1417, 11),
(1418, 11),
(1419, 11),
(1420, 11),
(1421, 12),
(1422, 12),
(1423, 12),
(1424, 12),
(1425, 12),
(1501, 12),
(1502, 12),
(1503, 12),
(1504, 12),
(1505, 12),
(1506, 12),
(1507, 12),
(1508, 12),
(1509, 12),
(1510, 12),
(1511, 10),
(1512, 10),
(1513, 10),
(1514, 10),
(1515, 10),
(1516, 13),
(1517, 13),
(1518, 13),
(1519, 13),
(1520, 13),
(1521, 13),
(1522, 13),
(1523, 13),
(1524, 13),
(1525, 13),
(1601, 11),
(1602, 11),
(1603, 11),
(1604, 11),
(1605, 11),
(1606, 13),
(1607, 13),
(1608, 13),
(1609, 13),
(1610, 13),
(1611, 11),
(1612, 11),
(1613, 11),
(1614, 11),
(1615, 11),
(1616, 11),
(1617, 11),
(1618, 11),
(1619, 11),
(1620, 11),
(1621, 12),
(1622, 12),
(1623, 12),
(1624, 12),
(1625, 12),
(1701, 12),
(1702, 12),
(1703, 12),
(1704, 12),
(1705, 12),
(1706, 12),
(1707, 12),
(1708, 12),
(1709, 12),
(1710, 12),
(1711, 10),
(1712, 10),
(1713, 10),
(1714, 10),
(1715, 10),
(1716, 10),
(1717, 10),
(1718, 10),
(1719, 10),
(1720, 10),
(1721, 10),
(1722, 10),
(1723, 10),
(1724, 10),
(1725, 10),
(1801, 10),
(1802, 10),
(1803, 10),
(1804, 10),
(1805, 10),
(1806, 12),
(1807, 12),
(1808, 12),
(1809, 13),
(1810, 13),
(1811, 13),
(1812, 13),
(1813, 13),
(1814, 13),
(1815, 13),
(1816, 13),
(1817, 13),
(1818, 13),
(1819, 13),
(1820, 13),
(1821, 10),
(1822, 10),
(1823, 10),
(1824, 10),
(1825, 10),
(1901, 10),
(1902, 11),
(1903, 11),
(1904, 11),
(1905, 11),
(1906, 12),
(1907, 12),
(1908, 12),
(1909, 12),
(1910, 12),
(1911, 12),
(1912, 12),
(1913, 13),
(1914, 13),
(1915, 13),
(1916, 13),
(1917, 13),
(1918, 13),
(1919, 13),
(1920, 13),
(1921, 13),
(1922, 13),
(1923, 13),
(1924, 13),
(1925, 13),
(2101, 15),
(2102, 15),
(2103, 14),
(2201, 11),
(2202, 11),
(2203, 11),
(2204, 11),
(2205, 11),
(2206, 11),
(2207, 11),
(2208, 11),
(2209, 11),
(2210, 11),
(2211, 11),
(2212, 10),
(2213, 10),
(2214, 10),
(2215, 10),
(2216, 12),
(2217, 12),
(2218, 12),
(2219, 12),
(2220, 12),
(2221, 12),
(2222, 12),
(2223, 12),
(2224, 12),
(2225, 12),
(2301, 13),
(2302, 13),
(2303, 13),
(2304, 13),
(2305, 13),
(2306, 13),
(2307, 13),
(2308, 13),
(2309, 13),
(2310, 13),
(2311, 11),
(2312, 11),
(2313, 11),
(2314, 11),
(2315, 11),
(2316, 12),
(2317, 12),
(2318, 12),
(2319, 12),
(2320, 12),
(2321, 13),
(2322, 13),
(2323, 13),
(2324, 13),
(2325, 13);

-- --------------------------------------------------------

--
-- Stand-in structure for view `lateemployee_view`
-- (See below for the actual view)
--
CREATE TABLE `lateemployee_view` (
`stampDateTime` timestamp
,`employeeID` int(6)
,`name` varchar(65)
,`lateCount` bigint(21)
,`percentLate` decimal(26,4)
,`picName` varchar(65)
);

-- --------------------------------------------------------

--
-- Stand-in structure for view `numbervisit`
-- (See below for the actual view)
--
CREATE TABLE `numbervisit` (
`customerID` int(10)
,`numberVisit` bigint(21)
);

-- --------------------------------------------------------

--
-- Table structure for table `payment`
--

CREATE TABLE `payment` (
  `paymentID` int(10) NOT NULL,
  `bookingDetailID` int(10) NOT NULL,
  `methodID` int(2) NOT NULL,
  `amountPaid` float(16,2) NOT NULL,
  `type` tinyint(1) NOT NULL,
  `datePaid` date NOT NULL
) ENGINE=InnoDB DEFAULT CHARSET=utf8;

--
-- Dumping data for table `payment`
--

INSERT INTO `payment` (`paymentID`, `bookingDetailID`, `methodID`, `amountPaid`, `type`, `datePaid`) VALUES
(1000000001, 1000000004, 1, 1200.00, 1, '2021-05-05'),
(1000000002, 1000000005, 2, 1200.00, 1, '2021-05-16'),
(1000000003, 1000000006, 2, 1200.00, 1, '2021-05-05'),
(1000000004, 1000000001, 2, 3200.00, 2, '2021-05-05'),
(1000000005, 1000000002, 2, 3200.00, 1, '2021-05-05'),
(1000000006, 1000000003, 2, 3200.00, 1, '2021-05-05'),
(1000000007, 1000000007, 1, 2160.00, 1, '2021-05-27'),
(1000000008, 1000000008, 1, 2160.00, 1, '2021-05-27'),
(1000000009, 1000000009, 2, 3200.00, 1, '2021-04-04'),
(1000000010, 1000000010, 2, 3200.00, 1, '2021-05-06'),
(1000000011, 1000000011, 2, 3200.00, 1, '2021-04-08'),
(1000000012, 1000000012, 2, 1200.00, 1, '2021-06-05'),
(1000000013, 1000000013, 2, 1200.00, 1, '2021-06-05'),
(1000000014, 1000000014, 3, 1200.00, 1, '2021-04-25'),
(1000000015, 1000000015, 3, 1200.00, 1, '2021-03-25'),
(1000000016, 1000000016, 3, 1200.00, 1, '2021-04-20'),
(1000000017, 1000000017, 3, 1200.00, 1, '2021-05-25'),
(1000000018, 1000000018, 3, 1600.00, 1, '2021-06-05'),
(1000000019, 1000000019, 3, 1600.00, 1, '2021-06-05'),
(1000000020, 1000000020, 2, 1080.00, 1, '2020-11-29'),
(1000000021, 1000000021, 2, 1080.00, 1, '2021-05-29'),
(1000000022, 1000000022, 2, 1080.00, 1, '2020-04-16'),
(1000000023, 1000000023, 2, 1080.00, 1, '2021-05-29'),
(1000000024, 1000000024, 2, 1080.00, 1, '2021-04-05'),
(1000000025, 1000000025, 2, 2400.00, 1, '2021-02-25'),
(1000000026, 1000000026, 2, 2400.00, 1, '2020-02-27'),
(1000000027, 1000000027, 2, 2400.00, 1, '2021-02-26'),
(1000000028, 1000000028, 3, 2160.00, 1, '2021-04-19'),
(1000000029, 1000000029, 3, 2160.00, 1, '2021-05-19'),
(1000000030, 1000000001, 1, 12800.00, 2, '2021-05-05'),
(1000000031, 1000000002, 1, 12800.00, 2, '2021-05-05'),
(1000000038, 1000000004, 3, 4800.00, 2, '2021-05-12'),
(1000000051, 1000000042, 2, 1800.00, 1, '2021-03-02'),
(1000000052, 1000000043, 2, 2400.00, 1, '2021-03-02'),
(1000000053, 1000000044, 2, 2400.00, 1, '2021-03-02'),
(1000000054, 1000000048, 1, 800.00, 1, '2021-05-03'),
(1000000055, 1000000049, 1, 800.00, 1, '2021-05-03'),
(1000000056, 1000000050, 1, 3000.00, 1, '2020-03-11'),
(1000000057, 1000000045, 3, 2700.00, 1, '2018-12-01'),
(1000000058, 1000000046, 3, 2700.00, 1, '2018-12-01'),
(1000000059, 1000000047, 3, 2700.00, 1, '2018-12-01'),
(1000000060, 1000000051, 1, 1200.00, 1, '2021-02-01'),
(1000000061, 1000000052, 1, 1200.00, 1, '2021-02-01'),
(1000000062, 1000000053, 3, 4400.00, 1, '2020-06-17'),
(1000000063, 1000000054, 2, 1600.00, 1, '2020-02-13'),
(1000000064, 1000000055, 1, 2400.00, 1, '2020-12-12'),
(1000000065, 1000000056, 1, 2400.00, 1, '2020-12-12'),
(1000000066, 1000000057, 3, 4000.00, 1, '2021-03-19'),
(1000000067, 1000000058, 3, 1800.00, 1, '2021-03-19'),
(1000000068, 1000000059, 3, 720.00, 1, '2021-03-19'),
(1000000069, 1000000060, 1, 1200.00, 1, '2020-02-03'),
(1000000070, 1000000061, 1, 1200.00, 1, '2020-02-03'),
(1000000071, 1000000062, 1, 1200.00, 1, '2020-02-03'),
(1000000072, 1000000063, 1, 2400.00, 1, '2019-12-04'),
(1000000073, 1000000064, 1, 2400.00, 1, '2019-12-04'),
(1000000074, 1000000065, 1, 2400.00, 1, '2019-12-04'),
(1000000075, 1000000067, 1, 800.00, 1, '2020-01-05'),
(1000000076, 1000000068, 1, 800.00, 1, '2020-01-05'),
(1000000077, 1000000069, 1, 900.00, 1, '2021-06-02'),
(1000000078, 1000000070, 2, 1800.00, 1, '2021-05-06'),
(1000000079, 1000000071, 2, 1800.00, 1, '2021-05-06'),
(1000000080, 1000000072, 2, 1800.00, 1, '2021-05-06'),
(1000000081, 1000000073, 1, 720.00, 1, '2021-05-06'),
(1000000082, 1000000074, 3, 1080.00, 1, '2021-05-04'),
(1000000083, 1000000077, 3, 2400.00, 1, '2021-05-04'),
(1000000084, 1000000078, 3, 2400.00, 1, '2021-05-04'),
(1000000085, 1000000079, 3, 1080.00, 1, '2021-05-01'),
(1000000086, 1000000080, 3, 1080.00, 1, '2021-05-01'),
(1000000087, 1000000081, 1, 900.00, 1, '2021-04-19'),
(1000000088, 1000000082, 1, 900.00, 1, '2021-04-19'),
(1000000089, 1000000083, 1, 900.00, 1, '2021-04-19'),
(1000000090, 1000000084, 1, 900.00, 1, '2021-04-19'),
(1000000091, 1000000085, 1, 900.00, 1, '2021-04-19'),
(1000000092, 1000000086, 1, 900.00, 1, '2021-04-19'),
(1000000093, 1000000087, 1, 900.00, 1, '2021-04-19'),
(1000000094, 1000000088, 1, 900.00, 1, '2021-04-19'),
(1000000095, 1000000089, 1, 900.00, 1, '2021-04-19'),
(1000000096, 1000000090, 1, 900.00, 1, '2021-04-19'),
(1000000097, 1000000091, 3, 600.00, 1, '2021-06-04'),
(1000000098, 1000000092, 1, 1800.00, 1, '2021-04-21'),
(1000000099, 1000000093, 1, 1800.00, 1, '2021-04-21'),
(1000000100, 1000000094, 1, 2400.00, 1, '2021-04-29'),
(1000000101, 1000000095, 1, 2400.00, 1, '2021-04-29'),
(1000000102, 1000000096, 1, 2400.00, 1, '2021-04-29'),
(1000000103, 1000000097, 1, 2400.00, 1, '2021-04-29'),
(1000000104, 1000000098, 1, 1600.00, 1, '2021-05-27'),
(1000000105, 1000000101, 1, 1600.00, 1, '2021-05-27'),
(1000000106, 1000000113, 3, 1080.00, 1, '2021-06-04'),
(1000000108, 1000000116, 3, 2400.00, 1, '2021-05-17'),
(1000000109, 1000000117, 3, 2400.00, 1, '2021-05-17'),
(1000000110, 1000000118, 3, 2400.00, 1, '2021-05-17'),
(1000000111, 1000000119, 3, 2400.00, 1, '2021-05-17'),
(1000000112, 1000000118, 2, 9600.00, 2, '2021-05-09'),
(1000000113, 1000000119, 2, 9600.00, 2, '2021-05-09'),
(1000000114, 1000000045, 1, 10800.00, 2, '2019-01-05'),
(1000000115, 1000000046, 1, 10800.00, 2, '2019-01-05'),
(1000000117, 1000000148, 2, 900.00, 1, '2021-06-03'),
(1000000118, 1000000149, 2, 900.00, 1, '2021-06-03'),
(1000000119, 1000000173, 3, 1080.00, 1, '2016-06-15'),
(1000000120, 1000000174, 3, 1080.00, 1, '2016-06-15'),
(1000000121, 1000000175, 3, 1080.00, 1, '2016-06-15'),
(1000000122, 1000000172, 2, 4320.00, 1, '2021-06-06'),
(1000000123, 1000000169, 3, 1440.00, 1, '2021-06-07'),
(1000000124, 1000000170, 3, 1440.00, 1, '2021-06-07'),
(1000000125, 1000000171, 3, 1440.00, 1, '2021-06-07'),
(1000000126, 1000000166, 1, 2700.00, 1, '2021-06-09'),
(1000000127, 1000000167, 1, 2700.00, 1, '2021-06-09'),
(1000000128, 1000000168, 1, 2700.00, 1, '2021-06-09'),
(1000000129, 1000000160, 3, 1620.00, 1, '2021-06-10'),
(1000000130, 1000000161, 3, 1620.00, 1, '2021-06-10'),
(1000000131, 1000000162, 2, 810.00, 1, '2016-06-10'),
(1000000132, 1000000163, 2, 810.00, 1, '2016-06-10'),
(1000000133, 1000000164, 2, 810.00, 1, '2016-06-10'),
(1000000134, 1000000165, 2, 810.00, 1, '2016-06-10'),
(1000000135, 1000000176, 1, 1360.00, 1, '2016-06-11'),
(1000000136, 1000000177, 1, 1360.00, 1, '2016-06-11'),
(1000000137, 1000000178, 3, 1020.00, 1, '2021-04-20'),
(1000000138, 1000000179, 3, 1020.00, 1, '2021-04-20'),
(1000000139, 1000000180, 1, 540.00, 1, '2016-07-10'),
(1000000140, 1000000181, 1, 540.00, 1, '2016-07-10'),
(1000000141, 1000000182, 2, 680.00, 1, '2016-07-13'),
(1000000142, 1000000183, 2, 680.00, 1, '2016-07-13'),
(1000000143, 1000000184, 3, 2400.00, 1, '2016-08-16'),
(1000000144, 1000000185, 1, 1920.00, 1, '2016-09-23'),
(1000000145, 1000000186, 3, 1530.00, 1, '2016-09-19'),
(1000000146, 1000000187, 1, 1880.00, 1, '2016-09-20'),
(1000000147, 1000000188, 1, 1880.00, 1, '2016-09-20'),
(1000000148, 1000000189, 1, 1880.00, 1, '2016-09-20'),
(1000000149, 1000000190, 3, 3360.00, 1, '2016-10-15'),
(1000000150, 1000000191, 3, 3360.00, 1, '2016-10-15'),
(1000000151, 1000000192, 3, 3360.00, 1, '2016-10-15'),
(1000000152, 1000000193, 2, 1920.00, 1, '2021-04-01'),
(1000000153, 1000000194, 2, 1920.00, 1, '2021-05-01'),
(1000000154, 1000000003, 3, 12800.00, 2, '2021-05-05'),
(1000000155, 1000000005, 1, 6650.00, 2, '2021-05-16'),
(1000000156, 1000000234, 3, 2400.00, 1, '2016-11-29'),
(1000000157, 1000000235, 3, 2400.00, 1, '2016-11-29'),
(1000000158, 1000000236, 3, 2400.00, 1, '2016-11-29'),
(1000000159, 1000000237, 3, 2400.00, 1, '2016-11-29'),
(1000000160, 1000000238, 3, 2400.00, 1, '2016-11-29'),
(1000000161, 1000000239, 1, 1200.00, 1, '2016-11-12'),
(1000000162, 1000000240, 1, 1200.00, 1, '2016-11-12'),
(1000000163, 1000000241, 1, 1200.00, 1, '2016-11-12'),
(1000000164, 1000000242, 1, 1200.00, 1, '2016-11-12'),
(1000000165, 1000000243, 1, 1200.00, 1, '2016-11-12'),
(1000000166, 1000000244, 3, 2400.00, 1, '2016-12-30'),
(1000000167, 1000000245, 3, 2400.00, 1, '2016-12-30'),
(1000000168, 1000000246, 3, 2400.00, 1, '2016-12-30'),
(1000000169, 1000000247, 3, 2400.00, 1, '2016-12-30'),
(1000000170, 1000000248, 3, 2400.00, 1, '2016-12-30'),
(1000000171, 1000000249, 2, 3200.00, 1, '2017-01-16'),
(1000000172, 1000000250, 2, 3200.00, 1, '2017-01-16'),
(1000000173, 1000000251, 2, 3200.00, 1, '2017-01-16'),
(1000000174, 1000000252, 2, 3200.00, 1, '2017-01-16'),
(1000000175, 1000000253, 2, 3200.00, 1, '2017-01-16'),
(1000000176, 1000000254, 2, 3200.00, 1, '2017-01-16'),
(1000000177, 1000000255, 2, 3200.00, 1, '2017-01-16'),
(1000000178, 1000000256, 2, 3200.00, 1, '2017-01-16'),
(1000000179, 1000000257, 2, 3200.00, 1, '2017-01-16'),
(1000000180, 1000000258, 2, 3200.00, 1, '2017-01-16'),
(1000000181, 1000000259, 2, 1600.00, 1, '2017-01-26'),
(1000000182, 1000000260, 2, 1600.00, 1, '2017-01-26'),
(1000000183, 1000000261, 2, 1600.00, 1, '2017-01-26'),
(1000000184, 1000000262, 2, 1600.00, 1, '2017-01-26'),
(1000000185, 1000000265, 1, 4560.00, 1, '2017-03-08'),
(1000000186, 1000000266, 1, 4560.00, 1, '2017-03-08'),
(1000000187, 1000000267, 1, 4560.00, 1, '2017-03-08'),
(1000000188, 1000000268, 1, 4560.00, 1, '2017-03-08'),
(1000000189, 1000000269, 1, 1800.00, 1, '2017-02-13'),
(1000000190, 1000000270, 1, 1800.00, 1, '2017-02-13'),
(1000000191, 1000000271, 1, 1800.00, 1, '2017-02-13'),
(1000000192, 1000000272, 1, 1800.00, 1, '2017-02-13'),
(1000000193, 1000000273, 1, 1800.00, 1, '2017-02-13'),
(1000000194, 1000000274, 3, 2400.00, 1, '2017-04-22'),
(1000000195, 1000000275, 3, 2400.00, 1, '2017-04-22'),
(1000000196, 1000000276, 3, 2400.00, 1, '2017-04-22'),
(1000000197, 1000000277, 3, 2400.00, 1, '2017-04-22'),
(1000000198, 1000000278, 3, 2400.00, 1, '2017-04-22'),
(1000000199, 1000000279, 2, 2400.00, 1, '2017-05-16'),
(1000000200, 1000000280, 2, 2400.00, 1, '2017-05-16'),
(1000000201, 1000000281, 2, 2400.00, 1, '2017-05-16'),
(1000000202, 1000000282, 2, 2400.00, 1, '2017-05-16'),
(1000000203, 1000000283, 2, 2400.00, 1, '2017-05-16'),
(1000000204, 1000000284, 3, 6000.00, 1, '2017-06-30'),
(1000000205, 1000000285, 3, 6000.00, 1, '2017-06-30'),
(1000000206, 1000000286, 1, 1140.00, 1, '2017-07-14'),
(1000000207, 1000000287, 1, 1140.00, 1, '2017-07-14'),
(1000000208, 1000000288, 1, 1140.00, 1, '2017-07-14'),
(1000000209, 1000000289, 1, 1140.00, 1, '2017-07-14'),
(1000000210, 1000000290, 1, 1140.00, 1, '2017-07-14'),
(1000000211, 1000000291, 3, 2400.00, 1, '2017-08-23'),
(1000000212, 1000000292, 3, 2400.00, 1, '2017-08-23'),
(1000000213, 1000000293, 3, 2400.00, 1, '2017-08-23'),
(1000000214, 1000000294, 3, 2400.00, 1, '2017-08-23'),
(1000000215, 1000000295, 3, 2400.00, 1, '2017-08-23'),
(1000000216, 1000000296, 3, 3060.00, 1, '2017-08-19'),
(1000000217, 1000000297, 3, 3060.00, 1, '2017-08-19'),
(1000000218, 1000000298, 3, 3060.00, 1, '2017-08-19'),
(1000000219, 1000000299, 3, 3060.00, 1, '2017-08-19'),
(1000000220, 1000000300, 3, 3060.00, 1, '2017-08-19'),
(1000000221, 1000000301, 2, 900.00, 1, '2017-09-13'),
(1000000222, 1000000302, 2, 900.00, 1, '2017-09-13'),
(1000000223, 1000000303, 2, 900.00, 1, '2017-09-13'),
(1000000224, 1000000304, 2, 900.00, 1, '2017-09-13'),
(1000000225, 1000000305, 2, 900.00, 1, '2017-09-13'),
(1000000226, 1000000306, 2, 2280.00, 1, '2019-04-12'),
(1000000227, 1000000307, 2, 2280.00, 1, '2019-04-12'),
(1000000228, 1000000308, 2, 2280.00, 1, '2019-04-12'),
(1000000229, 1000000309, 2, 2280.00, 1, '2019-04-12'),
(1000000230, 1000000310, 2, 2280.00, 1, '2019-04-12'),
(1000000231, 1000000311, 2, 1200.00, 1, '2019-03-12'),
(1000000232, 1000000312, 2, 1200.00, 1, '2019-03-12'),
(1000000233, 1000000313, 2, 1200.00, 1, '2019-03-12'),
(1000000234, 1000000314, 3, 1200.00, 1, '2019-05-25'),
(1000000235, 1000000315, 3, 1200.00, 1, '2019-05-25'),
(1000000236, 1000000316, 3, 1200.00, 1, '2019-05-25'),
(1000000237, 1000000317, 3, 1200.00, 1, '2019-05-25'),
(1000000238, 1000000318, 3, 1200.00, 1, '2019-05-25'),
(1000000239, 1000000319, 3, 4000.00, 1, '2019-01-24'),
(1000000240, 1000000320, 3, 4000.00, 1, '2019-01-24'),
(1000000241, 1000000321, 3, 4000.00, 1, '2019-01-24'),
(1000000242, 1000000322, 3, 4000.00, 1, '2019-01-24'),
(1000000243, 1000000323, 3, 4000.00, 1, '2019-01-24'),
(1000000244, 1000000324, 1, 1500.00, 1, '2019-02-26'),
(1000000245, 1000000325, 1, 1500.00, 1, '2019-02-26'),
(1000000246, 1000000326, 1, 1500.00, 1, '2019-02-26'),
(1000000247, 1000000327, 1, 1500.00, 1, '2019-02-26'),
(1000000248, 1000000328, 1, 1500.00, 1, '2019-02-26'),
(1000000249, 1000000329, 1, 2400.00, 1, '2019-03-08'),
(1000000250, 1000000330, 1, 2400.00, 1, '2019-03-08'),
(1000000251, 1000000331, 1, 2400.00, 1, '2019-03-08'),
(1000000252, 1000000332, 1, 2400.00, 1, '2019-03-08'),
(1000000253, 1000000333, 1, 2400.00, 1, '2019-03-08'),
(1000000254, 1000000381, 3, 2800.00, 1, '2016-07-03'),
(1000000255, 1000000382, 3, 2800.00, 1, '2016-07-03'),
(1000000256, 1000000383, 3, 2800.00, 1, '2016-07-03'),
(1000000257, 1000000384, 3, 2800.00, 1, '2016-07-03'),
(1000000258, 1000000385, 3, 2800.00, 1, '2016-07-03'),
(1000000259, 1000000386, 3, 2800.00, 1, '2016-07-03'),
(1000000260, 1000000387, 3, 2800.00, 1, '2016-07-03'),
(1000000261, 1000000388, 3, 2800.00, 1, '2016-07-03'),
(1000000262, 1000000389, 3, 2800.00, 1, '2016-07-03'),
(1000000263, 1000000390, 2, 1500.00, 1, '2016-08-10'),
(1000000264, 1000000391, 2, 1500.00, 1, '2016-08-10'),
(1000000265, 1000000392, 2, 1500.00, 1, '2016-08-10'),
(1000000266, 1000000393, 2, 1500.00, 1, '2016-08-10'),
(1000000267, 1000000394, 2, 1500.00, 1, '2016-08-10'),
(1000000268, 1000000395, 2, 1500.00, 1, '2016-08-10'),
(1000000269, 1000000396, 2, 1500.00, 1, '2016-08-10'),
(1000000270, 1000000397, 2, 1500.00, 1, '2016-08-10'),
(1000000271, 1000000398, 2, 1500.00, 1, '2016-08-10'),
(1000000272, 1000000399, 2, 1500.00, 1, '2016-08-10'),
(1000000273, 1000000400, 2, 1500.00, 1, '2016-08-10'),
(1000000274, 1000000401, 2, 1500.00, 1, '2016-08-10'),
(1000000275, 1000000334, 1, 5700.00, 1, '2019-03-14'),
(1000000276, 1000000335, 1, 5700.00, 1, '2019-03-14'),
(1000000277, 1000000336, 1, 5700.00, 1, '2019-03-14'),
(1000000278, 1000000337, 1, 5700.00, 1, '2019-03-14'),
(1000000279, 1000000338, 1, 5700.00, 1, '2019-03-14'),
(1000000280, 1000000339, 1, 5700.00, 1, '2019-03-14'),
(1000000281, 1000000340, 1, 5700.00, 1, '2019-03-14'),
(1000000282, 1000000341, 1, 5700.00, 1, '2019-03-14'),
(1000000283, 1000000342, 1, 5700.00, 1, '2019-03-14'),
(1000000284, 1000000343, 1, 5700.00, 1, '2019-03-14'),
(1000000285, 1000000344, 1, 3680.00, 1, '2019-04-29'),
(1000000286, 1000000345, 1, 3680.00, 1, '2019-04-29'),
(1000000287, 1000000346, 1, 3680.00, 1, '2019-04-29'),
(1000000288, 1000000347, 1, 3680.00, 1, '2019-04-29'),
(1000000289, 1000000348, 1, 3680.00, 1, '2019-04-29'),
(1000000290, 1000000402, 2, 2000.00, 1, '2016-09-10'),
(1000000291, 1000000403, 2, 2000.00, 1, '2016-09-10'),
(1000000292, 1000000404, 2, 2000.00, 1, '2016-09-10'),
(1000000293, 1000000405, 2, 2000.00, 1, '2016-09-10'),
(1000000294, 1000000406, 2, 3000.00, 1, '2016-09-10'),
(1000000295, 1000000407, 2, 3000.00, 1, '2016-09-10'),
(1000000296, 1000000408, 2, 3000.00, 1, '2016-09-10'),
(1000000297, 1000000409, 2, 3000.00, 1, '2016-09-10'),
(1000000298, 1000000410, 2, 3000.00, 1, '2016-09-10'),
(1000000299, 1000000411, 2, 3000.00, 1, '2016-09-10'),
(1000000300, 1000000412, 2, 3000.00, 1, '2016-09-10'),
(1000000301, 1000000413, 2, 3000.00, 1, '2016-09-10'),
(1000000302, 1000000414, 1, 2400.00, 1, '2016-10-13'),
(1000000303, 1000000415, 1, 2400.00, 1, '2016-10-13'),
(1000000304, 1000000416, 1, 2400.00, 1, '2016-10-13'),
(1000000305, 1000000417, 1, 2400.00, 1, '2016-10-13'),
(1000000306, 1000000418, 1, 2400.00, 1, '2016-10-13'),
(1000000307, 1000000419, 1, 2400.00, 1, '2016-10-13'),
(1000000308, 1000000349, 3, 5400.00, 1, '2019-01-04'),
(1000000309, 1000000350, 3, 5400.00, 1, '2019-01-04'),
(1000000310, 1000000351, 3, 5400.00, 1, '2019-01-04'),
(1000000311, 1000000352, 3, 5400.00, 1, '2019-01-04'),
(1000000312, 1000000353, 3, 5400.00, 1, '2019-01-04'),
(1000000313, 1000000420, 2, 2000.00, 1, '2016-11-02'),
(1000000314, 1000000421, 2, 2000.00, 1, '2016-11-02'),
(1000000315, 1000000422, 2, 2000.00, 1, '2016-11-02'),
(1000000316, 1000000423, 2, 2000.00, 1, '2016-11-02'),
(1000000317, 1000000424, 2, 2000.00, 1, '2016-11-02'),
(1000000318, 1000000425, 2, 2000.00, 1, '2016-11-02'),
(1000000319, 1000000354, 1, 1600.00, 1, '2021-05-26'),
(1000000320, 1000000355, 1, 1600.00, 1, '2021-05-26'),
(1000000321, 1000000356, 1, 1600.00, 1, '2021-05-26'),
(1000000322, 1000000357, 1, 1600.00, 1, '2021-05-26'),
(1000000323, 1000000358, 1, 1600.00, 1, '2021-05-26'),
(1000000324, 1000000359, 1, 2850.00, 1, '2021-05-05'),
(1000000325, 1000000360, 1, 2850.00, 1, '2021-05-05'),
(1000000326, 1000000361, 1, 2850.00, 1, '2021-05-05'),
(1000000327, 1000000362, 1, 3090.00, 1, '2019-05-22'),
(1000000328, 1000000363, 1, 3090.00, 1, '2019-05-22'),
(1000000329, 1000000364, 1, 3090.00, 1, '2019-05-22'),
(1000000330, 1000000365, 1, 3090.00, 1, '2019-05-22'),
(1000000331, 1000000366, 1, 3090.00, 1, '2019-05-22'),
(1000000332, 1000000367, 1, 2970.00, 1, '2019-06-08'),
(1000000333, 1000000368, 1, 2970.00, 1, '2019-06-08'),
(1000000334, 1000000369, 1, 2970.00, 1, '2019-06-08'),
(1000000335, 1000000370, 1, 2970.00, 1, '2019-06-08'),
(1000000336, 1000000371, 1, 2970.00, 1, '2019-06-08'),
(1000000337, 1000000372, 1, 21080.00, 1, '2019-01-02'),
(1000000338, 1000000373, 2, 3600.00, 1, '2020-01-09'),
(1000000339, 1000000374, 2, 3600.00, 1, '2020-01-09'),
(1000000340, 1000000375, 3, 9480.00, 1, '2020-02-07'),
(1000000341, 1000000376, 1, 8000.00, 1, '2020-02-05'),
(1000000342, 1000000377, 1, 8000.00, 1, '2020-02-05'),
(1000000343, 1000000378, 1, 24000.00, 1, '2021-01-14'),
(1000000344, 1000000379, 1, 24000.00, 1, '2021-01-14'),
(1000000345, 1000000380, 1, 24000.00, 1, '2021-01-14'),
(1000000346, 1000000426, 1, 4800.00, 1, '2018-10-30'),
(1000000347, 1000000427, 1, 4800.00, 1, '2018-10-30'),
(1000000348, 1000000428, 1, 4800.00, 1, '2018-10-30'),
(1000000349, 1000000429, 1, 3200.00, 1, '2018-11-28'),
(1000000350, 1000000430, 1, 3200.00, 1, '2018-11-28'),
(1000000351, 1000000431, 1, 3200.00, 1, '2018-11-28'),
(1000000352, 1000000432, 1, 3200.00, 1, '2018-11-28'),
(1000000353, 1000000433, 1, 3200.00, 1, '2018-11-28'),
(1000000354, 1000000434, 2, 2000.00, 1, '2018-12-06'),
(1000000355, 1000000435, 2, 2000.00, 1, '2018-12-06'),
(1000000356, 1000000436, 2, 2000.00, 1, '2018-12-06'),
(1000000357, 1000000437, 2, 2000.00, 1, '2018-12-06'),
(1000000358, 1000000438, 2, 2000.00, 1, '2018-12-06'),
(1000000359, 1000000439, 2, 2000.00, 1, '2018-12-06'),
(1000000360, 1000000450, 2, 3000.00, 1, '2018-12-06'),
(1000000361, 1000000451, 2, 3000.00, 1, '2018-12-06'),
(1000000362, 1000000452, 2, 3000.00, 1, '2018-12-06'),
(1000000363, 1000000453, 2, 3000.00, 1, '2018-12-06'),
(1000000364, 1000000454, 2, 3000.00, 1, '2018-12-06'),
(1000000365, 1000000440, 1, 2100.00, 1, '2020-01-10'),
(1000000366, 1000000441, 1, 2100.00, 1, '2020-01-10'),
(1000000367, 1000000442, 1, 2100.00, 1, '2020-01-10'),
(1000000368, 1000000443, 1, 2100.00, 1, '2020-01-10'),
(1000000369, 1000000444, 1, 2100.00, 1, '2020-01-10'),
(1000000370, 1000000445, 1, 2100.00, 1, '2020-01-10'),
(1000000371, 1000000446, 1, 2100.00, 1, '2020-01-10'),
(1000000372, 1000000447, 1, 2100.00, 1, '2020-01-10'),
(1000000373, 1000000461, 1, 15600.00, 1, '2019-03-13'),
(1000000374, 1000000462, 1, 15600.00, 1, '2019-03-13'),
(1000000375, 1000000463, 1, 15600.00, 1, '2019-03-13'),
(1000000376, 1000000464, 1, 15600.00, 1, '2019-03-13'),
(1000000377, 1000000465, 1, 15600.00, 1, '2019-03-13'),
(1000000378, 1000000466, 1, 15600.00, 1, '2019-03-13'),
(1000000379, 1000000467, 1, 15600.00, 1, '2019-03-13'),
(1000000380, 1000000468, 1, 15600.00, 1, '2019-03-13'),
(1000000381, 1000000469, 1, 2000.00, 1, '2019-03-13'),
(1000000382, 1000000470, 1, 2000.00, 1, '2019-03-13'),
(1000000383, 1000000471, 1, 2000.00, 1, '2019-03-13'),
(1000000384, 1000000472, 1, 2000.00, 1, '2019-03-13'),
(1000000385, 1000000473, 1, 2000.00, 1, '2019-03-13'),
(1000000386, 1000000474, 1, 2000.00, 1, '2019-03-13'),
(1000000387, 1000000475, 1, 2000.00, 1, '2019-03-13'),
(1000000388, 1000000476, 1, 2000.00, 1, '2019-03-13'),
(1000000389, 1000000448, 1, 12800.00, 1, '2019-08-28'),
(1000000390, 1000000449, 1, 12800.00, 1, '2019-08-28'),
(1000000391, 1000000455, 1, 2400.00, 1, '2019-08-28'),
(1000000392, 1000000456, 1, 2400.00, 1, '2019-08-28'),
(1000000393, 1000000457, 1, 2400.00, 1, '2019-08-28'),
(1000000394, 1000000458, 1, 2400.00, 1, '2019-08-28'),
(1000000395, 1000000459, 1, 2400.00, 1, '2019-08-28'),
(1000000396, 1000000460, 1, 2400.00, 1, '2019-08-28'),
(1000000397, 1000000477, 1, 2400.00, 1, '2019-07-23'),
(1000000398, 1000000478, 1, 2400.00, 1, '2019-07-23'),
(1000000399, 1000000479, 1, 2400.00, 1, '2019-07-23'),
(1000000400, 1000000480, 1, 2400.00, 1, '2019-07-23'),
(1000000401, 1000000481, 1, 2400.00, 1, '2019-09-24'),
(1000000402, 1000000482, 1, 2400.00, 1, '2019-09-24'),
(1000000403, 1000000483, 1, 2400.00, 1, '2019-09-24'),
(1000000404, 1000000484, 1, 2400.00, 1, '2019-09-24'),
(1000000405, 1000000485, 1, 2400.00, 1, '2019-09-24'),
(1000000406, 1000000486, 1, 2100.00, 1, '2019-11-02'),
(1000000407, 1000000487, 1, 2100.00, 1, '2019-11-02'),
(1000000408, 1000000488, 1, 2100.00, 1, '2019-11-02'),
(1000000409, 1000000489, 1, 2100.00, 1, '2019-11-02'),
(1000000410, 1000000490, 1, 2100.00, 1, '2019-11-02'),
(1000000411, 1000000491, 1, 2100.00, 1, '2019-11-02'),
(1000000412, 1000000492, 1, 2100.00, 1, '2019-11-02'),
(1000000413, 1000000493, 1, 2100.00, 1, '2019-11-02'),
(1000000414, 1000000494, 1, 2100.00, 1, '2019-11-02'),
(1000000415, 1000000495, 1, 2100.00, 1, '2019-11-02'),
(1000000416, 1000000496, 1, 2100.00, 1, '2019-11-02'),
(1000000417, 1000000497, 1, 1600.00, 1, '2019-10-17'),
(1000000418, 1000000498, 1, 1600.00, 1, '2019-10-17'),
(1000000419, 1000000497, 1, 1600.00, 1, '2019-10-17'),
(1000000420, 1000000498, 1, 1600.00, 1, '2019-10-17'),
(1000000421, 1000000500, 1, 3040.00, 1, '2020-05-13'),
(1000000422, 1000000501, 3, 800.00, 1, '2020-06-18'),
(1000000423, 1000000502, 3, 800.00, 1, '2020-06-18'),
(1000000424, 1000000503, 1, 1800.00, 1, '2020-08-20'),
(1000000425, 1000000504, 1, 1800.00, 1, '2020-08-20'),
(1000000426, 1000000505, 1, 1800.00, 1, '2020-08-20'),
(1000000427, 1000000506, 1, 1200.00, 1, '2020-07-23'),
(1000000428, 1000000507, 1, 1200.00, 1, '2020-07-23'),
(1000000429, 1000000508, 1, 1200.00, 1, '2020-07-23'),
(1000000430, 1000000509, 1, 1140.00, 1, '2020-09-22'),
(1000000431, 1000000510, 1, 1140.00, 1, '2020-09-22'),
(1000000432, 1000000511, 2, 3200.00, 1, '2020-10-02'),
(1000000433, 1000000512, 2, 3200.00, 1, '2020-10-02'),
(1000000434, 1000000513, 2, 3200.00, 1, '2020-10-02'),
(1000000435, 1000000514, 2, 3200.00, 1, '2020-10-02'),
(1000000436, 1000000515, 2, 3000.00, 1, '2020-10-02'),
(1000000437, 1000000516, 2, 4800.00, 1, '2017-10-26'),
(1000000438, 1000000517, 2, 4800.00, 1, '2017-10-26'),
(1000000439, 1000000518, 3, 3200.00, 1, '2017-11-29'),
(1000000440, 1000000519, 3, 3200.00, 1, '2017-11-29'),
(1000000441, 1000000520, 2, 2000.00, 1, '2017-12-08'),
(1000000442, 1000000521, 2, 2000.00, 1, '2017-12-08'),
(1000000443, 1000000522, 2, 2000.00, 1, '2017-12-08'),
(1000000444, 1000000523, 2, 2000.00, 1, '2017-12-08'),
(1000000445, 1000000524, 2, 2000.00, 1, '2017-12-08'),
(1000000446, 1000000525, 2, 2000.00, 1, '2017-12-08'),
(1000000447, 1000000526, 2, 2000.00, 1, '2017-12-08'),
(1000000448, 1000000527, 2, 2000.00, 1, '2017-12-08'),
(1000000449, 1000000528, 2, 2000.00, 1, '2017-12-08'),
(1000000450, 1000000529, 2, 2000.00, 1, '2017-12-08'),
(1000000451, 1000000530, 1, 1800.00, 1, '2018-01-17'),
(1000000452, 1000000531, 1, 1800.00, 1, '2018-01-17'),
(1000000453, 1000000532, 1, 3200.00, 1, '2018-02-14'),
(1000000454, 1000000533, 1, 3200.00, 1, '2018-02-14'),
(1000000455, 1000000534, 3, 3420.00, 1, '2018-03-09'),
(1000000456, 1000000535, 1, 2400.00, 1, '2018-04-08'),
(1000000457, 1000000536, 1, 2400.00, 1, '2018-04-08'),
(1000000458, 1000000537, 2, 1200.00, 1, '2018-05-15'),
(1000000459, 1000000538, 1, 3000.00, 1, '2018-06-20'),
(1000000460, 1000000539, 1, 3600.00, 1, '2018-07-14'),
(1000000461, 1000000540, 1, 3600.00, 1, '2018-07-14'),
(1000000462, 1000000541, 1, 1200.00, 1, '2018-08-30'),
(1000000463, 1000000542, 1, 1200.00, 1, '2018-08-30'),
(1000000464, 1000000543, 1, 2700.00, 1, '2021-05-15'),
(1000000465, 1000000544, 1, 2700.00, 1, '2021-05-15'),
(1000000466, 1000000545, 1, 1200.00, 1, '2018-09-12'),
(1000000467, 1000000546, 1, 1200.00, 1, '2018-09-12'),
(1000000468, 1000000547, 1, 1200.00, 1, '2018-01-01'),
(1000000469, 1000000548, 1, 1200.00, 1, '2018-01-01'),
(1000000470, 1000000549, 1, 1200.00, 1, '2018-01-01'),
(1000000471, 1000000550, 1, 1200.00, 1, '2018-02-02'),
(1000000472, 1000000553, 1, 2655.00, 1, '2021-03-02'),
(1000000473, 1000000554, 1, 2655.00, 1, '2021-03-02'),
(1000000474, 1000000555, 1, 2655.00, 1, '2021-03-02'),
(1000000475, 1000000556, 1, 2655.00, 1, '2021-03-02'),
(1000000476, 1000000557, 1, 2655.00, 1, '2021-03-02'),
(1000000477, 1000000558, 1, 2655.00, 1, '2021-03-02'),
(1000000478, 1000000559, 1, 2655.00, 1, '2021-03-02'),
(1000000479, 1000000560, 1, 2655.00, 1, '2021-03-02'),
(1000000480, 1000000561, 1, 2655.00, 1, '2021-03-02'),
(1000000481, 1000000562, 1, 2655.00, 1, '2021-03-02'),
(1000000482, 1000000563, 1, 900.00, 1, '2021-03-02'),
(1000000483, 1000000564, 1, 1200.00, 1, '2021-03-02'),
(1000000484, 1000000565, 1, 800.00, 1, '2018-04-30'),
(1000000485, 1000000566, 1, 800.00, 1, '2018-04-30'),
(1000000486, 1000000567, 1, 900.00, 1, '2018-06-07'),
(1000000487, 1000000568, 1, 900.00, 1, '2018-06-07'),
(1000000488, 1000000569, 1, 900.00, 1, '2018-06-07'),
(1000000489, 1000000570, 1, 900.00, 1, '2018-06-07'),
(1000000490, 1000000571, 1, 900.00, 1, '2018-06-07'),
(1000000491, 1000000572, 1, 900.00, 1, '2018-06-07'),
(1000000492, 1000000573, 1, 900.00, 1, '2018-06-07'),
(1000000493, 1000000574, 1, 900.00, 1, '2018-06-07'),
(1000000494, 1000000575, 1, 900.00, 1, '2018-06-07'),
(1000000495, 1000000576, 1, 900.00, 1, '2018-06-07'),
(1000000496, 1000000577, 1, 900.00, 1, '2018-06-07'),
(1000000497, 1000000578, 1, 900.00, 1, '2018-06-07'),
(1000000498, 1000000579, 1, 900.00, 1, '2018-06-07'),
(1000000499, 1000000580, 1, 1200.00, 1, '2018-06-29'),
(1000000500, 1000000581, 1, 1200.00, 1, '2018-06-29'),
(1000000501, 1000000582, 1, 1200.00, 1, '2018-07-25'),
(1000000502, 1000000583, 1, 1200.00, 1, '2018-07-25'),
(1000000503, 1000000138, 1, 2000.00, 1, '2018-12-07'),
(1000000504, 1000000139, 1, 2000.00, 1, '2018-12-07'),
(1000000505, 1000000140, 1, 2000.00, 1, '2018-12-07'),
(1000000506, 1000000584, 1, 1200.00, 1, '2018-08-22'),
(1000000507, 1000000585, 1, 1200.00, 1, '2018-08-22'),
(1000000508, 1000000141, 3, 1500.00, 1, '2018-12-15'),
(1000000509, 1000000142, 3, 1500.00, 1, '2018-12-15'),
(1000000510, 1000000586, 1, 2400.00, 1, '2018-09-01'),
(1000000511, 1000000587, 1, 2400.00, 1, '2018-09-01'),
(1000000512, 1000000588, 2, 2400.00, 1, '2018-09-20'),
(1000000513, 1000000589, 2, 2400.00, 1, '2018-09-20'),
(1000000514, 1000000590, 3, 1200.00, 1, '2018-09-13'),
(1000000515, 1000000591, 3, 1200.00, 1, '2018-09-13'),
(1000000516, 1000000146, 1, 900.00, 1, '2018-12-27'),
(1000000517, 1000000147, 1, 900.00, 1, '2018-12-27'),
(1000000518, 1000000592, 3, 1600.00, 1, '2021-04-21'),
(1000000519, 1000000593, 3, 1600.00, 1, '2021-04-21'),
(1000000520, 1000000594, 3, 1600.00, 1, '2021-04-21'),
(1000000521, 1000000595, 3, 1600.00, 1, '2021-04-21'),
(1000000522, 1000000596, 3, 1600.00, 1, '2021-04-21'),
(1000000523, 1000000597, 3, 1800.00, 1, '2018-11-22'),
(1000000524, 1000000598, 1, 2400.00, 1, '2018-12-01'),
(1000000525, 1000000599, 1, 600.00, 1, '2018-12-13'),
(1000000526, 1000000600, 1, 600.00, 1, '2018-12-13'),
(1000000527, 1000000125, 3, 1200.00, 1, '2021-06-12'),
(1000000528, 1000000126, 3, 1200.00, 1, '2021-06-12'),
(1000000529, 1000000601, 1, 1200.00, 1, '2017-01-19'),
(1000000530, 1000000127, 1, 3200.00, 1, '2019-04-04'),
(1000000531, 1000000128, 1, 3200.00, 1, '2019-04-04'),
(1000000532, 1000000129, 1, 3200.00, 1, '2019-04-04'),
(1000000533, 1000000130, 1, 4000.00, 1, '2019-12-06'),
(1000000534, 1000000131, 1, 4000.00, 1, '2019-12-06'),
(1000000535, 1000000132, 1, 4000.00, 1, '2019-12-06'),
(1000000536, 1000000133, 1, 4000.00, 1, '2019-12-06'),
(1000000537, 1000000134, 2, 1800.00, 1, '2019-08-10'),
(1000000538, 1000000135, 2, 1800.00, 1, '2019-08-10'),
(1000000539, 1000000150, 1, 1200.00, 1, '2019-02-05'),
(1000000540, 1000000151, 1, 1200.00, 1, '2019-02-05'),
(1000000541, 1000000152, 3, 1800.00, 1, '2019-02-20'),
(1000000542, 1000000153, 3, 1800.00, 1, '2019-02-20'),
(1000000543, 1000000602, 1, 1425.00, 1, '2017-12-01'),
(1000000544, 1000000603, 1, 1425.00, 1, '2017-12-01'),
(1000000545, 1000000154, 2, 2400.00, 1, '2019-03-01'),
(1000000546, 1000000155, 2, 2400.00, 1, '2019-03-01'),
(1000000547, 1000000156, 2, 2400.00, 1, '2019-03-01'),
(1000000548, 1000000604, 1, 2010.00, 1, '2017-11-22'),
(1000000549, 1000000605, 1, 2010.00, 1, '2017-11-22'),
(1000000550, 1000000606, 1, 2010.00, 1, '2017-11-22'),
(1000000551, 1000000157, 3, 1200.00, 1, '2019-03-04'),
(1000000552, 1000000158, 3, 1200.00, 1, '2019-03-04'),
(1000000553, 1000000159, 3, 1200.00, 1, '2019-03-04'),
(1000000554, 1000000607, 3, 2100.00, 1, '2019-11-21'),
(1000000555, 1000000608, 3, 2100.00, 1, '2019-11-21'),
(1000000556, 1000000609, 3, 2100.00, 1, '2019-11-21'),
(1000000557, 1000000610, 3, 2100.00, 1, '2019-11-21'),
(1000000558, 1000000611, 3, 2100.00, 1, '2019-11-21'),
(1000000559, 1000000612, 1, 2400.00, 1, '2019-10-23'),
(1000000560, 1000000613, 1, 2400.00, 1, '2019-10-23'),
(1000000561, 1000000614, 1, 2400.00, 1, '2019-10-23'),
(1000000562, 1000000615, 2, 1800.00, 1, '2019-12-03'),
(1000000563, 1000000616, 2, 1800.00, 1, '2019-12-03'),
(1000000564, 1000000617, 2, 1800.00, 1, '2019-12-03'),
(1000000565, 1000000618, 2, 1800.00, 1, '2019-12-03'),
(1000000566, 1000000619, 2, 1800.00, 1, '2019-12-03'),
(1000000567, 1000000620, 2, 1800.00, 1, '2019-12-03'),
(1000000568, 1000000621, 2, 1800.00, 1, '2019-12-03'),
(1000000569, 1000000622, 2, 1800.00, 1, '2019-12-03'),
(1000000570, 1000000623, 2, 1800.00, 1, '2019-12-03'),
(1000000571, 1000000624, 2, 1800.00, 1, '2019-12-03'),
(1000000572, 1000000625, 1, 2670.00, 1, '2019-10-05'),
(1000000573, 1000000626, 1, 2670.00, 1, '2019-10-05'),
(1000000574, 1000000627, 1, 2670.00, 1, '2019-10-05'),
(1000000575, 1000000628, 1, 1800.00, 1, '2021-06-05'),
(1000000576, 1000000629, 1, 1800.00, 1, '2021-06-05'),
(1000000577, 1000000630, 1, 1500.00, 1, '2019-12-20'),
(1000000578, 1000000631, 1, 1500.00, 1, '2019-12-20'),
(1000000579, 1000000632, 3, 885.00, 1, '2019-12-12'),
(1000000580, 1000000633, 3, 885.00, 1, '2019-12-12'),
(1000000581, 1000000640, 3, 3285.00, 1, '2019-12-06'),
(1000000582, 1000000641, 3, 3285.00, 1, '2019-12-06'),
(1000000583, 1000000634, 1, 2670.00, 1, '2019-12-09'),
(1000000584, 1000000635, 1, 2670.00, 1, '2019-12-09'),
(1000000585, 1000000636, 1, 2670.00, 1, '2019-12-09'),
(1000000586, 1000000637, 1, 2670.00, 1, '2019-12-09'),
(1000000587, 1000000634, 1, 2670.00, 1, '2019-08-14'),
(1000000588, 1000000635, 1, 2670.00, 1, '2019-08-14'),
(1000000589, 1000000636, 1, 2670.00, 1, '2019-08-14'),
(1000000590, 1000000637, 1, 2670.00, 1, '2019-08-14'),
(1000000591, 1000000638, 1, 2295.00, 1, '2017-06-28'),
(1000000592, 1000000639, 1, 2295.00, 1, '2017-06-28'),
(1000000593, 1000000642, 1, 1420.00, 1, '2020-11-25'),
(1000000594, 1000000643, 1, 1420.00, 1, '2020-11-25'),
(1000000595, 1000000644, 1, 1420.00, 1, '2020-11-25'),
(1000000596, 1000000645, 1, 4000.00, 1, '2020-11-26'),
(1000000597, 1000000646, 1, 4000.00, 1, '2020-11-26'),
(1000000598, 1000000647, 1, 4000.00, 1, '2020-11-26'),
(1000000599, 1000000648, 1, 4000.00, 1, '2020-11-26'),
(1000000600, 1000000649, 1, 4000.00, 1, '2020-11-26'),
(1000000601, 1000000650, 1, 3000.00, 1, '2020-02-12'),
(1000000602, 1000000651, 1, 3000.00, 1, '2020-03-18'),
(1000000603, 1000000652, 1, 2280.00, 1, '2020-03-18'),
(1000000604, 1000000653, 1, 570.00, 1, '2020-03-18'),
(1000000605, 1000000654, 1, 570.00, 1, '2020-03-18'),
(1000000606, 1000000655, 1, 570.00, 1, '2020-03-18'),
(1000000607, 1000000656, 1, 570.00, 1, '2020-03-18'),
(1000000608, 1000000657, 1, 570.00, 1, '2020-03-18'),
(1000000609, 1000000658, 1, 570.00, 1, '2020-03-18'),
(1000000610, 1000000659, 1, 570.00, 1, '2020-03-18'),
(1000000611, 1000000660, 1, 570.00, 1, '2020-03-18'),
(1000000612, 1000000661, 1, 570.00, 1, '2020-03-18'),
(1000000613, 1000000662, 1, 570.00, 1, '2020-03-18'),
(1000000614, 1000000217, 3, 2880.00, 1, '2016-12-02'),
(1000000615, 1000000218, 3, 2880.00, 1, '2016-12-02'),
(1000000616, 1000000219, 3, 2880.00, 1, '2016-12-02'),
(1000000617, 1000000220, 3, 2880.00, 1, '2016-12-02'),
(1000000618, 1000000221, 3, 2880.00, 1, '2016-12-02'),
(1000000619, 1000000222, 3, 2880.00, 1, '2016-12-02'),
(1000000620, 1000000223, 3, 2880.00, 1, '2016-12-02'),
(1000000621, 1000000224, 3, 2880.00, 1, '2016-12-02'),
(1000000622, 1000000225, 3, 2880.00, 1, '2016-12-02'),
(1000000623, 1000000226, 3, 2880.00, 1, '2016-12-02'),
(1000000624, 1000000227, 3, 2880.00, 1, '2016-12-02'),
(1000000625, 1000000228, 3, 2880.00, 1, '2016-12-02'),
(1000000626, 1000000229, 3, 2880.00, 1, '2016-12-02'),
(1000000627, 1000000230, 3, 2880.00, 1, '2016-12-02'),
(1000000628, 1000000231, 3, 2880.00, 1, '2016-12-02'),
(1000000629, 1000000232, 3, 2880.00, 1, '2016-12-02'),
(1000000630, 1000000233, 3, 2880.00, 1, '2016-12-02'),
(1000000631, 1000000207, 1, 2400.00, 1, '2017-01-05'),
(1000000632, 1000000208, 1, 2400.00, 1, '2017-01-05'),
(1000000633, 1000000209, 1, 2400.00, 1, '2017-01-05'),
(1000000634, 1000000210, 1, 2400.00, 1, '2017-01-05'),
(1000000635, 1000000211, 1, 2400.00, 1, '2017-01-05'),
(1000000636, 1000000212, 1, 2400.00, 1, '2017-01-05'),
(1000000637, 1000000213, 1, 2400.00, 1, '2017-01-05'),
(1000000638, 1000000214, 1, 2400.00, 1, '2017-01-05'),
(1000000639, 1000000215, 1, 2400.00, 1, '2017-01-05'),
(1000000640, 1000000216, 1, 2400.00, 1, '2017-01-05'),
(1000000641, 1000000195, 1, 1920.00, 1, '2017-04-06'),
(1000000642, 1000000196, 1, 1920.00, 1, '2017-04-06'),
(1000000643, 1000000197, 1, 4000.00, 1, '2017-04-02'),
(1000000644, 1000000198, 1, 4000.00, 1, '2017-04-02'),
(1000000645, 1000000199, 1, 4000.00, 1, '2017-04-02'),
(1000000646, 1000000200, 1, 4000.00, 1, '2017-04-02'),
(1000000647, 1000000201, 1, 4000.00, 1, '2017-04-02'),
(1000000648, 1000000202, 1, 4000.00, 1, '2017-04-02'),
(1000000649, 1000000203, 1, 4000.00, 1, '2017-04-02'),
(1000000650, 1000000204, 1, 4000.00, 1, '2017-04-02'),
(1000000651, 1000000205, 1, 4000.00, 1, '2017-04-02'),
(1000000652, 1000000206, 1, 4000.00, 1, '2017-04-02'),
(1000000653, 1000000030, 2, 900.00, 1, '2021-06-03'),
(1000000656, 1000000120, 3, 900.00, 1, '2021-05-01'),
(1000000657, 1000000121, 3, 900.00, 1, '2021-05-01'),
(1000000658, 1000000102, 3, 3200.00, 1, '2021-05-21'),
(1000000659, 1000000105, 3, 600.00, 1, '2021-05-21'),
(1000000660, 1000000106, 3, 600.00, 1, '2021-05-21'),
(1000000661, 1000000107, 3, 600.00, 1, '2021-05-21'),
(1000000662, 1000000108, 3, 600.00, 1, '2021-05-21'),
(1000000663, 1000000109, 3, 600.00, 1, '2021-05-21'),
(1000000664, 1000000110, 3, 600.00, 1, '2021-05-21'),
(1000000665, 1000000112, 3, 600.00, 1, '2021-05-21'),
(1000000666, 1000000114, 3, 1200.00, 1, '2020-09-01'),
(1000000667, 1000000115, 3, 1200.00, 1, '2020-09-01'),
(1000000668, 1000000551, 1, 1200.00, 1, '2018-03-19'),
(1000000669, 1000000552, 1, 1200.00, 1, '2018-03-19'),
(1000000670, 1000000037, 1, 3200.00, 1, '2021-03-27'),
(1000000671, 1000000038, 1, 3200.00, 1, '2021-03-27'),
(1000000672, 1000000039, 1, 3200.00, 1, '2021-03-27'),
(1000000673, 1000000122, 3, 300.00, 1, '2020-02-27'),
(1000000674, 1000000123, 3, 3600.00, 1, '2020-02-27'),
(1000000675, 1000000124, 3, 3600.00, 1, '2020-02-27'),
(1000000676, 1000000651, 1, 54000.00, 2, '2020-11-15'),
(1000000677, 1000000511, 1, 27520.00, 2, '2019-07-23'),
(1000000678, 1000000653, 3, 26820.00, 2, '2020-11-15'),
(1000000679, 1000000612, 1, 64050.00, 2, '2020-01-03'),
(1000000680, 1000000639, 1, 71025.00, 2, '2018-01-03'),
(1000000681, 1000000655, 3, 26820.00, 2, '2020-11-15'),
(1000000682, 1000000638, 3, 75225.00, 2, '2018-01-03'),
(1000000683, 1000000656, 1, 22470.00, 2, '2020-11-15'),
(1000000684, 1000000657, 3, 22470.00, 2, '2020-11-15'),
(1000000685, 1000000421, 1, 77175.00, 2, '2016-11-20'),
(1000000686, 1000000658, 1, 33900.00, 2, '2020-11-15'),
(1000000687, 1000000422, 1, 62320.00, 2, '2016-11-20'),
(1000000688, 1000000631, 1, 44550.00, 2, '2019-12-28'),
(1000000689, 1000000632, 1, 38475.00, 2, '2019-12-28'),
(1000000690, 1000000541, 3, 46800.00, 2, '2019-03-17'),
(1000000691, 1000000661, 1, 13275.00, 2, '2020-11-15'),
(1000000692, 1000000537, 1, 25200.00, 2, '2019-02-23'),
(1000000693, 1000000662, 1, 2280.00, 2, '2020-11-15'),
(1000000694, 1000000480, 1, 9600.00, 2, '2019-03-16'),
(1000000695, 1000000642, 1, 5680.00, 2, '2021-01-04'),
(1000000696, 1000000008, 2, 8640.00, 2, '2021-05-15'),
(1000000697, 1000000009, 2, 12800.00, 2, '2021-06-15'),
(1000000698, 1000000010, 2, 12800.00, 2, '2021-06-15'),
(1000000699, 1000000063, 1, 33800.00, 2, '2020-01-04'),
(1000000700, 1000000645, 1, 16000.00, 2, '2021-01-18'),
(1000000701, 1000000574, 1, 16350.00, 2, '2018-07-15'),
(1000000702, 1000000646, 1, 40800.00, 2, '2021-01-18'),
(1000000703, 1000000647, 1, 31520.00, 2, '2021-01-18'),
(1000000704, 1000000575, 1, 16350.00, 2, '2018-07-15'),
(1000000705, 1000000648, 1, 31520.00, 2, '2021-01-18'),
(1000000706, 1000000015, 2, 4800.00, 2, '2021-04-26'),
(1000000707, 1000000016, 2, 4800.00, 2, '2021-04-26'),
(1000000708, 1000000017, 2, 4800.00, 2, '2021-04-26'),
(1000000709, 1000000626, 2, 35925.00, 2, '2020-01-02'),
(1000000710, 1000000649, 1, 31520.00, 2, '2021-01-18'),
(1000000711, 1000000476, 1, 182400.00, 2, '2019-02-09'),
(1000000712, 1000000476, 1, 182400.00, 2, '2019-02-09'),
(1000000713, 1000000386, 1, 22560.00, 2, '2016-07-16'),
(1000000714, 1000000643, 1, 5680.00, 2, '2021-01-04'),
(1000000715, 1000000436, 2, 16740.00, 2, '2017-05-23'),
(1000000716, 1000000644, 1, 71900.00, 2, '2021-01-04'),
(1000000717, 1000000435, 1, 16998.00, 2, '2017-05-23'),
(1000000718, 1000000125, 1, 10320.00, 2, '2019-06-30'),
(1000000719, 1000000126, 2, 10320.00, 2, '2019-06-30'),
(1000000720, 1000000024, 1, 4430.00, 2, '2021-02-14'),
(1000000721, 1000000640, 1, 33375.00, 2, '2020-01-05'),
(1000000722, 1000000635, 1, 16950.00, 2, '2020-01-02'),
(1000000723, 1000000636, 1, 18450.00, 2, '2020-01-02'),
(1000000724, 1000000637, 1, 10680.00, 2, '2020-01-02'),
(1000000725, 1000000026, 2, 9600.00, 2, '2021-06-05'),
(1000000726, 1000000027, 2, 9600.00, 2, '2021-06-05'),
(1000000727, 1000000517, 1, 52050.00, 2, '2019-08-17'),
(1000000728, 1000000516, 3, 70050.00, 2, '2019-08-17'),
(1000000729, 1000000615, 1, 27600.00, 2, '2020-01-01'),
(1000000730, 1000000522, 1, 28400.00, 2, '2019-10-14'),
(1000000731, 1000000521, 1, 46400.00, 2, '2019-10-14'),
(1000000732, 1000000520, 3, 46400.00, 2, '2019-10-14'),
(1000000733, 1000000375, 1, 78000.00, 2, '2021-04-17'),
(1000000734, 1000000272, 1, 31080.00, 2, '2018-01-22'),
(1000000735, 1000000616, 1, 28020.00, 2, '2020-01-01'),
(1000000736, 1000000617, 1, 21900.00, 2, '2020-01-01'),
(1000000737, 1000000321, 1, 56200.00, 2, '2019-09-24'),
(1000000738, 1000000380, 3, 165600.00, 2, '2021-04-30'),
(1000000739, 1000000618, 3, 26400.00, 2, '2020-01-01'),
(1000000740, 1000000322, 1, 65800.00, 2, '2019-09-24'),
(1000000741, 1000000619, 1, 21900.00, 2, '2020-01-01'),
(1000000742, 1000000620, 1, 37575.00, 2, '2020-01-01'),
(1000000743, 1000000539, 1, 115800.00, 2, '2019-01-25'),
(1000000744, 1000000621, 1, 30675.00, 2, '2020-01-01'),
(1000000745, 1000000540, 3, 89700.00, 2, '2019-01-25'),
(1000000746, 1000000622, 1, 38775.00, 2, '2020-01-01'),
(1000000747, 1000000225, 2, 17600.00, 2, '2016-12-26'),
(1000000748, 1000000623, 1, 38775.00, 2, '2020-01-02'),
(1000000749, 1000000500, 2, 18400.00, 2, '2019-02-15'),
(1000000750, 1000000624, 1, 28275.00, 2, '2020-01-02'),
(1000000751, 1000000538, 1, 57000.00, 2, '2019-02-23'),
(1000000752, 1000000052, 2, 6870.00, 2, '2021-02-07'),
(1000000753, 1000000323, 1, 77600.00, 2, '2019-09-24'),
(1000000754, 1000000610, 1, 68175.00, 2, '2020-01-03'),
(1000000755, 1000000611, 2, 60675.00, 2, '2020-01-03'),
(1000000756, 1000000420, 3, 59560.00, 2, '2016-11-20'),
(1000000757, 1000000547, 3, 32200.00, 2, '2018-01-15'),
(1000000758, 1000000601, 1, 31960.00, 2, '2017-02-19'),
(1000000759, 1000000551, 1, 16800.00, 2, '2018-03-26'),
(1000000760, 1000000552, 1, 42800.00, 2, '2018-03-26'),
(1000000761, 1000000598, 1, 53000.00, 2, '2018-12-24'),
(1000000762, 1000000096, 3, 21600.00, 2, '2021-05-26'),
(1000000763, 1000000597, 1, 104400.00, 2, '2018-12-24'),
(1000000764, 1000000394, 1, 19340.00, 2, '2016-08-19'),
(1000000765, 1000000448, 1, 70400.00, 2, '2020-02-17'),
(1000000766, 1000000449, 3, 76800.00, 2, '2020-04-19'),
(1000000767, 1000000593, 1, 23160.00, 2, '2018-11-16'),
(1000000768, 1000000254, 2, 12800.00, 2, '2017-03-06'),
(1000000769, 1000000594, 1, 35160.00, 2, '2018-11-16'),
(1000000770, 1000000591, 1, 81420.00, 2, '2018-10-14'),
(1000000771, 1000000595, 3, 17600.00, 2, '2018-11-16'),
(1000000772, 1000000596, 1, 17600.00, 2, '2018-11-16'),
(1000000773, 1000000590, 1, 63420.00, 2, '2018-10-14'),
(1000000774, 1000000069, 2, 3600.00, 2, '2021-04-18'),
(1000000775, 1000000478, 1, 19200.00, 2, '2019-03-16'),
(1000000776, 1000000589, 3, 55200.00, 2, '2018-10-16'),
(1000000777, 1000000411, 1, 35655.00, 2, '2016-09-16'),
(1000000778, 1000000007, 2, 8640.00, 2, '2021-05-16'),
(1000000779, 1000000576, 2, 6900.00, 2, '2018-07-15'),
(1000000780, 1000000412, 1, 35685.00, 2, '2016-09-16'),
(1000000782, 1000000528, 3, 45980.00, 2, '2019-10-14'),
(1000000783, 1000000025, 1, 9600.00, 2, '2021-06-05'),
(1000000785, 1000000417, 1, 17420.00, 2, '2016-10-08'),
(1000000787, 1000000372, 1, 133400.00, 2, '2021-02-28'),
(1000000788, 1000000112, 2, 6396.00, 2, '2021-05-28'),
(1000000789, 1000000079, 2, 4970.00, 2, '2021-05-05'),
(1000000790, 1000000095, 1, 12050.00, 2, '2021-05-26'),
(1000000791, 1000000080, 2, 5320.00, 2, '2021-05-05'),
(1000000792, 1000000514, 3, 85600.00, 2, '2019-07-23'),
(1000000793, 1000000081, 2, 3600.00, 2, '2021-05-23'),
(1000000794, 1000000536, 1, 97600.00, 2, '2019-01-13'),
(1000000795, 1000000503, 3, 65700.00, 2, '2019-05-05'),
(1000000796, 1000000378, 1, 149920.00, 2, '2021-05-30'),
(1000000797, 1000000379, 3, 149920.00, 2, '2021-04-30'),
(1000000798, 1000000444, 1, 22950.00, 2, '2020-02-17'),
(1000000799, 1000000121, 1, 3600.00, 2, '2021-05-05'),
(1000000800, 1000000519, 1, 212320.00, 2, '2019-09-13'),
(1000000801, 1000000542, 1, 14000.00, 2, '2019-03-17'),
(1000000802, 1000000348, 2, 14720.00, 2, '2020-02-17'),
(1000000803, 1000000450, 1, 96950.00, 2, '2020-04-19'),
(1000000804, 1000000418, 1, 26100.00, 2, '2016-10-08'),
(1000000805, 1000000451, 3, 104375.00, 2, '2020-04-19'),
(1000000806, 1000000413, 1, 27200.00, 2, '2016-09-16'),
(1000000807, 1000000409, 1, 12405.00, 2, '2016-09-16'),
(1000000808, 1000000408, 1, 13245.00, 2, '2016-09-16'),
(1000000809, 1000000452, 3, 96190.00, 2, '2020-04-19'),
(1000000810, 1000000587, 1, 24000.00, 2, '2018-09-24'),
(1000000811, 1000000454, 1, 101015.00, 2, '2020-07-28'),
(1000000812, 1000000586, 1, 24000.00, 2, '2018-09-24'),
(1000000813, 1000000068, 2, 3200.00, 2, '2020-01-12'),
(1000000814, 1000000347, 2, 29920.00, 2, '2020-02-17'),
(1000000815, 1000000393, 1, 17205.00, 2, '2016-08-19'),
(1000000816, 1000000392, 1, 6610.00, 2, '2016-08-19'),
(1000000817, 1000000582, 1, 17200.00, 2, '2018-08-12'),
(1000000818, 1000000339, 1, 45780.00, 2, '2020-01-05'),
(1000000819, 1000000583, 1, 17200.00, 2, '2018-08-12'),
(1000000820, 1000000130, 2, 16000.00, 2, '2020-01-01'),
(1000000821, 1000000457, 1, 30800.00, 2, '2020-07-28'),
(1000000822, 1000000506, 3, 190000.00, 2, '2019-06-09'),
(1000000823, 1000000456, 1, 30800.00, 2, '2020-07-28'),
(1000000824, 1000000340, 1, 36180.00, 2, '2020-01-05'),
(1000000825, 1000000131, 2, 16000.00, 2, '2020-01-01'),
(1000000826, 1000000227, 1, 11520.00, 2, '2016-12-26'),
(1000000827, 1000000269, 3, 16000.00, 2, '2018-01-22'),
(1000000828, 1000000518, 3, 206000.00, 2, '2019-09-13'),
(1000000829, 1000000228, 1, 11520.00, 2, '2016-12-26'),
(1000000830, 1000000270, 2, 18820.00, 2, '2018-01-22'),
(1000000831, 1000000428, 1, 47020.00, 2, '2018-07-21'),
(1000000832, 1000000535, 3, 57600.00, 2, '2019-01-13'),
(1000000833, 1000000523, 1, 19600.00, 2, '2019-10-14'),
(1000000834, 1000000271, 2, 19610.00, 2, '2018-01-22'),
(1000000835, 1000000224, 1, 11520.00, 2, '2016-12-26'),
(1000000836, 1000000132, 2, 16000.00, 2, '2020-01-01'),
(1000000837, 1000000222, 1, 11520.00, 2, '2016-12-26'),
(1000000838, 1000000525, 3, 35600.00, 2, '2019-10-14'),
(1000000839, 1000000427, 1, 47220.00, 2, '2018-07-21'),
(1000000840, 1000000524, 2, 19600.00, 2, '2019-10-14'),
(1000000841, 1000000133, 2, 16000.00, 2, '2020-01-01'),
(1000000842, 1000000426, 3, 47180.00, 2, '2018-07-21'),
(1000000843, 1000000172, 1, 17555.00, 2, '2016-06-14'),
(1000000844, 1000000545, 1, 47400.00, 2, '2019-09-15'),
(1000000845, 1000000588, 1, 31200.00, 2, '2018-10-16'),
(1000000846, 1000000546, 3, 47400.00, 2, '2019-09-15'),
(1000000847, 1000000572, 1, 7740.00, 2, '2018-07-15'),
(1000000848, 1000000526, 2, 22800.00, 2, '2019-10-14'),
(1000000849, 1000000573, 1, 7740.00, 2, '2018-07-15'),
(1000000850, 1000000527, 2, 35600.00, 2, '2019-10-14'),
(1000000851, 1000000286, 2, 5620.00, 2, '2018-04-16'),
(1000000852, 1000000529, 3, 35600.00, 2, '2019-10-14'),
(1000000853, 1000000201, 3, 28360.00, 2, '2017-04-17'),
(1000000854, 1000000533, 2, 12800.00, 2, '2019-11-17'),
(1000000855, 1000000287, 2, 5620.00, 2, '2018-04-16'),
(1000000856, 1000000481, 2, 9600.00, 2, '2019-06-16'),
(1000000857, 1000000288, 2, 5215.00, 2, '2018-04-16'),
(1000000858, 1000000186, 1, 6120.00, 2, '2017-02-15'),
(1000000859, 1000000482, 3, 9600.00, 2, '2019-06-16'),
(1000000860, 1000000289, 2, 5150.00, 2, '2018-04-16'),
(1000000861, 1000000290, 2, 4900.00, 2, '2018-04-16'),
(1000000862, 1000000445, 2, 18500.00, 2, '2020-02-17'),
(1000000863, 1000000485, 3, 9600.00, 2, '2019-06-16'),
(1000000864, 1000000291, 1, 42620.00, 2, '2018-06-30'),
(1000000865, 1000000532, 3, 12800.00, 2, '2019-11-17'),
(1000000866, 1000000197, 1, 16650.00, 2, '2017-04-17'),
(1000000867, 1000000483, 2, 9600.00, 2, '2019-06-16'),
(1000000868, 1000000446, 2, 14710.00, 2, '2020-02-17'),
(1000000869, 1000000484, 1, 9600.00, 2, '2019-06-16'),
(1000000870, 1000000198, 2, 16060.00, 2, '2017-04-17'),
(1000000871, 1000000292, 1, 47060.00, 2, '2018-06-30'),
(1000000872, 1000000293, 1, 43490.00, 2, '2018-06-30'),
(1000000873, 1000000319, 3, 41000.00, 2, '2019-09-24'),
(1000000874, 1000000199, 1, 16780.00, 2, '2017-04-17'),
(1000000875, 1000000447, 2, 14860.00, 2, '2020-02-17'),
(1000000876, 1000000200, 1, 16080.00, 2, '2017-04-17'),
(1000000877, 1000000294, 1, 28800.00, 2, '2018-06-30'),
(1000000878, 1000000584, 1, 4800.00, 2, '2018-09-24'),
(1000000879, 1000000212, 1, 10650.00, 2, '2017-01-16'),
(1000000880, 1000000265, 1, 35650.00, 2, '2017-12-31'),
(1000000881, 1000000168, 2, 10920.00, 2, '2016-06-14'),
(1000000882, 1000000237, 1, 9620.00, 2, '2017-04-17'),
(1000000883, 1000000443, 2, 8675.00, 2, '2020-01-05'),
(1000000884, 1000000238, 1, 9720.00, 2, '2017-04-17'),
(1000000885, 1000000442, 2, 8935.00, 2, '2020-01-05'),
(1000000886, 1000000255, 1, 12800.00, 2, '2017-03-06'),
(1000000887, 1000000256, 1, 13600.00, 2, '2017-03-06'),
(1000000888, 1000000257, 1, 12800.00, 2, '2017-03-06'),
(1000000889, 1000000441, 3, 8730.00, 2, '2020-01-05'),
(1000000890, 1000000258, 1, 12800.00, 2, '2017-03-06'),
(1000000891, 1000000440, 2, 8750.00, 2, '2020-01-05'),
(1000000892, 1000000439, 3, 8340.00, 2, '2017-05-23'),
(1000000893, 1000000268, 1, 29055.00, 2, '2017-12-31'),
(1000000894, 1000000434, 1, 8305.00, 2, '2017-05-23'),
(1000000895, 1000000437, 1, 8245.00, 2, '2017-05-23'),
(1000000896, 1000000438, 1, 8190.00, 2, '2017-05-23'),
(1000000897, 1000000110, 2, 9400.00, 2, '2021-05-28'),
(1000000898, 1000000109, 2, 4720.00, 2, '2021-05-28'),
(1000000899, 1000000108, 1, 2540.00, 2, '2021-05-28'),
(1000000900, 1000000006, 1, 8100.00, 2, '2021-06-06'),
(1000000901, 1000000014, 1, 4800.00, 2, '2021-06-06'),
(1000000902, 1000000091, 1, 2400.00, 2, '2021-06-06'),
(1000000903, 1000000376, 1, 32000.00, 2, '2021-06-06'),
(1000000904, 1000000377, 1, 32000.00, 2, '2021-06-06'),
(1000000905, 1000000105, 3, 2400.00, 2, '2021-06-06'),
(1000000906, 1000000106, 3, 2400.00, 2, '2021-06-06'),
(1000000907, 1000000107, 3, 2930.00, 2, '2021-06-06'),
(1000000908, 1000000112, 1, 6396.00, 2, '2021-06-06'),
(1000000909, 1000000050, 2, 12000.00, 2, '2021-06-06'),
(1000000910, 1000000053, 3, 17600.00, 2, '2021-06-06'),
(1000000911, 1000000116, 1, 42600.00, 2, '2021-06-06'),
(1000000912, 1000000056, 3, 44000.00, 2, '2021-06-06'),
(1000000913, 1000000099, 3, 7200.00, 2, '2021-06-06'),
(1000000914, 1000000087, 1, 3600.00, 2, '2021-06-06'),
(1000000915, 1000000060, 3, 5240.00, 2, '2021-06-06'),
(1000000916, 1000000088, 1, 4580.00, 2, '2021-06-06'),
(1000000917, 1000000089, 1, 3600.00, 2, '2021-06-06'),
(1000000918, 1000000090, 1, 6080.00, 2, '2021-06-06'),
(1000000919, 1000000061, 2, 5070.00, 2, '2021-06-06'),
(1000000920, 1000000082, 1, 3600.00, 2, '2021-06-06'),
(1000000921, 1000000083, 1, 3600.00, 2, '2021-06-06'),
(1000000922, 1000000084, 1, 3600.00, 2, '2021-06-06'),
(1000000923, 1000000085, 1, 3600.00, 2, '2021-06-06'),
(1000000924, 1000000086, 1, 3600.00, 2, '2021-06-06'),
(1000000925, 1000000074, 2, 4850.00, 2, '2021-06-06'),
(1000000926, 1000000322, 2, 16000.00, 2, '2021-06-06'),
(1000000927, 1000000092, 1, 17010.00, 2, '2021-06-06'),
(1000000928, 1000000093, 1, 13525.00, 2, '2021-06-06'),
(1000000929, 1000000048, 1, 3200.00, 2, '2021-06-06'),
(1000000930, 1000000049, 1, 3200.00, 2, '2021-06-06'),
(1000000931, 1000000070, 1, 8325.00, 2, '2021-06-06'),
(1000000932, 1000000071, 1, 7560.00, 2, '2021-06-06'),
(1000000933, 1000000072, 1, 8100.00, 2, '2021-06-06'),
(1000000934, 1000000113, 1, 4320.00, 2, '2021-06-06'),
(1000000935, 1000000073, 1, 4180.00, 2, '2021-06-06'),
(1000000936, 1000000120, 1, 3600.00, 2, '2021-06-06'),
(1000000937, 1000000057, 1, 34400.00, 2, '2021-06-06'),
(1000000938, 1000000018, 1, 6400.00, 2, '2021-06-06'),
(1000000939, 1000000019, 1, 6400.00, 2, '2021-06-06'),
(1000000940, 1000000039, 1, 13820.00, 2, '2021-06-06'),
(1000000941, 1000000040, 1, 12800.00, 2, '2021-06-06'),
(1000000942, 1000000041, 1, 12800.00, 2, '2021-06-06'),
(1000000943, 1000000374, 1, 14400.00, 2, '2021-06-06'),
(1000000944, 1000000042, 1, 7290.00, 2, '2021-06-06'),
(1000000945, 1000000044, 1, 14465.00, 2, '2021-06-06'),
(1000000946, 1000000021, 1, 4560.00, 2, '2021-06-06'),
(1000000947, 1000000023, 1, 4940.00, 2, '2021-06-06'),
(1000000948, 1000000022, 1, 6870.00, 2, '2021-06-06'),
(1000000949, 1000000020, 1, 9320.00, 2, '2021-06-06'),
(1000000950, 1000000051, 1, 6120.00, 2, '2021-06-06'),
(1000000951, 1000000689, 3, 2400.00, 1, '2021-06-06'),
(1000000952, 1000000690, 3, 2400.00, 1, '2021-06-06'),
(1000000953, 1000000691, 3, 2400.00, 1, '2021-06-06'),
(1000000954, 1000000692, 3, 2400.00, 1, '2021-06-06'),
(1000000955, 1000000693, 3, 2400.00, 1, '2021-06-06'),
(1000000956, 1000000694, 3, 2400.00, 1, '2021-06-06'),
(1000000957, 1000000695, 3, 1200.00, 1, '2021-06-05'),
(1000000958, 1000000696, 3, 1200.00, 1, '2021-06-05');

-- --------------------------------------------------------

--
-- Table structure for table `payment_method`
--

CREATE TABLE `payment_method` (
  `methodID` int(2) NOT NULL,
  `methodName` varchar(32) NOT NULL,
  `chargeRate` float(4,2) NOT NULL
) ENGINE=InnoDB DEFAULT CHARSET=utf8;

--
-- Dumping data for table `payment_method`
--

INSERT INTO `payment_method` (`methodID`, `methodName`, `chargeRate`) VALUES
(1, 'Bank Transfer', 0.00),
(2, 'Cash', 0.00),
(3, 'Credit Card', 2.50);

-- --------------------------------------------------------

--
-- Stand-in structure for view `payment_view`
-- (See below for the actual view)
--
CREATE TABLE `payment_view` (
`paymentID` int(10)
,`bookingDetailID` int(10)
,`bookingID` int(10)
,`roomID` int(4)
,`guestFirstName` varchar(64)
,`guestLastName` varchar(64)
,`name` varchar(130)
,`type` varchar(9)
,`amountPaid` float(16,2)
,`methodName` varchar(32)
,`datePaid` date
);

-- --------------------------------------------------------

--
-- Table structure for table `promotion`
--

CREATE TABLE `promotion` (
  `promotionID` int(8) NOT NULL,
  `seasonID` int(4) NOT NULL,
  `roomTypeID` int(2) NOT NULL,
  `promotionName` varchar(250) NOT NULL,
  `startDate` date NOT NULL,
  `endDate` date NOT NULL,
  `discount` int(3) NOT NULL
) ENGINE=InnoDB DEFAULT CHARSET=utf8;

--
-- Dumping data for table `promotion`
--

INSERT INTO `promotion` (`promotionID`, `seasonID`, `roomTypeID`, `promotionName`, `startDate`, `endDate`, `discount`) VALUES
(1, 8, 10, 'Grand Opening', '2016-06-07', '2016-06-19', 10),
(2, 8, 11, 'Grand Opening', '2016-06-07', '2016-06-19', 10),
(3, 8, 12, 'Grand Opening', '2016-06-07', '2016-06-19', 10),
(4, 1, 10, 'New Year 2017', '2016-12-29', '2017-01-04', 10),
(5, 1, 11, 'New Year 2017', '2016-12-29', '2017-01-04', 15),
(6, 1, 12, 'New Year 2017', '2016-12-29', '2017-01-04', 15),
(7, 1, 13, 'New Year 2017', '2016-12-29', '2017-01-04', 20),
(8, 1, 14, 'New Year 2017', '2016-12-29', '2017-01-04', 20),
(9, 4, 10, 'Merry Christmas 2016', '2016-12-23', '2016-12-26', 10),
(10, 4, 11, 'Merry Christmas 2016', '2016-12-23', '2016-12-26', 10),
(11, 4, 12, 'Merry Christmas 2016', '2016-12-23', '2016-12-26', 10),
(12, 4, 13, 'Merry Christmas 2016', '2016-12-23', '2016-12-26', 10),
(13, 4, 14, 'Merry Christmas 2016', '2016-12-23', '2016-12-26', 20),
(14, 4, 15, 'Merry Christmas 2016', '2016-12-23', '2016-12-26', 15),
(15, 2, 10, 'Valentines 2017', '2017-02-13', '2017-02-15', 10),
(16, 2, 11, 'Valentines 2017', '2017-02-13', '2017-02-15', 10),
(17, 2, 12, 'Valentines 2017', '2017-02-13', '2017-02-15', 15),
(18, 2, 13, 'Valentines 2017', '2017-02-13', '2017-02-15', 20),
(19, 2, 14, 'Valentines 2017', '2017-02-13', '2017-02-15', 20),
(20, 3, 10, 'Songkran 2017', '2017-04-13', '2017-04-17', 10),
(21, 3, 11, 'Songkran 2017', '2017-04-13', '2017-04-17', 10),
(22, 3, 12, 'Songkran 2017', '2017-04-13', '2017-04-17', 20),
(23, 3, 13, 'Songkran 2017', '2017-04-13', '2017-04-17', 20),
(24, 7, 10, 'Mother Day', '2017-08-11', '2017-08-14', 5),
(25, 7, 11, 'Mother Day', '2017-08-11', '2017-08-14', 5),
(26, 7, 12, 'Mother Day', '2017-08-11', '2017-08-14', 10),
(27, 1, 10, 'New Year 2018', '2017-12-28', '2018-01-03', 5),
(28, 1, 11, 'New Year 2018', '2017-12-28', '2018-01-03', 5),
(29, 1, 12, 'New Year 2018', '2017-12-28', '2018-01-03', 10),
(30, 1, 13, 'New Year 2018', '2017-12-28', '2018-01-03', 10),
(31, 1, 14, 'New Year 2018', '2017-12-28', '2018-01-03', 20),
(32, 1, 15, 'New Year 2018', '2017-12-28', '2018-01-03', 20),
(33, 3, 10, 'Songkran 2018', '2018-04-12', '2018-04-16', 5),
(34, 3, 11, 'Songkran 2018', '2018-04-12', '2018-04-16', 5),
(35, 3, 12, 'Songkran 2018', '2018-04-12', '2018-04-16', 5),
(36, 3, 13, 'Songkran 2018', '2018-04-12', '2018-04-16', 10),
(37, 1, 10, 'New Year 2019', '2018-12-28', '2019-01-02', 10),
(38, 1, 11, 'New Year 2019', '2018-12-28', '2019-01-02', 15),
(39, 1, 12, 'New Year 2019', '2018-12-28', '2019-01-02', 15),
(40, 1, 13, 'New Year 2019', '2018-12-28', '2019-01-02', 15),
(41, 1, 14, 'New Year 2019', '2018-12-28', '2019-01-02', 20),
(42, 1, 15, 'New Year 2019', '2018-12-28', '2019-01-02', 20),
(43, 3, 12, 'Songkran 2019', '2019-04-13', '2019-04-17', 10),
(44, 3, 13, 'Songkran 2019', '2019-04-13', '2019-04-17', 10),
(45, 2, 10, 'Valentines 2019', '2019-02-14', '2019-02-16', 10),
(46, 2, 13, 'Valentines 2018', '2019-02-14', '2019-02-16', 10),
(47, 7, 11, 'Family Promotion', '2019-05-15', '2019-05-31', 5),
(48, 7, 13, 'Family Promotion', '2019-05-15', '2019-05-30', 5),
(49, 6, 10, 'Summer super cool', '2019-06-19', '2019-06-26', 5),
(50, 6, 11, 'Summer super cool', '2019-06-19', '2019-06-26', 5),
(51, 6, 12, 'Summer super cool', '2019-06-19', '2019-06-26', 5),
(52, 8, 14, 'Married couple promotion', '2019-08-01', '2019-08-31', 10),
(53, 8, 15, 'Seminar Promotion', '2019-09-15', '2019-09-25', 15),
(54, 8, 12, 'Halloween party', '2019-10-30', '2019-11-02', 5),
(55, 8, 11, 'Halloween party', '2019-10-30', '2019-11-02', 5),
(56, 8, 14, 'Halloween party', '2019-10-30', '2019-11-02', 10),
(57, 4, 12, 'Santa claus is coming to PocoLoco', '2019-12-23', '2020-01-28', 5),
(58, 4, 10, 'Santa claus is coming to PocoLoco ', '2019-12-23', '2019-12-26', 5),
(59, 1, 11, 'Pung Pung New Year Promotion', '2019-12-30', '2020-01-02', 15),
(60, 1, 13, 'Pung Pung New Year Promotion', '2019-12-30', '2020-01-02', 15),
(61, 5, 10, 'Super Special Promotion', '2020-04-15', '2020-04-30', 20),
(62, 5, 11, 'Super Special Promotion', '2020-04-15', '2020-04-30', 10),
(64, 2, 12, 'Lovely Love Love', '2020-02-10', '2020-02-16', 10),
(65, 2, 13, 'Lovely Love Love', '2020-02-10', '2020-02-16', 10),
(66, 2, 14, 'Marry Love Love ', '2020-02-05', '2020-02-20', 10),
(67, 7, 10, 'Summer Holiday Promotion', '2020-05-01', '2020-05-20', 5),
(68, 7, 11, 'Summer Holiday Promotion', '2020-05-01', '2020-05-20', 5),
(69, 7, 12, 'Summer Holiday Promotion', '2020-05-01', '2020-05-20', 5),
(70, 7, 13, 'Summer Holiday Promotion', '2020-05-01', '2020-05-20', 5),
(71, 8, 14, 'June Bride', '2020-06-01', '2020-06-30', 15),
(72, 8, 10, 'June Bride', '2020-06-01', '2020-06-30', 5),
(73, 8, 13, 'June Bride', '2020-06-01', '2020-06-30', 5),
(74, 5, 10, 'Back to PocoLoco', '2020-08-06', '2020-08-26', 15),
(75, 5, 11, 'Back to PocoLoco', '2020-08-06', '2020-08-26', 10),
(76, 5, 12, 'Back to PocoLoco', '2020-08-06', '2020-08-26', 5),
(77, 8, 13, 'Super Promotion', '2020-09-20', '2020-09-27', 20),
(78, 7, 10, 'Chiw Chiw Holiday', '2020-10-10', '2020-10-30', 10),
(79, 7, 11, 'Chiw Chiw Holiday', '2020-10-10', '2020-10-30', 20),
(80, 7, 12, 'Chiw Chiw Holiday', '2020-10-10', '2020-10-30', 10),
(81, 7, 13, 'Chiw Chiw Holiday', '2020-10-10', '2020-10-30', 20),
(82, 8, 13, 'Loy Kratong Festival', '2020-11-10', '2020-11-25', 5),
(83, 8, 12, 'Loy Kratong Festival', '2020-11-10', '2020-11-25', 5),
(84, 8, 11, 'Loy Kratong Festival', '2020-11-10', '2020-11-25', 5),
(85, 8, 10, 'Loy Kratong Festival', '2020-11-10', '2020-11-25', 5),
(86, 1, 10, 'Chiw Chiw New Year', '2020-12-28', '2021-01-03', 10),
(87, 1, 11, 'Chiw Chiw New Year', '2020-12-28', '2021-01-03', 15),
(88, 1, 13, 'Chiw Chiw New Year', '2020-12-30', '2021-01-05', 15),
(89, 1, 12, 'Chiw Chiw New Year', '2020-12-25', '2021-01-01', 5),
(90, 2, 12, 'Social distancing Promotion', '2021-02-10', '2021-02-18', 15),
(91, 2, 13, 'Social distancing Promotion', '2021-02-10', '2021-02-20', 15),
(92, 3, 10, 'Haeng Haeng Promotion', '2021-04-10', '2021-04-20', 15),
(93, 3, 12, 'Haeng Haeng Promotion', '2021-04-10', '2021-04-20', 15),
(94, 3, 11, 'Haeng Haeng Promotion', '2021-04-10', '2021-04-20', 10),
(95, 3, 13, 'Haeng Haeng Promotion', '2021-04-10', '2021-04-20', 5);

-- --------------------------------------------------------

--
-- Stand-in structure for view `promotion_view`
-- (See below for the actual view)
--
CREATE TABLE `promotion_view` (
`promotionID` int(8)
,`seasonName` varchar(64)
,`promotionName` varchar(250)
,`roomTypeID` int(2)
,`roomType` varchar(32)
,`discount` int(3)
,`startDate` date
,`endDate` date
);

-- --------------------------------------------------------

--
-- Table structure for table `role`
--

CREATE TABLE `role` (
  `roleID` int(2) NOT NULL,
  `roleName` varchar(64) NOT NULL,
  `salary` int(8) NOT NULL,
  `bonusRate` int(2) NOT NULL,
  `departmentID` int(2) NOT NULL
) ENGINE=InnoDB DEFAULT CHARSET=utf8;

--
-- Dumping data for table `role`
--

INSERT INTO `role` (`roleID`, `roleName`, `salary`, `bonusRate`, `departmentID`) VALUES
(11, 'Owner', 100000, 0, 1),
(12, 'Admin', 30000, 20, 1),
(13, 'Timestamp', 0, 0, 1),
(21, 'Manager', 25000, 10, 2),
(22, 'Receptionist', 20000, 8, 2),
(31, 'Manager', 25000, 10, 3),
(32, 'Chef', 100000, 5, 3),
(41, 'Manager', 25000, 10, 4),
(42, 'Maid', 15000, 5, 4),
(51, 'Manager', 25000, 10, 5),
(52, 'Guard', 15000, 5, 5),
(61, 'Manager', 25000, 10, 6),
(62, 'Accountant', 20000, 8, 6),
(71, 'Manager', 20000, 10, 7),
(72, 'Staff', 15000, 5, 7);

-- --------------------------------------------------------

--
-- Stand-in structure for view `role_view`
-- (See below for the actual view)
--
CREATE TABLE `role_view` (
`roleID` int(2)
,`roleName` varchar(64)
,`salary` int(8)
,`bonusRate` int(2)
,`departmentName` varchar(64)
);

-- --------------------------------------------------------

--
-- Table structure for table `roomdescription`
--

CREATE TABLE `roomdescription` (
  `roomTypeID` int(2) NOT NULL,
  `roomType` varchar(32) NOT NULL,
  `roomPrice` int(8) NOT NULL,
  `capacity` int(4) NOT NULL,
  `size` float(5,2) NOT NULL
) ENGINE=InnoDB DEFAULT CHARSET=utf8;

--
-- Dumping data for table `roomdescription`
--

INSERT INTO `roomdescription` (`roomTypeID`, `roomType`, `roomPrice`, `capacity`, `size`) VALUES
(10, 'Standard', 1500, 2, 28.00),
(11, 'Superior', 2000, 2, 30.00),
(12, 'Deluxe', 3000, 2, 32.00),
(13, 'Suite', 4000, 2, 35.00),
(14, 'Grand Ballrooms', 15000, 300, 800.00),
(15, 'Seminar', 8000, 150, 237.00);

-- --------------------------------------------------------

--
-- Stand-in structure for view `roomprice_view`
-- (See below for the actual view)
--
CREATE TABLE `roomprice_view` (
`promotionID` int(8)
,`promotionName` varchar(250)
,`roomTypeID` int(2)
,`roomType` varchar(32)
,`startDate` date
,`endDate` date
,`discount` int(3)
,`roomPrice` int(8)
,`roomPriceDiscount` decimal(25,4)
);

-- --------------------------------------------------------

--
-- Table structure for table `roomservice`
--

CREATE TABLE `roomservice` (
  `DateTime` timestamp NOT NULL DEFAULT current_timestamp(),
  `roomID` int(4) NOT NULL,
  `serviceID` int(4) NOT NULL,
  `amount` int(4) NOT NULL,
  `total` float(8,2) NOT NULL,
  `status` tinyint(4) NOT NULL
) ENGINE=InnoDB DEFAULT CHARSET=utf8;

--
-- Dumping data for table `roomservice`
--

INSERT INTO `roomservice` (`DateTime`, `roomID`, `serviceID`, `amount`, `total`, `status`) VALUES
('2016-06-07 11:45:00', 1721, 10, 1, 45.00, 2),
('2016-06-07 11:45:00', 1721, 13, 2, 100.00, 2),
('2016-06-07 11:45:00', 1722, 21, 3, 900.00, 2),
('2016-06-07 11:45:00', 1723, 24, 1, 145.00, 2),
('2016-06-07 11:45:00', 1724, 1, 2, 60.00, 2),
('2016-06-07 11:45:00', 2320, 10, 1, 45.00, 2),
('2016-06-07 11:45:00', 2320, 13, 2, 50.00, 2),
('2016-06-08 11:45:00', 1721, 11, 1, 60.00, 2),
('2016-06-08 11:45:00', 1722, 14, 2, 120.00, 2),
('2016-06-08 11:45:00', 1722, 22, 1, 100.00, 2),
('2016-06-08 11:45:00', 1723, 25, 1, 200.00, 2),
('2016-06-08 11:45:00', 1724, 2, 2, 60.00, 2),
('2016-06-08 11:45:00', 2320, 11, 1, 60.00, 2),
('2016-06-09 11:45:00', 1721, 12, 1, 120.00, 2),
('2016-06-09 11:45:00', 1722, 20, 2, 30.00, 2),
('2016-06-09 11:45:00', 1723, 23, 1, 100.00, 2),
('2016-06-09 11:45:00', 1724, 24, 1, 145.00, 2),
('2016-06-09 11:45:00', 2320, 12, 1, 120.00, 2),
('2016-06-11 16:35:59', 1906, 5, 1, 10.00, 2),
('2016-06-11 16:35:59', 1906, 6, 1, 60.00, 2),
('2016-06-11 16:35:59', 1906, 29, 2, 1600.00, 2),
('2016-06-11 16:35:59', 1906, 30, 2, 400.00, 2),
('2016-06-11 16:35:59', 1906, 31, 2, 40.00, 2),
('2016-06-11 16:35:59', 1906, 32, 2, 120.00, 2),
('2016-06-11 16:35:59', 1906, 33, 1, 150.00, 2),
('2016-06-11 16:35:59', 1907, 7, 1, 60.00, 2),
('2016-06-11 16:35:59', 1907, 8, 2, 100.00, 2),
('2016-06-11 16:35:59', 1907, 9, 2, 80.00, 2),
('2016-06-11 16:35:59', 1907, 10, 2, 90.00, 2),
('2016-06-11 16:35:59', 1907, 11, 2, 120.00, 2),
('2016-06-11 16:35:59', 1907, 12, 2, 240.00, 2),
('2016-06-12 16:35:59', 2216, 6, 1, 60.00, 2),
('2016-06-13 16:35:59', 2216, 7, 1, 60.00, 2),
('2016-06-14 16:35:59', 2217, 12, 1, 120.00, 2),
('2016-06-15 16:35:59', 2218, 13, 1, 50.00, 2),
('2016-07-11 12:00:07', 1214, 43, 1, 890.00, 2),
('2016-07-11 12:00:07', 1216, 52, 2, 250.00, 2),
('2016-07-11 12:00:07', 1416, 61, 1, 795.00, 2),
('2016-07-11 12:00:07', 1417, 56, 4, 960.00, 2),
('2016-07-11 12:00:07', 1417, 57, 1, 330.00, 2),
('2016-07-11 12:00:07', 1419, 8, 2, 100.00, 2),
('2016-07-11 12:00:07', 1419, 53, 1, 125.00, 2),
('2016-07-11 12:00:07', 1420, 14, 1, 60.00, 2),
('2016-07-11 12:00:07', 1601, 21, 1, 300.00, 2),
('2016-07-12 12:00:07', 1214, 46, 1, 175.00, 2),
('2016-07-12 12:00:07', 1215, 38, 5, 100.00, 2),
('2016-07-12 12:00:07', 1216, 53, 1, 125.00, 2),
('2016-07-12 12:00:07', 1416, 62, 1, 480.00, 2),
('2016-07-12 12:00:07', 1417, 58, 2, 640.00, 2),
('2016-07-12 12:00:07', 1419, 6, 2, 120.00, 2),
('2016-07-12 12:00:07', 1601, 63, 1, 310.00, 2),
('2016-07-13 12:00:07', 1214, 23, 1, 80.00, 2),
('2016-07-13 12:00:07', 1215, 50, 1, 165.00, 2),
('2016-07-13 12:00:07', 1216, 54, 2, 290.00, 2),
('2016-07-13 12:00:07', 1415, 63, 1, 310.00, 2),
('2016-07-13 12:00:07', 1416, 59, 2, 790.00, 2),
('2016-07-13 12:00:07', 1419, 40, 1, 2500.00, 2),
('2016-07-13 12:00:07', 1601, 62, 1, 480.00, 2),
('2016-07-14 12:00:07', 1214, 44, 1, 65.00, 2),
('2016-07-14 12:00:07', 1215, 51, 2, 280.00, 2),
('2016-07-14 12:00:07', 1306, 55, 3, 1080.00, 2),
('2016-07-14 12:00:07', 1415, 64, 1, 1250.00, 2),
('2016-07-14 12:00:07', 1416, 60, 1, 325.00, 2),
('2016-07-14 12:00:07', 1419, 13, 1, 50.00, 2),
('2016-07-14 12:00:07', 1601, 61, 1, 795.00, 2),
('2016-08-16 10:15:13', 1303, 21, 1, 300.00, 2),
('2016-08-16 10:15:13', 1304, 22, 1, 310.00, 2),
('2016-08-16 10:15:13', 1304, 63, 1, 310.00, 2),
('2016-08-16 10:15:13', 1305, 21, 1, 300.00, 2),
('2016-08-16 10:15:13', 1511, 26, 3, 480.00, 2),
('2016-08-16 10:15:13', 1511, 47, 1, 95.00, 2),
('2016-08-16 10:15:13', 1513, 30, 1, 200.00, 2),
('2016-08-16 10:15:13', 1513, 33, 1, 150.00, 1),
('2016-08-16 10:15:13', 1801, 9, 1, 40.00, 2),
('2016-08-16 10:15:13', 1802, 43, 1, 890.00, 1),
('2016-08-16 10:15:13', 1803, 3, 3, 105.00, 2),
('2016-08-16 10:15:13', 1803, 46, 1, 175.00, 2),
('2016-08-17 10:15:13', 1303, 46, 1, 175.00, 2),
('2016-08-17 10:15:13', 1304, 13, 1, 50.00, 2),
('2016-08-17 10:15:13', 1304, 62, 1, 480.00, 2),
('2016-08-17 10:15:13', 1305, 28, 1, 65.00, 2),
('2016-08-17 10:15:13', 1305, 41, 1, 800.00, 2),
('2016-08-17 10:15:13', 1511, 18, 1, 60.00, 2),
('2016-08-17 10:15:13', 1513, 48, 1, 170.00, 2),
('2016-08-17 10:15:13', 1801, 12, 1, 120.00, 1),
('2016-08-17 10:15:13', 1802, 23, 1, 80.00, 1),
('2016-08-17 10:15:13', 1802, 38, 5, 100.00, 1),
('2016-08-17 10:15:13', 1803, 1, 1, 30.00, 1),
('2016-08-18 10:15:13', 1303, 61, 1, 795.00, 2),
('2016-08-18 10:15:13', 1304, 53, 1, 125.00, 2),
('2016-08-18 10:15:13', 1305, 3, 2, 70.00, 2),
('2016-08-18 10:15:13', 1305, 56, 1, 240.00, 2),
('2016-08-18 10:15:13', 1511, 46, 1, 175.00, 1),
('2016-08-18 10:15:13', 1513, 16, 1, 180.00, 2),
('2016-08-18 10:15:13', 1801, 8, 1, 50.00, 1),
('2016-08-18 10:15:13', 1801, 13, 1, 50.00, 2),
('2016-08-18 10:15:13', 1802, 44, 1, 65.00, 2),
('2016-08-18 10:15:13', 1803, 21, 1, 300.00, 1),
('2016-09-13 12:00:07', 1203, 3, 2, 70.00, 2),
('2016-09-13 12:00:07', 1203, 21, 1, 300.00, 2),
('2016-09-13 12:00:07', 1205, 13, 2, 50.00, 2),
('2016-09-13 12:00:07', 1206, 7, 1, 60.00, 2),
('2016-09-13 12:00:07', 1425, 20, 4, 60.00, 2),
('2016-09-13 12:00:07', 1425, 23, 1, 80.00, 2),
('2016-09-13 12:00:07', 1501, 32, 2, 120.00, 2),
('2016-09-13 12:00:07', 1502, 17, 1, 60.00, 1),
('2016-09-13 12:00:07', 1503, 48, 1, 170.00, 1),
('2016-09-13 12:00:07', 1503, 50, 1, 165.00, 2),
('2016-09-13 12:00:07', 1505, 7, 1, 60.00, 2),
('2016-09-13 12:00:07', 1506, 14, 1, 60.00, 1),
('2016-09-13 12:00:07', 1507, 28, 1, 65.00, 2),
('2016-09-13 12:00:07', 1507, 54, 2, 290.00, 2),
('2016-09-13 12:00:07', 1508, 10, 2, 90.00, 2),
('2016-09-14 12:00:07', 1203, 11, 2, 120.00, 2),
('2016-09-14 12:00:07', 1204, 1, 1, 30.00, 2),
('2016-09-14 12:00:07', 1204, 41, 1, 800.00, 2),
('2016-09-14 12:00:07', 1206, 29, 2, 1600.00, 2),
('2016-09-14 12:00:07', 1424, 7, 1, 60.00, 2),
('2016-09-14 12:00:07', 1424, 44, 1, 65.00, 2),
('2016-09-14 12:00:07', 1425, 12, 1, 120.00, 2),
('2016-09-14 12:00:07', 1502, 33, 1, 150.00, 2),
('2016-09-14 12:00:07', 1503, 18, 1, 60.00, 1),
('2016-09-14 12:00:07', 1504, 16, 1, 180.00, 1),
('2016-09-14 12:00:07', 1504, 51, 2, 280.00, 2),
('2016-09-14 12:00:07', 1506, 8, 2, 100.00, 2),
('2016-09-14 12:00:07', 1507, 18, 1, 60.00, 1),
('2016-09-14 12:00:07', 1508, 3, 2, 70.00, 2),
('2016-09-14 12:00:07', 1508, 55, 3, 1080.00, 2),
('2016-09-15 12:00:07', 1203, 56, 4, 960.00, 2),
('2016-09-15 12:00:07', 1204, 12, 2, 240.00, 2),
('2016-09-15 12:00:07', 1205, 21, 1, 300.00, 2),
('2016-09-15 12:00:07', 1205, 56, 1, 240.00, 2),
('2016-09-15 12:00:07', 1424, 13, 1, 50.00, 2),
('2016-09-15 12:00:07', 1425, 30, 2, 400.00, 2),
('2016-09-15 12:00:07', 1501, 43, 1, 890.00, 2),
('2016-09-15 12:00:07', 1501, 46, 1, 175.00, 1),
('2016-09-15 12:00:07', 1503, 5, 1, 10.00, 2),
('2016-09-15 12:00:07', 1504, 12, 1, 120.00, 1),
('2016-09-15 12:00:07', 1505, 33, 1, 150.00, 1),
('2016-09-15 12:00:07', 1505, 52, 2, 250.00, 2),
('2016-09-15 12:00:07', 1507, 9, 2, 80.00, 2),
('2016-09-15 12:00:07', 1508, 6, 1, 60.00, 2),
('2016-09-16 12:00:07', 1204, 12, 1, 120.00, 2),
('2016-09-16 12:00:07', 1205, 6, 1, 60.00, 2),
('2016-09-16 12:00:07', 1206, 12, 1, 120.00, 2),
('2016-09-16 12:00:07', 1206, 22, 1, 310.00, 2),
('2016-09-16 12:00:07', 1424, 31, 2, 40.00, 2),
('2016-09-16 12:00:07', 1501, 1, 2, 60.00, 1),
('2016-09-16 12:00:07', 1502, 38, 5, 100.00, 2),
('2016-09-16 12:00:07', 1502, 47, 1, 95.00, 1),
('2016-09-16 12:00:07', 1504, 6, 1, 60.00, 2),
('2016-09-16 12:00:07', 1505, 13, 1, 50.00, 1),
('2016-09-16 12:00:07', 1506, 30, 1, 200.00, 2),
('2016-09-16 12:00:07', 1506, 53, 1, 125.00, 2),
('2016-10-03 16:13:04', 1601, 13, 1, 50.00, 2),
('2016-10-03 16:13:04', 1601, 39, 2, 1300.00, 2),
('2016-10-03 16:13:04', 1611, 14, 2, 120.00, 2),
('2016-10-03 16:13:04', 1611, 62, 1, 480.00, 2),
('2016-10-03 16:13:04', 1612, 63, 1, 310.00, 2),
('2016-10-04 16:13:04', 1420, 64, 1, 1250.00, 2),
('2016-10-04 16:13:04', 1602, 53, 1, 125.00, 2),
('2016-10-04 16:13:04', 1602, 60, 1, 325.00, 2),
('2016-10-04 16:13:04', 1612, 20, 2, 30.00, 2),
('2016-10-05 16:13:04', 1420, 21, 3, 900.00, 2),
('2016-10-05 16:13:04', 1605, 8, 2, 100.00, 2),
('2016-10-05 16:13:04', 1605, 10, 1, 45.00, 2),
('2016-10-06 16:13:04', 1601, 22, 1, 100.00, 2),
('2016-10-06 16:13:04', 1611, 6, 2, 120.00, 2),
('2016-10-06 16:13:04', 1611, 11, 1, 60.00, 2),
('2016-10-07 16:13:04', 1602, 23, 1, 100.00, 2),
('2016-10-07 16:13:04', 1612, 12, 1, 120.00, 2),
('2016-10-07 16:13:04', 1612, 40, 1, 2500.00, 2),
('2016-10-08 16:13:04', 1420, 2, 2, 60.00, 2),
('2016-10-08 16:13:04', 1420, 13, 2, 100.00, 2),
('2016-10-08 16:13:04', 1605, 61, 1, 795.00, 2),
('2016-11-16 12:00:07', 1203, 3, 3, 105.00, 1),
('2016-11-16 12:00:07', 1203, 12, 1, 120.00, 1),
('2016-11-16 12:00:07', 1203, 13, 1, 50.00, 2),
('2016-11-16 12:00:07', 1203, 28, 2, 150.00, 2),
('2016-11-16 12:00:07', 1203, 44, 1, 65.00, 1),
('2016-11-16 12:00:07', 1203, 48, 1, 170.00, 1),
('2016-11-16 12:00:07', 1208, 21, 1, 300.00, 2),
('2016-11-16 12:00:07', 1208, 47, 1, 95.00, 1),
('2016-11-17 12:00:07', 1204, 1, 1, 30.00, 1),
('2016-11-17 12:00:07', 1204, 13, 1, 50.00, 1),
('2016-11-17 12:00:07', 1204, 16, 1, 180.00, 1),
('2016-11-17 12:00:07', 1204, 21, 1, 300.00, 2),
('2016-11-17 12:00:07', 1204, 43, 1, 890.00, 1),
('2016-11-17 12:00:07', 1204, 53, 1, 125.00, 2),
('2016-11-18 12:00:07', 1205, 21, 1, 300.00, 1),
('2016-11-18 12:00:07', 1205, 26, 3, 480.00, 1),
('2016-11-18 12:00:07', 1205, 33, 1, 150.00, 1),
('2016-11-18 12:00:07', 1205, 38, 5, 100.00, 1),
('2016-11-18 12:00:07', 1205, 41, 1, 800.00, 2),
('2016-11-18 12:00:07', 1205, 63, 1, 310.00, 2),
('2016-11-19 12:00:07', 1206, 8, 1, 50.00, 1),
('2016-11-19 12:00:07', 1206, 18, 1, 60.00, 1),
('2016-11-19 12:00:07', 1206, 30, 1, 200.00, 2),
('2016-11-19 12:00:07', 1206, 46, 1, 175.00, 1),
('2016-11-19 12:00:07', 1206, 56, 1, 240.00, 2),
('2016-11-19 12:00:07', 1206, 62, 1, 480.00, 2),
('2016-11-20 12:00:07', 1207, 9, 1, 40.00, 1),
('2016-11-20 12:00:07', 1207, 22, 1, 310.00, 2),
('2016-11-20 12:00:07', 1207, 23, 1, 80.00, 1),
('2016-11-20 12:00:07', 1207, 28, 1, 65.00, 2),
('2016-11-20 12:00:07', 1207, 46, 1, 175.00, 1),
('2016-11-20 12:00:07', 1207, 61, 1, 795.00, 2),
('2016-12-30 16:13:04', 1603, 46, 1, 175.00, 2),
('2016-12-31 16:13:04', 1203, 10, 2, 90.00, 2),
('2016-12-31 16:13:04', 1203, 30, 2, 400.00, 2),
('2016-12-31 16:13:04', 1203, 51, 2, 280.00, 2),
('2016-12-31 16:13:04', 1204, 11, 2, 120.00, 2),
('2016-12-31 16:13:04', 1204, 31, 2, 40.00, 2),
('2016-12-31 16:13:04', 1204, 52, 2, 250.00, 2),
('2016-12-31 16:13:04', 1603, 33, 1, 150.00, 2),
('2016-12-31 16:13:04', 1603, 54, 2, 290.00, 2),
('2016-12-31 16:13:04', 1604, 5, 1, 10.00, 2),
('2016-12-31 16:13:04', 1604, 23, 1, 80.00, 2),
('2016-12-31 16:13:04', 1604, 55, 3, 1080.00, 2),
('2016-12-31 16:13:04', 1615, 6, 1, 60.00, 2),
('2016-12-31 16:13:04', 1615, 44, 1, 65.00, 2),
('2016-12-31 16:13:04', 1615, 56, 4, 960.00, 2),
('2016-12-31 16:13:04', 1616, 7, 1, 60.00, 2),
('2016-12-31 16:13:04', 1616, 12, 1, 120.00, 2),
('2016-12-31 16:13:04', 1616, 43, 1, 890.00, 2),
('2016-12-31 16:13:04', 1801, 8, 2, 100.00, 2),
('2016-12-31 16:13:04', 1801, 13, 2, 50.00, 2),
('2016-12-31 16:13:04', 1801, 38, 5, 100.00, 2),
('2016-12-31 16:13:04', 1802, 9, 2, 80.00, 2),
('2016-12-31 16:13:04', 1802, 29, 2, 1600.00, 2),
('2016-12-31 16:13:04', 1802, 50, 1, 165.00, 2),
('2016-12-31 16:13:04', 2103, 12, 2, 240.00, 2),
('2016-12-31 16:13:04', 2103, 32, 2, 120.00, 2),
('2016-12-31 16:13:04', 2103, 53, 1, 125.00, 2),
('2016-12-31 16:35:49', 1204, 2, 2, 60.00, 2),
('2016-12-31 16:35:49', 1618, 2, 2, 60.00, 2),
('2016-12-31 16:35:51', 1203, 39, 2, 1300.00, 2),
('2016-12-31 16:35:51', 1621, 39, 2, 1300.00, 2),
('2016-12-31 16:35:59', 1801, 60, 1, 325.00, 2),
('2016-12-31 16:35:59', 2101, 60, 1, 325.00, 2),
('2017-01-13 10:15:13', 1504, 6, 1, 60.00, 2),
('2017-01-13 10:15:13', 1505, 13, 1, 50.00, 1),
('2017-01-13 10:15:13', 1506, 20, 4, 60.00, 2),
('2017-01-13 10:15:13', 1507, 28, 1, 65.00, 2),
('2017-01-13 10:15:13', 1508, 1, 2, 60.00, 1),
('2017-01-13 10:15:13', 1509, 3, 2, 70.00, 2),
('2017-01-13 10:15:13', 1510, 48, 1, 170.00, 1),
('2017-01-14 10:15:13', 1504, 16, 1, 180.00, 1),
('2017-01-14 10:15:13', 1505, 7, 1, 60.00, 2),
('2017-01-14 10:15:13', 1506, 14, 1, 60.00, 1),
('2017-01-14 10:15:13', 1507, 7, 1, 60.00, 2),
('2017-01-14 10:15:13', 1508, 3, 2, 70.00, 2),
('2017-01-14 10:15:13', 1509, 17, 1, 60.00, 1),
('2017-01-14 10:15:13', 1510, 1, 1, 30.00, 2),
('2017-01-15 10:15:13', 1504, 21, 1, 300.00, 2),
('2017-01-15 10:15:13', 1505, 33, 1, 150.00, 1),
('2017-01-15 10:15:13', 1506, 12, 1, 120.00, 2),
('2017-01-15 10:15:13', 1507, 18, 1, 60.00, 1),
('2017-01-15 10:15:13', 1508, 46, 1, 175.00, 1),
('2017-01-15 10:15:13', 1509, 21, 1, 300.00, 2),
('2017-01-15 10:15:13', 1510, 18, 1, 60.00, 1),
('2017-01-16 10:15:13', 1504, 12, 1, 120.00, 1),
('2017-01-16 10:15:13', 1505, 12, 1, 120.00, 2),
('2017-01-16 10:15:13', 1506, 30, 1, 200.00, 2),
('2017-01-16 10:15:13', 1507, 13, 1, 50.00, 2),
('2017-01-16 10:15:13', 1508, 6, 1, 60.00, 2),
('2017-01-16 10:15:13', 1509, 47, 1, 95.00, 1),
('2017-01-16 10:15:13', 1510, 41, 1, 800.00, 2),
('2017-02-11 09:49:41', 1413, 3, 3, 105.00, 1),
('2017-02-11 09:49:41', 1415, 12, 1, 120.00, 1),
('2017-02-11 09:49:41', 1417, 16, 1, 180.00, 1),
('2017-02-11 09:49:41', 1418, 44, 1, 65.00, 1),
('2017-02-11 09:49:41', 1420, 8, 1, 50.00, 2),
('2017-02-11 09:49:41', 1621, 21, 3, 900.00, 2),
('2017-02-11 09:49:41', 1622, 11, 1, 60.00, 2),
('2017-02-11 09:49:41', 1622, 32, 2, 120.00, 2),
('2017-02-11 09:49:41', 2101, 24, 1, 145.00, 2),
('2017-02-11 09:49:41', 2102, 12, 1, 120.00, 2),
('2017-02-12 09:49:41', 1413, 4, 1, 35.00, 1),
('2017-02-12 09:49:41', 1414, 1, 1, 30.00, 1),
('2017-02-12 09:49:41', 1416, 13, 1, 50.00, 1),
('2017-02-12 09:49:41', 1418, 23, 1, 100.00, 1),
('2017-02-12 09:49:41', 1419, 43, 1, 890.00, 1),
('2017-02-12 09:49:41', 1621, 12, 1, 120.00, 2),
('2017-02-12 09:49:41', 1622, 13, 2, 50.00, 2),
('2017-02-12 09:49:41', 1704, 33, 1, 150.00, 2),
('2017-02-12 09:49:41', 2101, 22, 1, 100.00, 2),
('2017-02-12 09:49:41', 2102, 1, 2, 60.00, 2),
('2017-02-13 09:49:41', 1414, 1, 1, 30.00, 1),
('2017-02-13 09:49:41', 1415, 21, 1, 300.00, 1),
('2017-02-13 09:49:41', 1417, 26, 3, 480.00, 1),
('2017-02-13 09:49:41', 1419, 12, 1, 120.00, 1),
('2017-02-13 09:49:41', 1420, 38, 5, 100.00, 1),
('2017-02-13 09:49:41', 1621, 29, 2, 1600.00, 2),
('2017-02-13 09:49:41', 1622, 2, 2, 60.00, 2),
('2017-02-13 09:49:41', 1705, 5, 1, 10.00, 2),
('2017-02-13 09:49:41', 2101, 13, 2, 100.00, 2),
('2017-02-13 09:49:41', 2102, 23, 1, 100.00, 2),
('2017-02-14 09:49:41', 1413, 8, 1, 50.00, 1),
('2017-02-14 09:49:41', 1415, 27, 1, 65.00, 1),
('2017-02-14 09:49:41', 1416, 46, 1, 175.00, 1),
('2017-02-14 09:49:41', 1418, 18, 1, 60.00, 1),
('2017-02-14 09:49:41', 1420, 13, 1, 50.00, 1),
('2017-02-14 09:49:41', 1621, 10, 1, 45.00, 2),
('2017-02-14 09:49:41', 1622, 24, 1, 145.00, 2),
('2017-02-14 09:49:41', 1706, 6, 1, 60.00, 2),
('2017-02-14 09:49:41', 2101, 30, 2, 400.00, 2),
('2017-02-14 09:49:41', 2102, 14, 2, 120.00, 2),
('2017-02-15 09:49:41', 1414, 9, 1, 40.00, 1),
('2017-02-15 09:49:41', 1416, 33, 1, 150.00, 1),
('2017-02-15 09:49:41', 1417, 23, 1, 80.00, 1),
('2017-02-15 09:49:41', 1419, 6, 1, 60.00, 1),
('2017-02-15 09:49:41', 1621, 25, 1, 200.00, 2),
('2017-02-15 09:49:41', 1622, 20, 2, 30.00, 2),
('2017-02-15 09:49:41', 2101, 11, 1, 60.00, 2),
('2017-02-15 09:49:41', 2102, 31, 2, 40.00, 2),
('2017-02-24 09:49:41', 1704, 11, 2, 120.00, 2),
('2017-02-24 09:49:41', 1704, 41, 1, 800.00, 1),
('2017-02-24 09:49:41', 1705, 6, 2, 120.00, 2),
('2017-02-24 09:49:41', 1706, 14, 1, 60.00, 1),
('2017-02-24 09:49:41', 1707, 7, 1, 60.00, 2),
('2017-02-24 09:49:41', 1707, 13, 1, 50.00, 1),
('2017-02-24 09:49:41', 1708, 12, 1, 120.00, 2),
('2017-02-24 09:49:41', 1708, 41, 1, 800.00, 1),
('2017-02-25 01:15:24', 1615, 8, 2, 100.00, 2),
('2017-02-25 01:15:24', 1616, 6, 2, 120.00, 2),
('2017-02-25 01:15:24', 1707, 6, 2, 120.00, 2),
('2017-02-25 01:15:24', 1707, 8, 2, 100.00, 2),
('2017-02-25 01:29:24', 1617, 40, 1, 2500.00, 2),
('2017-02-25 01:29:24', 1706, 40, 1, 2500.00, 2),
('2017-02-25 09:49:41', 1704, 6, 1, 60.00, 1),
('2017-02-25 09:49:41', 1705, 12, 2, 240.00, 2),
('2017-02-25 09:49:41', 1705, 21, 1, 300.00, 1),
('2017-02-25 09:49:41', 1706, 40, 1, 2500.00, 2),
('2017-02-25 09:49:41', 1707, 63, 1, 310.00, 1),
('2017-02-25 09:49:41', 1708, 2, 4, 120.00, 1),
('2017-02-25 09:49:41', 1708, 8, 2, 100.00, 2),
('2017-02-25 09:49:41', 1709, 13, 1, 50.00, 2),
('2017-02-26 09:49:41', 1704, 40, 1, 2500.00, 1),
('2017-02-26 09:49:41', 1705, 8, 1, 50.00, 1),
('2017-02-26 09:49:41', 1706, 6, 1, 60.00, 2),
('2017-02-26 09:49:41', 1706, 16, 1, 180.00, 1),
('2017-02-26 09:49:41', 1707, 13, 1, 50.00, 2),
('2017-02-26 09:49:41', 1708, 62, 1, 480.00, 1),
('2017-02-26 09:49:41', 1709, 9, 2, 80.00, 2),
('2017-02-26 09:49:41', 1710, 53, 1, 125.00, 2),
('2017-02-27 09:49:41', 1704, 8, 2, 100.00, 2),
('2017-02-27 09:49:41', 1705, 13, 1, 50.00, 1),
('2017-02-27 09:49:41', 1706, 14, 1, 60.00, 1),
('2017-02-27 09:49:41', 1707, 1, 4, 120.00, 1),
('2017-02-27 09:49:41', 1707, 7, 1, 60.00, 2),
('2017-02-27 09:49:41', 1710, 10, 2, 90.00, 2),
('2017-03-03 09:22:47', 1403, 41, 1, 800.00, 2),
('2017-03-03 09:22:47', 1620, 41, 1, 800.00, 2),
('2017-03-03 09:49:41', 1321, 17, 1, 60.00, 1),
('2017-03-03 09:49:41', 1321, 44, 1, 65.00, 1),
('2017-03-03 09:49:41', 1321, 61, 1, 795.00, 1),
('2017-03-03 09:49:41', 1707, 55, 3, 1080.00, 2),
('2017-03-03 09:49:41', 1708, 14, 1, 60.00, 2),
('2017-03-03 09:49:41', 1818, 44, 1, 65.00, 1),
('2017-03-03 10:15:13', 1324, 13, 1, 50.00, 2),
('2017-03-03 10:15:13', 1324, 22, 1, 310.00, 2),
('2017-03-03 10:15:13', 1324, 53, 1, 125.00, 2),
('2017-03-03 10:15:13', 1324, 56, 1, 240.00, 2),
('2017-03-03 10:15:13', 1613, 13, 1, 50.00, 2),
('2017-03-03 10:15:13', 1614, 53, 1, 125.00, 2),
('2017-03-03 10:15:13', 1902, 56, 1, 240.00, 2),
('2017-03-03 10:15:13', 1903, 22, 1, 310.00, 2),
('2017-03-04 09:49:41', 1322, 2, 1, 30.00, 1),
('2017-03-04 09:49:41', 1322, 18, 1, 60.00, 1),
('2017-03-04 09:49:41', 1322, 43, 1, 890.00, 1),
('2017-03-04 09:49:41', 1708, 56, 4, 960.00, 2),
('2017-03-04 09:49:41', 1709, 63, 1, 310.00, 2),
('2017-03-04 09:49:41', 1815, 43, 1, 890.00, 1),
('2017-03-05 09:49:41', 1323, 23, 2, 200.00, 1),
('2017-03-05 09:49:41', 1323, 32, 1, 30.00, 1),
('2017-03-05 09:49:41', 1323, 44, 1, 65.00, 1),
('2017-03-05 09:49:41', 1709, 57, 1, 330.00, 2),
('2017-03-05 09:49:41', 1710, 62, 1, 480.00, 2),
('2017-03-05 09:49:41', 1816, 38, 5, 100.00, 1),
('2017-03-06 09:49:41', 1324, 3, 1, 35.00, 1),
('2017-03-06 09:49:41', 1324, 33, 1, 150.00, 1),
('2017-03-06 09:49:41', 1324, 45, 3, 195.00, 1),
('2017-03-06 09:49:41', 1705, 61, 1, 795.00, 2),
('2017-03-06 09:49:41', 1710, 58, 2, 640.00, 2),
('2017-03-06 09:49:41', 1817, 8, 1, 50.00, 1),
('2017-03-07 09:49:41', 1203, 2, 1, 30.00, 1),
('2017-03-07 09:49:41', 1203, 10, 1, 45.00, 1),
('2017-03-07 09:49:41', 1203, 26, 1, 160.00, 1),
('2017-03-07 09:49:41', 1325, 1, 3, 90.00, 1),
('2017-03-07 09:49:41', 1325, 3, 1, 35.00, 1),
('2017-03-07 09:49:41', 1325, 43, 1, 890.00, 1),
('2017-03-07 09:49:41', 1706, 21, 1, 300.00, 2),
('2017-03-07 09:49:41', 1707, 50, 1, 165.00, 2),
('2017-03-07 09:49:41', 1713, 47, 1, 95.00, 1),
('2017-03-07 09:49:41', 1815, 59, 2, 790.00, 2),
('2017-03-07 09:49:41', 1817, 3, 3, 105.00, 1),
('2017-03-07 09:49:41', 1818, 9, 1, 40.00, 1),
('2017-03-07 12:00:07', 1207, 28, 1, 65.00, 2),
('2017-03-07 12:00:07', 1207, 30, 1, 200.00, 2),
('2017-03-07 12:00:07', 1616, 30, 1, 200.00, 2),
('2017-03-07 12:00:07', 1617, 28, 1, 65.00, 2),
('2017-03-07 12:23:07', 1205, 3, 2, 70.00, 2),
('2017-03-07 12:23:07', 1205, 21, 1, 300.00, 2),
('2017-03-07 12:23:07', 1618, 3, 2, 70.00, 2),
('2017-03-07 12:23:07', 1619, 21, 1, 300.00, 2),
('2017-03-08 09:49:41', 1204, 3, 1, 35.00, 1),
('2017-03-08 09:49:41', 1204, 8, 1, 50.00, 1),
('2017-03-08 09:49:41', 1204, 28, 1, 65.00, 1),
('2017-03-08 09:49:41', 1401, 3, 1, 35.00, 1),
('2017-03-08 09:49:41', 1401, 43, 1, 890.00, 1),
('2017-03-08 09:49:41', 1401, 44, 1, 65.00, 1),
('2017-03-08 09:49:41', 1707, 46, 1, 175.00, 2),
('2017-03-08 09:49:41', 1708, 51, 2, 280.00, 2),
('2017-03-08 09:49:41', 1713, 48, 1, 170.00, 1),
('2017-03-08 09:49:41', 1815, 12, 1, 120.00, 1),
('2017-03-08 09:49:41', 1816, 60, 1, 325.00, 2),
('2017-03-08 09:49:41', 1818, 1, 1, 30.00, 1),
('2017-03-09 09:49:41', 1205, 9, 1, 40.00, 1),
('2017-03-09 09:49:41', 1205, 12, 1, 120.00, 1),
('2017-03-09 09:49:41', 1205, 17, 1, 60.00, 1),
('2017-03-09 09:49:41', 1402, 1, 1, 20.00, 1),
('2017-03-09 09:49:41', 1402, 8, 1, 50.00, 1),
('2017-03-09 09:49:41', 1402, 43, 1, 890.00, 1),
('2017-03-09 09:49:41', 1708, 23, 1, 80.00, 2),
('2017-03-09 09:49:41', 1709, 52, 2, 250.00, 2),
('2017-03-09 09:49:41', 1713, 16, 1, 180.00, 1),
('2017-03-09 09:49:41', 1815, 21, 1, 300.00, 1),
('2017-03-09 09:49:41', 1816, 13, 1, 50.00, 1),
('2017-03-09 09:49:41', 1817, 61, 1, 795.00, 2),
('2017-03-10 09:49:41', 1206, 13, 1, 50.00, 1),
('2017-03-10 09:49:41', 1206, 18, 1, 60.00, 1),
('2017-03-10 09:49:41', 1206, 41, 1, 800.00, 1),
('2017-03-10 09:49:41', 1207, 1, 1, 30.00, 1),
('2017-03-10 09:49:41', 1207, 16, 1, 180.00, 1),
('2017-03-10 09:49:41', 1207, 23, 1, 80.00, 1),
('2017-03-10 09:49:41', 1403, 9, 1, 40.00, 1),
('2017-03-10 09:49:41', 1403, 24, 1, 145.00, 1),
('2017-03-10 09:49:41', 1403, 33, 1, 150.00, 1),
('2017-03-10 09:49:41', 1706, 54, 2, 290.00, 2),
('2017-03-10 09:49:41', 1709, 44, 1, 65.00, 2),
('2017-03-10 09:49:41', 1710, 53, 1, 125.00, 2),
('2017-03-10 09:49:41', 1713, 30, 1, 200.00, 2),
('2017-03-10 09:49:41', 1713, 33, 1, 150.00, 1),
('2017-03-10 09:49:41', 1816, 46, 1, 175.00, 1),
('2017-03-10 09:49:41', 1817, 23, 1, 80.00, 1),
('2017-03-10 09:49:41', 1817, 26, 3, 480.00, 1),
('2017-03-10 09:49:41', 1818, 62, 1, 480.00, 2),
('2017-03-11 09:49:41', 1404, 4, 1, 35.00, 1),
('2017-03-11 09:49:41', 1404, 7, 1, 60.00, 1),
('2017-03-11 09:49:41', 1404, 17, 1, 60.00, 1),
('2017-03-11 09:49:41', 1710, 43, 1, 890.00, 2),
('2017-03-11 09:49:41', 1815, 63, 1, 310.00, 2),
('2017-03-11 09:49:41', 1818, 18, 1, 60.00, 1),
('2017-03-12 09:49:41', 1405, 6, 1, 60.00, 1),
('2017-03-12 09:49:41', 1405, 38, 5, 100.00, 1),
('2017-03-12 09:49:41', 1405, 39, 1, 650.00, 1),
('2017-03-12 09:49:41', 1706, 38, 5, 100.00, 2),
('2017-03-12 09:49:41', 1713, 46, 1, 175.00, 1),
('2017-03-12 09:49:41', 1816, 64, 1, 1250.00, 2),
('2017-04-12 09:49:41', 1202, 13, 1, 50.00, 2),
('2017-04-12 09:49:41', 1202, 46, 1, 175.00, 2),
('2017-04-12 09:49:41', 1311, 50, 1, 165.00, 2),
('2017-04-12 09:49:41', 1707, 56, 4, 960.00, 2),
('2017-04-12 09:49:41', 1713, 28, 1, 65.00, 2),
('2017-04-12 09:49:41', 1909, 24, 1, 145.00, 1),
('2017-04-12 09:49:41', 1915, 31, 1, 35.00, 2),
('2017-04-12 09:49:41', 1917, 36, 1, 145.00, 1),
('2017-04-12 09:49:41', 1921, 2, 1, 30.00, 1),
('2017-04-12 09:49:41', 1923, 33, 1, 150.00, 1),
('2017-04-13 09:49:41', 1202, 51, 2, 280.00, 2),
('2017-04-13 09:49:41', 1311, 23, 1, 80.00, 2),
('2017-04-13 09:49:41', 1311, 53, 1, 125.00, 2),
('2017-04-13 09:49:41', 1708, 12, 1, 120.00, 2),
('2017-04-13 09:49:41', 1713, 3, 2, 70.00, 2),
('2017-04-13 09:49:41', 1910, 25, 1, 200.00, 1),
('2017-04-13 09:49:41', 1916, 24, 1, 145.00, 2),
('2017-04-13 09:49:41', 1918, 47, 1, 95.00, 1),
('2017-04-13 09:49:41', 1922, 9, 1, 40.00, 1),
('2017-04-13 09:49:41', 1924, 1, 1, 30.00, 1),
('2017-04-14 09:49:41', 1202, 21, 1, 300.00, 2),
('2017-04-14 09:49:41', 1202, 44, 1, 65.00, 2),
('2017-04-14 09:49:41', 1202, 63, 1, 310.00, 2),
('2017-04-14 09:49:41', 1311, 52, 2, 250.00, 2),
('2017-04-14 09:49:41', 1704, 13, 2, 50.00, 2),
('2017-04-14 09:49:41', 1911, 5, 2, 20.00, 1),
('2017-04-14 09:49:41', 1917, 47, 1, 95.00, 1),
('2017-04-14 09:49:41', 1919, 23, 1, 100.00, 1),
('2017-04-14 09:49:41', 1923, 12, 2, 240.00, 1),
('2017-04-14 09:49:41', 1925, 2, 1, 30.00, 1),
('2017-04-15 09:49:41', 1311, 41, 1, 800.00, 2),
('2017-04-15 09:49:41', 1311, 43, 1, 890.00, 2),
('2017-04-15 09:49:41', 1311, 62, 1, 480.00, 2),
('2017-04-15 09:49:41', 1704, 53, 1, 125.00, 2),
('2017-04-15 09:49:41', 1705, 29, 2, 1600.00, 2),
('2017-04-15 09:49:41', 1912, 12, 1, 120.00, 1),
('2017-04-15 09:49:41', 1914, 23, 1, 100.00, 1),
('2017-04-15 09:49:41', 1918, 48, 1, 170.00, 1),
('2017-04-15 09:49:41', 1920, 24, 1, 145.00, 1),
('2017-04-15 09:49:41', 1924, 13, 1, 50.00, 1),
('2017-04-16 09:49:41', 1202, 38, 5, 100.00, 2),
('2017-04-16 09:49:41', 1202, 56, 1, 240.00, 2),
('2017-04-16 09:49:41', 1202, 61, 1, 795.00, 2),
('2017-04-16 09:49:41', 1705, 54, 2, 290.00, 2),
('2017-04-16 09:49:41', 1706, 30, 2, 400.00, 2),
('2017-04-16 09:49:41', 1913, 15, 1, 150.00, 1),
('2017-04-16 09:49:41', 1915, 11, 1, 60.00, 1),
('2017-04-16 09:49:41', 1919, 38, 4, 80.00, 1),
('2017-04-16 09:49:41', 1921, 22, 2, 620.00, 1),
('2017-04-16 09:49:41', 1925, 22, 1, 310.00, 1),
('2017-04-17 09:49:41', 1311, 21, 1, 300.00, 2),
('2017-04-17 09:49:41', 1311, 22, 1, 310.00, 2),
('2017-04-17 09:49:41', 1706, 55, 3, 1080.00, 2),
('2017-04-17 09:49:41', 1914, 32, 1, 40.00, 1),
('2017-04-17 09:49:41', 1920, 37, 2, 200.00, 1),
('2017-04-17 09:49:41', 1922, 31, 1, 20.00, 1),
('2017-05-19 09:49:41', 1705, 1, 2, 60.00, 1),
('2017-05-19 09:49:41', 1707, 7, 1, 60.00, 2),
('2017-05-19 09:49:41', 1707, 12, 2, 240.00, 2),
('2017-05-19 09:49:41', 1707, 18, 1, 60.00, 1),
('2017-05-19 09:49:41', 1707, 31, 2, 40.00, 2),
('2017-05-19 09:49:41', 2201, 12, 1, 120.00, 1),
('2017-05-19 09:49:41', 2204, 17, 1, 60.00, 1),
('2017-05-19 09:49:41', 2205, 28, 1, 65.00, 1),
('2017-05-19 09:49:41', 2206, 12, 1, 120.00, 1),
('2017-05-19 09:49:41', 2206, 31, 1, 20.00, 1),
('2017-05-20 09:49:41', 1708, 6, 1, 60.00, 2),
('2017-05-20 09:49:41', 1708, 8, 2, 100.00, 2),
('2017-05-20 09:49:41', 1708, 32, 2, 120.00, 2),
('2017-05-20 09:49:41', 2201, 36, 2, 290.00, 1),
('2017-05-20 09:49:41', 2202, 4, 4, 140.00, 1),
('2017-05-20 09:49:41', 2206, 30, 1, 200.00, 1),
('2017-05-21 09:49:41', 1704, 9, 2, 80.00, 2),
('2017-05-21 09:49:41', 1704, 33, 1, 150.00, 2),
('2017-05-21 09:49:41', 1708, 7, 1, 60.00, 2),
('2017-05-21 09:49:41', 2201, 29, 1, 800.00, 1),
('2017-05-21 09:49:41', 2202, 42, 1, 999.00, 1),
('2017-05-21 09:49:41', 2203, 5, 4, 140.00, 1),
('2017-05-22 09:49:41', 1705, 5, 1, 10.00, 2),
('2017-05-22 09:49:41', 1705, 10, 2, 90.00, 2),
('2017-05-22 09:49:41', 1708, 12, 1, 120.00, 2),
('2017-05-22 09:49:41', 2202, 30, 1, 200.00, 1),
('2017-05-22 09:49:41', 2203, 3, 3, 105.00, 1),
('2017-05-22 09:49:41', 2204, 27, 1, 65.00, 1),
('2017-05-23 09:49:41', 1704, 13, 1, 50.00, 2),
('2017-05-23 09:49:41', 1706, 6, 1, 60.00, 2),
('2017-05-23 09:49:41', 1706, 11, 2, 120.00, 2),
('2017-05-23 09:49:41', 1706, 17, 1, 60.00, 1),
('2017-05-23 09:49:41', 2203, 1, 2, 60.00, 1),
('2017-05-23 09:49:41', 2204, 6, 2, 120.00, 1),
('2017-05-23 09:49:41', 2205, 18, 1, 60.00, 1),
('2017-05-23 09:49:41', 2205, 28, 1, 65.00, 1),
('2017-07-02 09:49:41', 1103, 21, 1, 300.00, 2),
('2017-07-02 09:49:41', 1204, 16, 1, 180.00, 1),
('2017-07-02 09:49:41', 1708, 12, 1, 120.00, 1),
('2017-07-02 09:49:41', 1821, 33, 1, 150.00, 1),
('2017-07-02 09:49:41', 2212, 13, 1, 50.00, 1),
('2017-07-02 09:49:41', 2215, 12, 1, 120.00, 2),
('2017-07-03 09:49:41', 1103, 12, 1, 120.00, 2),
('2017-07-03 09:49:41', 1103, 13, 1, 50.00, 1),
('2017-07-03 09:49:41', 1205, 33, 1, 150.00, 1),
('2017-07-03 09:49:41', 1822, 30, 1, 200.00, 2),
('2017-07-03 09:49:41', 2212, 20, 4, 60.00, 2),
('2017-07-03 09:49:41', 2213, 14, 1, 60.00, 1),
('2017-07-04 09:49:41', 1103, 14, 1, 60.00, 1),
('2017-07-04 09:49:41', 1103, 20, 4, 60.00, 2),
('2017-07-04 09:49:41', 1206, 30, 1, 200.00, 2),
('2017-07-04 09:49:41', 1823, 28, 1, 65.00, 2),
('2017-07-04 09:49:41', 2213, 7, 1, 60.00, 2),
('2017-07-04 09:49:41', 2214, 18, 1, 60.00, 1),
('2017-07-05 09:49:41', 1103, 7, 1, 60.00, 2),
('2017-07-05 09:49:41', 1103, 18, 1, 60.00, 1),
('2017-07-05 09:49:41', 1207, 28, 1, 65.00, 2),
('2017-07-05 09:49:41', 1824, 3, 2, 70.00, 2),
('2017-07-05 09:49:41', 2214, 46, 1, 175.00, 1),
('2017-07-05 09:49:41', 2215, 6, 1, 60.00, 2),
('2017-07-06 09:49:41', 1103, 6, 1, 60.00, 2),
('2017-07-06 09:49:41', 1103, 46, 1, 175.00, 1),
('2017-07-06 09:49:41', 1203, 3, 2, 70.00, 2),
('2017-07-06 09:49:41', 1821, 21, 1, 300.00, 2),
('2017-07-06 09:49:41', 2212, 3, 2, 70.00, 2),
('2017-07-06 09:49:41', 2215, 47, 1, 95.00, 1),
('2017-07-07 09:49:41', 1103, 3, 2, 70.00, 2),
('2017-07-07 09:49:41', 1103, 47, 1, 95.00, 1),
('2017-07-07 09:49:41', 1204, 21, 1, 300.00, 2),
('2017-07-07 09:49:41', 1822, 41, 1, 800.00, 2),
('2017-07-07 09:49:41', 2212, 48, 1, 170.00, 1),
('2017-07-07 09:49:41', 2213, 1, 1, 30.00, 2),
('2017-07-08 09:49:41', 1103, 1, 1, 30.00, 2),
('2017-07-08 09:49:41', 1203, 48, 1, 170.00, 1),
('2017-07-08 09:49:41', 1205, 41, 1, 800.00, 2),
('2017-07-08 09:49:41', 1206, 56, 1, 240.00, 2),
('2017-07-08 09:49:41', 1823, 56, 1, 240.00, 2),
('2017-07-08 09:49:41', 1824, 22, 1, 310.00, 2),
('2017-07-08 09:49:41', 2213, 16, 1, 180.00, 1),
('2017-07-08 09:49:41', 2214, 21, 1, 300.00, 2),
('2017-12-24 09:49:41', 1207, 22, 1, 310.00, 2),
('2017-12-24 09:49:41', 1312, 60, 1, 325.00, 2),
('2017-12-24 09:49:41', 1509, 13, 1, 50.00, 2),
('2017-12-24 09:49:41', 1622, 10, 1, 45.00, 2),
('2017-12-25 09:49:41', 1203, 13, 1, 50.00, 2),
('2017-12-25 09:49:41', 1313, 10, 1, 45.00, 2),
('2017-12-25 09:49:41', 1510, 53, 1, 125.00, 2),
('2017-12-25 09:49:41', 1623, 11, 1, 60.00, 2),
('2017-12-26 09:49:41', 1204, 53, 1, 125.00, 2),
('2017-12-26 09:49:41', 1311, 11, 1, 60.00, 2),
('2017-12-26 09:49:41', 1509, 12, 1, 120.00, 2),
('2017-12-26 09:49:41', 1621, 8, 2, 100.00, 2),
('2017-12-27 09:49:41', 1205, 8, 2, 100.00, 2),
('2017-12-27 09:49:41', 1312, 12, 1, 120.00, 2),
('2017-12-27 09:49:41', 1510, 13, 2, 100.00, 2),
('2017-12-27 09:49:41', 1622, 6, 2, 120.00, 2),
('2017-12-28 09:49:41', 1206, 6, 2, 120.00, 2),
('2017-12-28 09:49:41', 1311, 22, 1, 100.00, 2),
('2017-12-28 09:49:41', 1313, 13, 2, 100.00, 2),
('2017-12-28 09:49:41', 1510, 23, 1, 100.00, 2),
('2017-12-28 09:49:41', 1621, 14, 2, 120.00, 2),
('2017-12-28 09:49:41', 1623, 40, 1, 2500.00, 2),
('2017-12-29 09:49:41', 1207, 40, 1, 2500.00, 2),
('2017-12-29 09:49:41', 1311, 14, 2, 120.00, 2),
('2017-12-29 09:49:41', 1312, 23, 1, 100.00, 2),
('2017-12-29 09:49:41', 1509, 2, 2, 60.00, 2),
('2017-12-29 09:49:41', 1621, 24, 1, 145.00, 2),
('2017-12-29 09:49:41', 1622, 20, 2, 30.00, 2),
('2017-12-30 09:49:41', 1207, 2, 2, 60.00, 2),
('2017-12-30 09:49:41', 1312, 20, 2, 30.00, 2),
('2017-12-30 09:49:41', 1313, 61, 1, 795.00, 2),
('2017-12-30 09:49:41', 1510, 39, 2, 1300.00, 2),
('2017-12-30 09:49:41', 1622, 25, 1, 200.00, 2),
('2017-12-30 09:49:41', 1623, 21, 3, 900.00, 2),
('2017-12-31 09:49:41', 1311, 39, 2, 1300.00, 2),
('2017-12-31 09:49:41', 1311, 62, 1, 480.00, 2),
('2017-12-31 09:49:41', 1313, 21, 3, 900.00, 2),
('2017-12-31 09:49:41', 1509, 22, 1, 100.00, 2),
('2017-12-31 09:49:41', 1621, 60, 1, 325.00, 2),
('2017-12-31 09:49:41', 1623, 24, 1, 145.00, 2),
('2018-01-20 09:49:41', 1301, 1, 1, 30.00, 1),
('2018-01-20 09:49:41', 1301, 12, 1, 120.00, 1),
('2018-01-20 09:49:41', 1301, 23, 1, 80.00, 1),
('2018-01-20 09:49:41', 1301, 38, 5, 100.00, 1),
('2018-01-20 09:49:41', 1312, 63, 1, 310.00, 2),
('2018-01-20 09:49:41', 1906, 1, 2, 60.00, 2),
('2018-01-20 09:49:41', 1907, 29, 2, 1600.00, 2),
('2018-01-20 09:49:41', 1908, 6, 1, 60.00, 2),
('2018-01-20 09:49:41', 1909, 11, 1, 60.00, 2),
('2018-01-20 09:49:41', 1910, 32, 2, 120.00, 2),
('2018-01-21 09:49:41', 1301, 8, 1, 50.00, 1),
('2018-01-21 09:49:41', 1301, 13, 1, 50.00, 1),
('2018-01-21 09:49:41', 1301, 21, 1, 300.00, 1),
('2018-01-21 09:49:41', 1301, 44, 1, 65.00, 1),
('2018-01-21 09:49:41', 1313, 64, 1, 1250.00, 2),
('2018-01-21 09:49:41', 1906, 33, 1, 150.00, 2),
('2018-01-21 09:49:41', 1907, 2, 2, 60.00, 2),
('2018-01-21 09:49:41', 1908, 30, 2, 400.00, 2),
('2018-01-21 09:49:41', 1909, 7, 1, 60.00, 2),
('2018-01-21 09:49:41', 1910, 12, 1, 120.00, 2),
('2018-01-22 09:49:41', 1301, 3, 3, 105.00, 1),
('2018-01-22 09:49:41', 1301, 9, 1, 40.00, 1),
('2018-01-22 09:49:41', 1301, 26, 3, 480.00, 1),
('2018-01-22 09:49:41', 1301, 43, 1, 890.00, 1),
('2018-01-22 09:49:41', 1301, 46, 1, 175.00, 1),
('2018-01-22 09:49:41', 1906, 13, 2, 50.00, 2),
('2018-01-22 09:49:41', 1907, 5, 1, 10.00, 2),
('2018-01-22 09:49:41', 1908, 10, 1, 45.00, 2),
('2018-01-22 09:49:41', 1909, 31, 2, 40.00, 2),
('2018-01-22 09:49:41', 1910, 8, 2, 100.00, 2),
('2018-02-13 09:49:41', 1216, 21, 5, 1500.00, 2),
('2018-02-13 09:49:41', 1219, 30, 1, 200.00, 2),
('2018-02-13 09:49:41', 1220, 22, 1, 310.00, 2),
('2018-02-13 09:49:41', 1301, 18, 1, 60.00, 1),
('2018-02-13 09:49:41', 1613, 9, 2, 80.00, 2),
('2018-02-13 09:49:41', 1614, 12, 1, 120.00, 2),
('2018-02-13 09:49:41', 1615, 13, 1, 50.00, 2),
('2018-02-13 09:49:41', 1616, 46, 1, 175.00, 2),
('2018-02-14 09:49:41', 1216, 13, 1, 50.00, 2),
('2018-02-14 09:49:41', 1217, 46, 1, 175.00, 2),
('2018-02-14 09:49:41', 1220, 28, 1, 65.00, 2),
('2018-02-14 09:49:41', 1301, 46, 1, 175.00, 1),
('2018-02-14 09:49:41', 1614, 10, 2, 90.00, 2),
('2018-02-14 09:49:41', 1615, 13, 1, 50.00, 2),
('2018-02-14 09:49:41', 1616, 14, 1, 60.00, 2),
('2018-02-14 09:49:41', 1617, 23, 1, 80.00, 2),
('2018-02-15 09:49:41', 1216, 28, 2, 150.00, 2),
('2018-02-15 09:49:41', 1217, 53, 1, 125.00, 2),
('2018-02-15 09:49:41', 1218, 23, 3, 240.00, 2),
('2018-02-15 09:49:41', 1301, 47, 1, 95.00, 1),
('2018-02-15 09:49:41', 1613, 44, 1, 65.00, 2),
('2018-02-15 09:49:41', 1615, 11, 2, 120.00, 2),
('2018-02-15 09:49:41', 1616, 53, 1, 125.00, 2),
('2018-02-15 09:49:41', 1617, 63, 1, 310.00, 2),
('2018-02-16 09:49:41', 1216, 48, 1, 170.00, 1),
('2018-02-16 09:49:41', 1217, 21, 1, 300.00, 2),
('2018-02-16 09:49:41', 1218, 63, 1, 310.00, 2),
('2018-02-16 09:49:41', 1219, 44, 1, 65.00, 2),
('2018-02-16 09:49:41', 1613, 62, 1, 480.00, 2),
('2018-02-16 09:49:41', 1614, 43, 1, 890.00, 2),
('2018-02-16 09:49:41', 1616, 12, 2, 240.00, 2),
('2018-02-16 09:49:41', 1617, 8, 2, 100.00, 2),
('2018-02-17 09:49:41', 1217, 16, 1, 180.00, 1),
('2018-02-17 09:49:41', 1218, 41, 1, 800.00, 2),
('2018-02-17 09:49:41', 1219, 62, 1, 480.00, 2),
('2018-02-17 09:49:41', 1220, 43, 3, 2670.00, 2),
('2018-02-17 09:49:41', 1613, 6, 2, 120.00, 2),
('2018-02-17 09:49:41', 1614, 61, 1, 795.00, 2),
('2018-02-17 09:49:41', 1615, 38, 5, 100.00, 2),
('2018-02-17 09:49:41', 1617, 6, 1, 60.00, 2),
('2018-02-18 09:49:41', 1216, 38, 5, 100.00, 2),
('2018-02-18 09:49:41', 1217, 50, 1, 165.00, 2),
('2018-02-18 09:49:41', 1218, 33, 1, 150.00, 1),
('2018-02-18 09:49:41', 1219, 56, 1, 240.00, 2),
('2018-02-18 09:49:41', 1220, 61, 1, 795.00, 2),
('2018-02-18 09:49:41', 1613, 7, 1, 60.00, 2),
('2018-02-18 09:49:41', 1614, 40, 1, 2500.00, 2),
('2018-02-18 09:49:41', 1615, 21, 1, 300.00, 2),
('2018-02-18 09:49:41', 1616, 50, 1, 165.00, 2),
('2018-02-18 09:49:41', 1617, 51, 2, 280.00, 2),
('2018-03-17 09:49:41', 1218, 51, 2, 280.00, 2),
('2018-03-17 09:49:41', 1218, 54, 2, 290.00, 2),
('2018-03-17 09:49:41', 1321, 21, 1, 300.00, 1),
('2018-03-17 09:49:41', 1321, 52, 2, 250.00, 2),
('2018-03-17 09:49:41', 1322, 58, 2, 640.00, 2),
('2018-03-17 09:49:41', 1323, 64, 1, 1250.00, 2),
('2018-03-17 09:49:41', 1324, 55, 3, 1080.00, 2),
('2018-03-17 09:49:41', 1325, 61, 1, 795.00, 2),
('2018-03-18 09:49:41', 1219, 52, 2, 250.00, 2),
('2018-03-18 09:49:41', 1219, 55, 3, 1080.00, 2),
('2018-03-18 09:49:41', 1321, 62, 1, 480.00, 2),
('2018-03-18 09:49:41', 1322, 46, 1, 175.00, 1),
('2018-03-18 09:49:41', 1322, 53, 1, 125.00, 2),
('2018-03-18 09:49:41', 1323, 59, 2, 790.00, 2),
('2018-03-18 09:49:41', 1324, 3, 3, 105.00, 1),
('2018-03-18 09:49:41', 1324, 44, 1, 65.00, 1),
('2018-03-18 09:49:41', 1325, 56, 4, 960.00, 2),
('2018-03-19 09:49:41', 1220, 53, 1, 125.00, 2),
('2018-03-19 09:49:41', 1220, 56, 4, 960.00, 2),
('2018-03-19 09:49:41', 1321, 57, 1, 330.00, 2),
('2018-03-19 09:49:41', 1322, 63, 1, 310.00, 2),
('2018-03-19 09:49:41', 1323, 23, 1, 80.00, 1),
('2018-03-19 09:49:41', 1323, 54, 2, 290.00, 2),
('2018-03-19 09:49:41', 1324, 60, 1, 325.00, 2),
('2018-03-19 09:49:41', 1325, 1, 1, 30.00, 1),
('2018-03-19 09:49:41', 1325, 43, 1, 890.00, 1),
('2018-04-13 09:49:41', 1716, 38, 5, 100.00, 1),
('2018-04-13 09:49:41', 1717, 41, 1, 800.00, 2),
('2018-04-13 09:49:41', 1718, 30, 1, 200.00, 2),
('2018-04-13 09:49:41', 1719, 47, 1, 95.00, 1),
('2018-04-13 09:49:41', 1720, 13, 1, 50.00, 1),
('2018-04-14 09:49:41', 1716, 26, 3, 480.00, 1),
('2018-04-14 09:49:41', 1717, 8, 1, 50.00, 1),
('2018-04-14 09:49:41', 1718, 56, 1, 240.00, 2),
('2018-04-14 09:49:41', 1719, 28, 1, 65.00, 2),
('2018-04-14 09:49:41', 1720, 48, 1, 170.00, 1),
('2018-04-15 09:49:41', 1716, 16, 1, 180.00, 1),
('2018-04-15 09:49:41', 1717, 18, 1, 60.00, 1),
('2018-04-15 09:49:41', 1718, 9, 1, 40.00, 1),
('2018-04-15 09:49:41', 1719, 22, 1, 310.00, 2),
('2018-04-15 09:49:41', 1720, 3, 2, 70.00, 2),
('2018-04-16 09:49:41', 1716, 21, 1, 300.00, 2),
('2018-04-16 09:49:41', 1717, 33, 1, 150.00, 1),
('2018-04-16 09:49:41', 1718, 46, 1, 175.00, 1),
('2018-04-16 09:49:41', 1719, 12, 1, 120.00, 1),
('2018-04-16 09:49:41', 1720, 13, 1, 50.00, 2),
('2018-05-19 09:49:41', 1103, 23, 1, 80.00, 2),
('2018-05-19 09:49:41', 1103, 43, 1, 890.00, 2),
('2018-05-19 09:49:41', 1103, 50, 1, 165.00, 2),
('2018-05-19 09:49:41', 1103, 52, 2, 250.00, 2),
('2018-05-19 09:49:41', 1103, 53, 1, 125.00, 2),
('2018-05-19 09:49:41', 2103, 55, 3, 1080.00, 2),
('2018-05-19 09:49:41', 2103, 61, 1, 795.00, 2),
('2018-05-20 09:49:41', 1103, 21, 1, 300.00, 2),
('2018-05-20 09:49:41', 1103, 54, 2, 290.00, 2),
('2018-05-20 09:49:41', 1103, 56, 4, 960.00, 2),
('2018-05-20 09:49:41', 1103, 62, 1, 480.00, 2),
('2018-05-20 09:49:41', 2103, 12, 1, 120.00, 2),
('2018-05-20 09:49:41', 2103, 38, 5, 100.00, 2),
('2018-05-20 09:49:41', 2103, 44, 1, 65.00, 2),
('2018-05-20 09:49:41', 2103, 46, 1, 175.00, 2),
('2018-05-20 09:49:41', 2103, 51, 2, 280.00, 2),
('2018-05-20 09:49:41', 2103, 53, 1, 125.00, 2),
('2018-05-20 09:49:41', 2103, 63, 1, 310.00, 2),
('2018-06-28 09:49:41', 1916, 7, 1, 60.00, 2),
('2018-06-28 09:49:41', 1916, 13, 2, 50.00, 2),
('2018-06-28 09:49:41', 1917, 5, 1, 10.00, 2),
('2018-06-28 09:49:41', 1918, 11, 2, 120.00, 2),
('2018-06-28 09:49:41', 1919, 31, 2, 40.00, 2),
('2018-06-28 09:49:41', 1920, 8, 2, 100.00, 2),
('2018-06-29 09:49:41', 1916, 9, 2, 80.00, 2),
('2018-06-29 09:49:41', 1917, 12, 1, 120.00, 2),
('2018-06-29 09:49:41', 1917, 29, 2, 1600.00, 2),
('2018-06-29 09:49:41', 1918, 6, 1, 60.00, 2),
('2018-06-29 09:49:41', 1919, 1, 2, 60.00, 1),
('2018-06-29 09:49:41', 1919, 12, 2, 240.00, 2),
('2018-06-29 09:49:41', 1920, 32, 2, 120.00, 2),
('2018-06-30 09:49:41', 1916, 33, 1, 150.00, 2),
('2018-06-30 09:49:41', 1917, 10, 2, 90.00, 2),
('2018-06-30 09:49:41', 1918, 13, 1, 50.00, 2),
('2018-06-30 09:49:41', 1918, 30, 2, 400.00, 2),
('2018-06-30 09:49:41', 1919, 7, 1, 60.00, 2),
('2018-06-30 09:49:41', 1920, 6, 1, 60.00, 2),
('2018-06-30 09:49:41', 1920, 17, 1, 60.00, 1),
('2018-07-14 09:49:41', 1808, 18, 1, 60.00, 1),
('2018-07-15 09:49:41', 1807, 12, 1, 120.00, 1),
('2018-07-16 09:49:41', 1806, 13, 1, 50.00, 1),
('2018-07-17 09:49:41', 1808, 14, 1, 60.00, 1),
('2018-07-18 09:49:41', 1807, 18, 1, 60.00, 1),
('2018-07-19 09:49:41', 1806, 6, 1, 60.00, 2),
('2018-07-20 09:49:41', 1808, 3, 2, 70.00, 2),
('2018-07-21 09:49:41', 1807, 1, 1, 30.00, 2),
('2018-08-24 09:49:41', 1613, 21, 1, 300.00, 2),
('2018-08-24 09:49:41', 1616, 33, 1, 150.00, 1),
('2018-08-25 09:49:41', 1614, 12, 1, 120.00, 2),
('2018-08-25 09:49:41', 1617, 30, 1, 200.00, 2),
('2018-08-26 09:49:41', 1613, 28, 1, 65.00, 2),
('2018-08-26 09:49:41', 1614, 13, 1, 50.00, 2),
('2018-08-26 09:49:41', 1615, 20, 4, 60.00, 2),
('2018-08-27 09:49:41', 1614, 3, 2, 70.00, 2),
('2018-08-27 09:49:41', 1615, 53, 1, 125.00, 2),
('2018-08-27 09:49:41', 1616, 7, 1, 60.00, 2),
('2018-08-28 09:49:41', 1615, 21, 1, 300.00, 2),
('2018-08-28 09:49:41', 1616, 8, 2, 100.00, 2),
('2018-08-28 09:49:41', 1617, 46, 1, 175.00, 1),
('2018-08-29 09:49:41', 1613, 47, 1, 95.00, 1),
('2018-08-29 09:49:41', 1616, 41, 1, 800.00, 2),
('2018-08-29 09:49:41', 1617, 6, 2, 120.00, 2),
('2018-08-30 09:49:41', 1614, 48, 1, 170.00, 1),
('2018-08-30 09:49:41', 1617, 56, 1, 240.00, 2),
('2018-08-31 09:49:41', 1613, 22, 1, 310.00, 2),
('2018-08-31 09:49:41', 1615, 16, 1, 180.00, 1),
('2018-09-21 09:49:41', 1704, 40, 1, 2500.00, 2),
('2018-09-21 09:49:41', 1706, 13, 2, 100.00, 2),
('2018-09-21 09:49:41', 1708, 3, 3, 105.00, 1),
('2018-09-21 09:49:41', 1708, 23, 1, 100.00, 2),
('2018-09-22 09:49:41', 1704, 61, 1, 795.00, 2),
('2018-09-22 09:49:41', 1705, 2, 2, 60.00, 2),
('2018-09-22 09:49:41', 1707, 14, 2, 120.00, 2),
('2018-09-22 09:49:41', 1708, 1, 1, 30.00, 1),
('2018-09-23 09:49:41', 1704, 21, 1, 300.00, 1),
('2018-09-23 09:49:41', 1705, 62, 1, 480.00, 2),
('2018-09-23 09:49:41', 1706, 39, 2, 1300.00, 2),
('2018-09-23 09:49:41', 1708, 20, 2, 30.00, 2),
('2018-09-24 09:49:41', 1705, 46, 1, 175.00, 1),
('2018-09-24 09:49:41', 1706, 21, 3, 900.00, 2),
('2018-09-24 09:49:41', 1706, 63, 1, 310.00, 2),
('2018-09-24 09:49:41', 1707, 60, 1, 325.00, 2),
('2018-09-25 09:49:41', 1704, 11, 1, 60.00, 2),
('2018-09-25 09:49:41', 1705, 12, 1, 120.00, 2),
('2018-09-25 09:49:41', 1706, 23, 1, 80.00, 1),
('2018-09-25 09:49:41', 1707, 22, 1, 100.00, 2),
('2018-09-25 09:49:41', 1707, 64, 1, 1250.00, 2),
('2018-09-25 09:49:41', 1708, 10, 1, 45.00, 2),
('2018-12-28 09:49:41', 1704, 22, 1, 310.00, 2),
('2018-12-28 09:49:41', 1704, 44, 1, 65.00, 1),
('2018-12-28 09:49:41', 1706, 16, 1, 180.00, 1),
('2018-12-28 09:49:41', 1708, 9, 1, 40.00, 1),
('2018-12-28 09:49:41', 1710, 28, 2, 150.00, 2),
('2018-12-28 09:49:41', 1712, 18, 1, 60.00, 1),
('2018-12-29 09:49:41', 1705, 13, 1, 50.00, 2),
('2018-12-29 09:49:41', 1705, 43, 1, 890.00, 1),
('2018-12-29 09:49:41', 1707, 33, 1, 150.00, 1),
('2018-12-29 09:49:41', 1709, 12, 1, 120.00, 1),
('2018-12-29 09:49:41', 1711, 21, 1, 300.00, 2),
('2018-12-29 09:49:41', 1713, 46, 1, 175.00, 1),
('2018-12-30 09:49:41', 1704, 47, 1, 95.00, 1),
('2018-12-30 09:49:41', 1706, 38, 5, 100.00, 1),
('2018-12-30 09:49:41', 1706, 53, 1, 125.00, 2),
('2018-12-30 09:49:41', 1708, 30, 1, 200.00, 2),
('2018-12-30 09:49:41', 1710, 13, 1, 50.00, 1),
('2018-12-30 09:49:41', 1712, 41, 1, 800.00, 2),
('2018-12-31 09:49:41', 1705, 48, 1, 170.00, 1),
('2018-12-31 09:49:41', 1707, 8, 1, 50.00, 1),
('2018-12-31 09:49:41', 1707, 63, 1, 310.00, 2),
('2018-12-31 09:49:41', 1709, 28, 1, 65.00, 2),
('2018-12-31 09:49:41', 1711, 26, 3, 480.00, 1),
('2018-12-31 09:49:41', 1713, 56, 1, 240.00, 2),
('2019-01-01 09:49:41', 1308, 23, 3, 240.00, 2),
('2019-01-01 09:49:41', 1708, 62, 1, 480.00, 2),
('2019-01-01 09:49:41', 1801, 21, 5, 1500.00, 2),
('2019-01-01 09:49:41', 1801, 32, 2, 120.00, 2),
('2019-01-01 09:49:41', 1801, 53, 1, 125.00, 2),
('2019-01-02 09:49:41', 1308, 5, 1, 10.00, 2),
('2019-01-02 09:49:41', 1308, 55, 3, 1080.00, 2),
('2019-01-02 09:49:41', 1309, 44, 1, 65.00, 2),
('2019-01-02 09:49:41', 1709, 61, 1, 795.00, 2),
('2019-01-02 09:49:41', 1802, 33, 1, 150.00, 2),
('2019-01-02 09:49:41', 1802, 46, 1, 175.00, 2),
('2019-01-02 09:49:41', 1802, 54, 2, 290.00, 2),
('2019-01-03 09:49:41', 1309, 6, 1, 60.00, 2),
('2019-01-03 09:49:41', 1309, 56, 4, 960.00, 2),
('2019-01-03 09:49:41', 1310, 43, 3, 2670.00, 2),
('2019-01-04 09:49:41', 1310, 7, 1, 60.00, 2),
('2019-01-04 09:49:41', 1310, 12, 1, 120.00, 2),
('2019-01-04 09:49:41', 1821, 38, 5, 100.00, 2),
('2019-01-04 09:49:41', 1822, 9, 2, 80.00, 2),
('2019-01-04 09:49:41', 1822, 29, 2, 1600.00, 2),
('2019-01-04 09:49:41', 1823, 51, 2, 280.00, 2),
('2019-01-05 09:49:41', 1821, 8, 2, 100.00, 2),
('2019-01-05 09:49:41', 1821, 13, 2, 50.00, 2),
('2019-01-05 09:49:41', 1822, 50, 1, 165.00, 2),
('2019-01-05 09:49:41', 1823, 10, 2, 90.00, 2),
('2019-01-05 09:49:41', 1823, 30, 2, 400.00, 2),
('2019-01-05 09:49:41', 1824, 11, 2, 120.00, 2),
('2019-01-05 09:49:41', 1824, 31, 2, 40.00, 2),
('2019-01-05 09:49:41', 1824, 52, 2, 250.00, 2),
('2019-02-16 09:49:41', 1201, 12, 2, 240.00, 2),
('2019-02-16 09:49:41', 1201, 17, 1, 60.00, 1),
('2019-02-16 09:49:41', 1202, 12, 1, 120.00, 2),
('2019-02-17 09:49:41', 1201, 7, 1, 60.00, 2),
('2019-02-17 09:49:41', 1201, 13, 1, 50.00, 2),
('2019-02-17 09:49:41', 1202, 1, 2, 60.00, 1),
('2019-02-17 09:49:41', 1202, 6, 1, 60.00, 2),
('2019-02-17 09:49:41', 1202, 18, 1, 60.00, 1),
('2019-02-22 09:49:41', 1314, 1, 1, 30.00, 2),
('2019-02-22 09:49:41', 1314, 12, 1, 120.00, 1),
('2019-02-22 09:49:41', 1315, 18, 1, 60.00, 1),
('2019-02-23 09:49:41', 1314, 6, 1, 60.00, 2),
('2019-02-23 09:49:41', 1315, 13, 1, 50.00, 1),
('2019-02-23 09:49:41', 1315, 21, 1, 300.00, 2),
('2019-02-24 09:49:41', 1314, 14, 1, 60.00, 1),
('2019-02-24 09:49:41', 1315, 3, 2, 70.00, 2),
('2019-03-01 09:49:41', 1916, 12, 1, 120.00, 2),
('2019-03-01 09:49:41', 1916, 16, 1, 180.00, 1),
('2019-03-01 09:49:41', 1916, 28, 1, 65.00, 2),
('2019-03-01 09:49:41', 1916, 41, 1, 800.00, 2),
('2019-03-01 09:49:41', 1916, 46, 1, 175.00, 1),
('2019-03-02 09:49:41', 1917, 3, 2, 70.00, 2),
('2019-03-02 09:49:41', 1917, 20, 4, 60.00, 2),
('2019-03-02 09:49:41', 1917, 33, 1, 150.00, 1),
('2019-03-02 09:49:41', 1917, 47, 1, 95.00, 1),
('2019-03-03 09:49:41', 1918, 7, 1, 60.00, 2),
('2019-03-03 09:49:41', 1918, 21, 1, 300.00, 2),
('2019-03-03 09:49:41', 1918, 30, 1, 200.00, 2),
('2019-03-03 09:49:41', 1918, 48, 1, 170.00, 1),
('2020-01-01 14:11:07', 1222, 3, 3, 105.00, 1),
('2020-01-01 14:11:07', 1421, 3, 3, 105.00, 1),
('2020-01-11 09:49:41', 1205, 1, 1, 30.00, 1),
('2020-01-11 09:49:41', 1205, 21, 1, 300.00, 1),
('2020-01-11 09:49:41', 1223, 1, 1, 30.00, 1),
('2020-01-11 09:49:41', 1224, 21, 1, 300.00, 1),
('2020-01-12 09:49:41', 1205, 46, 1, 175.00, 1),
('2020-01-12 09:49:41', 1225, 46, 1, 175.00, 1),
('2020-01-12 10:13:30', 1205, 23, 1, 80.00, 1),
('2020-01-12 10:13:30', 1301, 23, 1, 80.00, 1),
('2020-02-06 09:48:49', 1206, 44, 1, 65.00, 1),
('2020-02-06 09:48:49', 1302, 44, 1, 65.00, 1),
('2020-02-07 09:48:48', 1206, 43, 1, 890.00, 1),
('2020-02-07 09:48:48', 1303, 43, 1, 890.00, 1),
('2020-02-07 09:48:50', 1206, 38, 5, 100.00, 1),
('2020-02-07 09:48:50', 1304, 38, 5, 100.00, 1),
('2020-02-07 13:10:21', 1216, 8, 1, 50.00, 1),
('2020-02-07 13:10:21', 1217, 9, 1, 40.00, 1),
('2020-02-07 13:10:21', 1414, 8, 1, 50.00, 1),
('2020-02-07 13:10:21', 1414, 9, 1, 40.00, 1),
('2020-02-07 16:10:03', 1222, 12, 1, 120.00, 1),
('2020-02-07 16:10:03', 1223, 13, 1, 50.00, 1),
('2020-02-07 16:10:03', 1415, 12, 1, 120.00, 1),
('2020-02-07 16:10:03', 1415, 13, 1, 50.00, 1),
('2020-02-13 08:30:46', 1224, 26, 3, 480.00, 1),
('2020-02-13 08:30:46', 1322, 26, 3, 480.00, 1),
('2020-02-13 12:06:00', 1225, 18, 1, 60.00, 1),
('2020-02-13 12:06:00', 1322, 18, 1, 60.00, 1),
('2020-02-13 16:10:30', 1301, 6, 1, 60.00, 1),
('2020-02-13 16:10:30', 1418, 6, 1, 60.00, 1),
('2020-02-13 16:42:43', 1302, 8, 1, 50.00, 2),
('2020-02-13 16:42:43', 1418, 8, 1, 50.00, 2),
('2020-02-13 16:49:00', 1303, 4, 1, 35.00, 1),
('2020-02-13 16:49:00', 1322, 4, 1, 35.00, 1),
('2020-02-13 16:49:41', 1304, 1, 1, 30.00, 1),
('2020-02-13 16:49:41', 1322, 1, 1, 30.00, 1),
('2020-02-14 08:30:49', 1216, 27, 1, 65.00, 1),
('2020-02-14 08:30:49', 1322, 27, 1, 65.00, 1),
('2020-02-14 08:30:51', 1217, 33, 1, 150.00, 1),
('2020-02-14 08:30:51', 1322, 33, 1, 150.00, 1),
('2020-02-14 09:49:41', 1222, 16, 1, 180.00, 1),
('2020-02-14 09:49:41', 1322, 16, 1, 180.00, 1),
('2020-02-14 10:13:34', 1223, 23, 1, 100.00, 1),
('2020-02-14 10:13:34', 1322, 23, 1, 100.00, 1),
('2020-09-10 16:05:43', 1224, 12, 1, 120.00, 1),
('2020-09-10 16:05:43', 1225, 13, 1, 50.00, 1),
('2020-09-10 16:05:43', 1301, 12, 1, 120.00, 1),
('2020-09-10 16:05:43', 1301, 13, 1, 50.00, 1),
('2021-01-03 16:08:11', 1301, 41, 1, 800.00, 1),
('2021-01-03 16:08:11', 1322, 41, 1, 800.00, 1),
('2021-01-03 16:09:34', 1302, 21, 1, 300.00, 1),
('2021-01-03 16:09:34', 1322, 21, 1, 300.00, 1),
('2021-01-04 16:07:31', 1303, 16, 1, 180.00, 1),
('2021-01-04 16:07:31', 1322, 16, 1, 180.00, 1),
('2021-01-05 10:05:45', 1304, 1, 4, 120.00, 1),
('2021-01-05 10:05:45', 1322, 1, 4, 120.00, 1),
('2021-02-05 09:48:53', 1207, 12, 1, 120.00, 1),
('2021-02-05 09:48:53', 1216, 12, 1, 120.00, 1),
('2021-02-05 09:49:41', 1207, 6, 1, 60.00, 1),
('2021-02-05 09:49:41', 1217, 6, 1, 60.00, 1),
('2021-02-06 09:49:41', 1207, 8, 1, 50.00, 1),
('2021-02-06 09:49:41', 1913, 8, 1, 50.00, 1),
('2021-02-06 10:05:46', 1206, 14, 1, 60.00, 1),
('2021-02-06 10:05:46', 1914, 14, 1, 60.00, 1),
('2021-02-06 10:05:47', 1206, 13, 1, 50.00, 1),
('2021-02-06 10:05:47', 1915, 13, 1, 50.00, 1),
('2021-02-12 06:15:38', 1913, 2, 4, 120.00, 1),
('2021-02-12 06:15:38', 2202, 2, 4, 120.00, 1),
('2021-02-12 16:15:26', 1914, 40, 1, 2500.00, 1),
('2021-02-12 16:15:26', 2201, 40, 1, 2500.00, 1),
('2021-02-13 16:15:48', 1311, 14, 1, 60.00, 1),
('2021-02-13 16:15:48', 1915, 13, 1, 50.00, 1),
('2021-02-13 16:15:48', 2313, 13, 1, 50.00, 1),
('2021-02-13 16:15:48', 2313, 14, 1, 60.00, 1),
('2021-02-14 08:15:59', 1312, 63, 1, 310.00, 1),
('2021-02-14 08:15:59', 2314, 63, 1, 310.00, 1),
('2021-02-14 10:16:19', 1313, 62, 1, 480.00, 1),
('2021-02-14 10:16:19', 2315, 62, 1, 480.00, 1),
('2021-02-14 10:17:18', 1311, 61, 1, 795.00, 1),
('2021-02-14 10:17:18', 2315, 61, 1, 795.00, 1),
('2021-03-05 16:06:53', 1312, 2, 1, 30.00, 1),
('2021-03-05 16:06:53', 1319, 2, 1, 30.00, 1),
('2021-03-05 20:06:15', 1313, 32, 1, 30.00, 1),
('2021-03-05 20:06:15', 1313, 61, 1, 480.00, 1),
('2021-03-06 16:06:13', 1311, 33, 1, 150.00, 1),
('2021-03-06 16:06:13', 1313, 33, 1, 150.00, 1),
('2021-03-06 18:08:07', 1312, 3, 1, 35.00, 1),
('2021-03-06 18:08:07', 1312, 61, 1, 795.00, 1),
('2021-03-06 18:32:23', 1312, 3, 1, 35.00, 1),
('2021-03-06 18:32:23', 1312, 8, 1, 50.00, 1),
('2021-03-06 18:32:23', 1312, 9, 1, 40.00, 1),
('2021-03-06 18:32:23', 1313, 3, 1, 35.00, 1),
('2021-03-06 18:32:23', 1321, 8, 1, 50.00, 1),
('2021-03-06 18:32:23', 1322, 9, 1, 40.00, 1),
('2021-04-01 10:05:57', 1323, 7, 1, 60.00, 1),
('2021-04-01 10:05:57', 1816, 7, 1, 60.00, 1),
('2021-04-01 10:05:58', 1324, 6, 1, 60.00, 1),
('2021-04-01 10:05:58', 1816, 6, 1, 60.00, 1),
('2021-04-02 10:05:52', 1325, 10, 1, 45.00, 1),
('2021-04-02 10:05:52', 1816, 10, 1, 45.00, 1),
('2021-04-02 10:05:56', 1321, 8, 1, 50.00, 1),
('2021-04-02 10:05:56', 1816, 8, 1, 50.00, 1),
('2021-04-03 10:05:54', 1322, 9, 1, 40.00, 1),
('2021-04-03 10:05:54', 1816, 9, 1, 40.00, 1),
('2021-04-12 16:07:44', 1321, 41, 1, 800.00, 1),
('2021-04-12 16:07:44', 1323, 41, 1, 800.00, 1),
('2021-04-12 18:08:07', 1312, 1, 1, 30.00, 1),
('2021-04-12 18:08:07', 1324, 1, 1, 30.00, 1),
('2021-04-12 19:48:43', 1203, 44, 1, 65.00, 1),
('2021-04-12 19:48:43', 1325, 44, 1, 65.00, 1),
('2021-04-14 09:48:42', 1203, 43, 1, 890.00, 1),
('2021-04-14 09:48:42', 1308, 43, 1, 890.00, 1),
('2021-05-02 09:42:25', 1216, 23, 2, 200.00, 1),
('2021-05-02 09:42:25', 1309, 23, 2, 200.00, 1),
('2021-05-03 09:49:41', 1216, 3, 1, 35.00, 1),
('2021-05-03 09:49:41', 1310, 3, 1, 35.00, 1),
('2021-05-03 16:10:45', 1308, 1, 3, 90.00, 1),
('2021-05-03 16:10:45', 1309, 3, 1, 35.00, 1),
('2021-05-03 16:10:45', 1419, 1, 3, 90.00, 1),
('2021-05-03 16:10:45', 1419, 3, 1, 35.00, 1),
('2021-05-03 16:10:54', 1310, 1, 1, 30.00, 1),
('2021-05-03 16:10:54', 1420, 1, 1, 30.00, 1),
('2021-05-04 09:42:27', 1216, 24, 1, 145.00, 1),
('2021-05-04 09:42:27', 1308, 24, 1, 145.00, 1),
('2021-05-04 16:10:54', 1309, 4, 1, 35.00, 1),
('2021-05-04 16:10:54', 1420, 4, 1, 35.00, 1),
('2021-05-05 09:48:51', 1206, 39, 1, 650.00, 1),
('2021-05-05 09:48:51', 1310, 39, 1, 650.00, 1),
('2021-05-06 16:11:42', 1308, 26, 1, 160.00, 1),
('2021-05-06 16:11:42', 1309, 28, 1, 65.00, 1),
('2021-05-06 16:11:42', 1505, 26, 1, 160.00, 1),
('2021-05-06 16:11:42', 1505, 28, 1, 65.00, 1),
('2021-05-06 18:11:51', 1308, 18, 1, 60.00, 1),
('2021-05-06 18:11:51', 1310, 17, 1, 60.00, 1),
('2021-05-06 18:11:51', 1506, 17, 1, 60.00, 1),
('2021-05-06 18:11:51', 1506, 18, 1, 60.00, 1),
('2021-05-06 19:12:00', 1309, 16, 1, 180.00, 1),
('2021-05-06 19:12:00', 1310, 17, 1, 60.00, 1),
('2021-05-06 19:12:00', 1507, 16, 1, 180.00, 1),
('2021-05-06 19:12:00', 1507, 17, 1, 60.00, 1),
('2021-05-06 19:12:00', 1507, 18, 1, 60.00, 1),
('2021-05-06 19:12:00', 1913, 18, 1, 60.00, 1),
('2021-05-07 16:13:18', 1616, 44, 1, 65.00, 1);
INSERT INTO `roomservice` (`DateTime`, `roomID`, `serviceID`, `amount`, `total`, `status`) VALUES
('2021-05-07 16:13:18', 1616, 45, 3, 195.00, 1),
('2021-05-07 16:13:18', 1914, 44, 1, 65.00, 1),
('2021-05-07 16:13:18', 1915, 45, 3, 195.00, 1),
('2021-05-13 09:47:47', 1202, 43, 1, 890.00, 1),
('2021-05-13 09:47:47', 1913, 43, 1, 890.00, 1),
('2021-05-13 09:48:10', 1202, 44, 1, 65.00, 1),
('2021-05-13 09:48:10', 1914, 44, 1, 65.00, 1),
('2021-05-13 16:13:28', 1201, 1, 1, 20.00, 1),
('2021-05-13 16:13:28', 1915, 1, 1, 20.00, 1),
('2021-05-13 16:42:28', 1201, 33, 1, 150.00, 1),
('2021-05-13 16:42:28', 1913, 33, 1, 150.00, 1),
('2021-05-13 16:49:06', 1201, 17, 1, 60.00, 1),
('2021-05-13 16:49:06', 1914, 17, 1, 60.00, 1),
('2021-05-13 17:47:46', 1201, 38, 5, 100.00, 1),
('2021-05-13 17:47:46', 1915, 38, 5, 100.00, 1),
('2021-05-13 18:08:07', 1201, 2, 1, 30.00, 1),
('2021-05-13 18:08:07', 1201, 3, 1, 35.00, 1),
('2021-05-13 18:08:07', 1202, 12, 1, 120.00, 1),
('2021-05-13 18:08:07', 1202, 13, 1, 50.00, 1),
('2021-05-13 18:08:07', 1913, 2, 1, 30.00, 1),
('2021-05-13 18:08:07', 1913, 13, 1, 50.00, 1),
('2021-05-13 18:08:07', 1914, 3, 1, 35.00, 1),
('2021-05-13 18:08:07', 1915, 12, 1, 120.00, 1),
('2021-05-14 08:30:54', 1201, 23, 1, 80.00, 1),
('2021-05-14 08:30:54', 1914, 23, 1, 80.00, 1),
('2021-05-14 08:30:59', 1205, 24, 1, 145.00, 1),
('2021-05-14 08:30:59', 1915, 24, 1, 145.00, 1),
('2021-05-14 08:31:01', 1205, 25, 1, 200.00, 1),
('2021-05-14 08:31:01', 1913, 25, 1, 200.00, 1),
('2021-05-14 08:31:03', 1201, 5, 2, 20.00, 1),
('2021-05-14 08:31:03', 1914, 5, 2, 20.00, 1),
('2021-05-14 09:49:03', 1201, 12, 1, 120.00, 1),
('2021-05-14 09:49:03', 1915, 12, 1, 120.00, 1),
('2021-05-14 09:49:05', 1201, 15, 1, 150.00, 1),
('2021-05-14 09:49:05', 1914, 15, 1, 150.00, 1),
('2021-05-14 10:13:31', 1202, 32, 1, 40.00, 1),
('2021-05-14 10:13:31', 1915, 32, 1, 40.00, 1),
('2021-05-14 10:18:24', 1202, 31, 1, 35.00, 2),
('2021-05-14 10:18:24', 1504, 31, 1, 35.00, 2),
('2021-05-14 10:18:27', 1201, 24, 1, 145.00, 2),
('2021-05-14 10:18:27', 1505, 24, 1, 145.00, 2),
('2021-05-14 15:12:52', 1202, 47, 1, 95.00, 1),
('2021-05-14 15:12:52', 1602, 47, 1, 95.00, 1),
('2021-05-14 16:12:52', 1201, 48, 1, 170.00, 1),
('2021-05-14 16:12:52', 1602, 48, 1, 170.00, 1),
('2021-05-14 16:14:19', 1504, 38, 4, 80.00, 1),
('2021-05-14 16:14:19', 1820, 38, 4, 80.00, 1),
('2021-05-14 16:15:04', 1505, 37, 2, 200.00, 1),
('2021-05-14 16:15:04', 1819, 37, 2, 200.00, 1),
('2021-05-14 18:08:07', 1201, 9, 1, 40.00, 1),
('2021-05-14 18:08:07', 1202, 2, 1, 30.00, 1),
('2021-05-14 18:08:07', 1205, 2, 1, 30.00, 1),
('2021-05-14 18:08:07', 1207, 9, 1, 40.00, 1),
('2021-05-14 18:08:07', 1207, 12, 2, 240.00, 1),
('2021-05-14 18:08:07', 1504, 12, 2, 240.00, 1),
('2021-05-15 09:48:54', 1207, 13, 1, 50.00, 1),
('2021-05-15 09:48:54', 1505, 13, 1, 50.00, 1),
('2021-05-15 09:49:41', 1201, 36, 1, 145.00, 1),
('2021-05-15 09:49:41', 1202, 22, 1, 310.00, 1),
('2021-05-15 09:49:41', 1205, 22, 1, 310.00, 1),
('2021-05-15 09:49:41', 1205, 36, 1, 145.00, 1),
('2021-05-16 09:49:41', 1205, 47, 1, 95.00, 1),
('2021-05-16 09:49:41', 1504, 47, 1, 95.00, 1),
('2021-05-21 17:13:28', 1202, 24, 1, 145.00, 1),
('2021-05-21 17:13:28', 1505, 23, 1, 100.00, 1),
('2021-05-21 17:13:28', 1711, 23, 1, 100.00, 1),
('2021-05-21 17:13:28', 1711, 24, 1, 145.00, 1),
('2021-05-21 18:13:55', 1201, 22, 2, 620.00, 1),
('2021-05-21 18:13:55', 1713, 22, 2, 620.00, 1),
('2021-05-23 15:06:15', 1313, 31, 1, 20.00, 1),
('2021-05-23 15:06:15', 1313, 33, 1, 150.00, 1),
('2021-05-23 15:06:15', 1504, 31, 1, 20.00, 1),
('2021-05-23 15:06:15', 1505, 33, 1, 150.00, 1),
('2021-05-23 16:06:02', 1201, 2, 1, 30.00, 1),
('2021-05-23 16:06:02', 1202, 1, 1, 30.00, 1),
('2021-05-23 16:06:02', 1309, 23, 1, 100.00, 1),
('2021-05-23 16:06:02', 1312, 1, 1, 30.00, 1),
('2021-05-23 16:06:02', 1312, 2, 1, 30.00, 1),
('2021-05-23 16:06:02', 1312, 23, 1, 100.00, 1),
('2021-05-23 16:06:13', 1309, 12, 1, 120.00, 1),
('2021-05-23 16:06:13', 1310, 11, 1, 60.00, 1),
('2021-05-23 16:06:13', 1313, 11, 1, 60.00, 1),
('2021-05-23 16:06:13', 1313, 12, 1, 120.00, 1),
('2021-05-23 16:11:21', 1310, 4, 4, 140.00, 1),
('2021-05-23 16:11:21', 1422, 4, 4, 140.00, 1),
('2021-05-23 16:11:24', 1309, 5, 4, 140.00, 1),
('2021-05-23 16:11:24', 1422, 5, 4, 140.00, 1),
('2021-05-24 16:06:02', 1309, 28, 1, 65.00, 1),
('2021-05-24 16:06:02', 1310, 27, 1, 65.00, 1),
('2021-05-24 16:06:02', 1312, 27, 1, 65.00, 1),
('2021-05-24 16:06:02', 1312, 28, 1, 65.00, 1),
('2021-05-27 16:12:10', 1310, 31, 1, 20.00, 1),
('2021-05-27 16:12:10', 1511, 31, 1, 20.00, 1),
('2021-05-27 16:12:20', 1321, 36, 2, 290.00, 1),
('2021-05-27 16:12:20', 1512, 36, 2, 290.00, 1),
('2021-05-27 16:12:30', 1322, 42, 1, 999.00, 1),
('2021-05-27 16:12:30', 1514, 42, 1, 999.00, 1),
('2021-05-27 18:14:16', 1323, 3, 3, 105.00, 1),
('2021-05-27 18:14:16', 1722, 3, 3, 105.00, 1),
('2021-05-27 19:14:05', 1321, 6, 2, 120.00, 1),
('2021-05-27 19:14:05', 1721, 6, 2, 120.00, 1),
('2021-05-28 08:14:50', 1322, 28, 1, 65.00, 1),
('2021-05-28 08:14:50', 1323, 30, 1, 200.00, 1),
('2021-05-28 08:14:50', 1725, 28, 1, 65.00, 1),
('2021-05-28 08:14:50', 1725, 30, 1, 200.00, 1),
('2021-05-28 10:12:43', 1321, 29, 1, 800.00, 1),
('2021-05-28 10:12:43', 1322, 30, 1, 200.00, 1),
('2021-05-28 10:12:43', 1513, 29, 1, 800.00, 1),
('2021-05-28 10:12:43', 1513, 30, 1, 200.00, 1),
('2021-06-03 09:49:41', 1216, 1, 2, 60.00, 1),
('2021-06-03 09:49:41', 1323, 1, 2, 60.00, 1),
('2021-06-03 16:07:31', 1321, 17, 1, 60.00, 1),
('2021-06-03 16:07:31', 1322, 17, 1, 60.00, 1),
('2021-06-03 16:07:31', 1322, 18, 1, 60.00, 1),
('2021-06-03 16:07:31', 1619, 18, 1, 60.00, 1),
('2021-06-03 16:09:47', 1407, 12, 1, 120.00, 1),
('2021-06-03 16:09:47', 1407, 13, 1, 50.00, 1),
('2021-06-03 16:09:47', 1407, 14, 1, 60.00, 1),
('2021-06-03 16:09:47', 1620, 12, 1, 120.00, 1),
('2021-06-03 16:09:47', 1902, 13, 1, 50.00, 1),
('2021-06-03 16:09:47', 1903, 14, 1, 60.00, 1),
('2021-06-03 20:30:28', 1201, 18, 1, 60.00, 1),
('2021-06-03 20:30:28', 1613, 18, 1, 60.00, 1),
('2021-06-04 11:33:17', 1320, 6, 1, 60.00, 2),
('2021-06-04 11:33:17', 1614, 6, 1, 60.00, 2),
('2021-06-04 11:33:19', 1319, 3, 2, 70.00, 2),
('2021-06-04 11:33:19', 1615, 3, 2, 70.00, 2),
('2021-06-04 11:33:21', 1319, 1, 1, 30.00, 2),
('2021-06-04 11:33:21', 1616, 1, 1, 30.00, 2),
('2021-06-04 11:33:25', 1617, 21, 1, 300.00, 2),
('2021-06-04 11:33:25', 1713, 21, 1, 300.00, 2),
('2021-06-04 16:51:38', 1206, 12, 1, 120.00, 2),
('2021-06-04 16:51:38', 1618, 12, 1, 120.00, 2),
('2021-06-04 17:09:20', 1619, 20, 4, 60.00, 2),
('2021-06-04 17:09:20', 1712, 20, 4, 60.00, 2),
('2021-06-04 17:09:23', 1320, 7, 1, 60.00, 2),
('2021-06-04 17:09:23', 1620, 7, 1, 60.00, 2),
('2021-06-05 16:13:04', 1607, 46, 1, 175.00, 1),
('2021-06-05 16:13:04', 1607, 47, 1, 95.00, 1),
('2021-06-05 16:13:04', 1607, 48, 1, 170.00, 1),
('2021-06-05 16:13:04', 1613, 48, 1, 170.00, 1),
('2021-06-05 16:13:04', 1902, 46, 1, 175.00, 1),
('2021-06-05 16:13:04', 1903, 47, 1, 95.00, 1),
('2021-06-06 11:39:51', 1801, 67, 1, 80.00, 1),
('2021-06-06 11:45:00', 1801, 68, 1, 60.00, 1),
('2021-06-06 11:46:21', 1901, 69, 1, 80.00, 1),
('2021-06-06 12:18:44', 1203, 23, 1, 200.00, 1),
('2021-06-06 12:18:44', 1203, 24, 1, 145.00, 1),
('2021-06-06 12:47:01', 1313, 7, 2, 120.00, 1),
('2021-06-06 12:47:01', 1313, 10, 1, 45.00, 1),
('2021-06-06 13:11:21', 1509, 4, 1, 35.00, 1),
('2021-06-06 13:11:21', 1509, 7, 2, 120.00, 1),
('2021-06-06 13:11:21', 1509, 9, 1, 40.00, 1),
('2021-06-06 13:16:38', 1311, 3, 1, 35.00, 1),
('2021-06-08 16:14:31', 1614, 16, 1, 180.00, 1),
('2021-06-08 16:14:31', 1723, 16, 1, 180.00, 1),
('2021-06-08 20:14:39', 1615, 33, 1, 150.00, 1),
('2021-06-08 20:14:39', 1724, 33, 1, 150.00, 1);

-- --------------------------------------------------------

--
-- Stand-in structure for view `room_view`
-- (See below for the actual view)
--
CREATE TABLE `room_view` (
`roomID` int(4)
,`roomType` varchar(32)
,`roomPrice` int(8)
,`capacity` int(4)
,`size` float(5,2)
);

-- --------------------------------------------------------

--
-- Table structure for table `season`
--

CREATE TABLE `season` (
  `seasonID` int(4) NOT NULL,
  `seasonName` varchar(64) NOT NULL
) ENGINE=InnoDB DEFAULT CHARSET=utf8;

--
-- Dumping data for table `season`
--

INSERT INTO `season` (`seasonID`, `seasonName`) VALUES
(1, 'New Year'),
(2, 'Valentines'),
(3, 'Songkran'),
(4, 'Christmas'),
(5, 'Low Season'),
(6, 'Summer'),
(7, 'Holiday'),
(8, 'Others');

-- --------------------------------------------------------

--
-- Stand-in structure for view `serviceactivity_view`
-- (See below for the actual view)
--
CREATE TABLE `serviceactivity_view` (
`date` date
,`roomID` int(4)
,`total` double(19,2)
);

-- --------------------------------------------------------

--
-- Stand-in structure for view `serviceact_chef_view`
-- (See below for the actual view)
--
CREATE TABLE `serviceact_chef_view` (
`date` date
,`roomID` int(4)
,`total` double(19,2)
);

-- --------------------------------------------------------

--
-- Stand-in structure for view `serviceact_maid_view`
-- (See below for the actual view)
--
CREATE TABLE `serviceact_maid_view` (
`date` date
,`roomID` int(4)
,`total` double(19,2)
);

-- --------------------------------------------------------

--
-- Table structure for table `servicelist`
--

CREATE TABLE `servicelist` (
  `serviceID` int(4) NOT NULL,
  `type` int(2) NOT NULL,
  `name` varchar(64) NOT NULL,
  `servicePrice` float(8,2) NOT NULL
) ENGINE=InnoDB DEFAULT CHARSET=utf8;

--
-- Dumping data for table `servicelist`
--

INSERT INTO `servicelist` (`serviceID`, `type`, `name`, `servicePrice`) VALUES
(1, 2, 'Sprinkle water', 30.00),
(2, 2, 'Soft drink', 30.00),
(3, 2, 'Coke', 35.00),
(4, 2, 'Sprite', 35.00),
(5, 2, 'Egg', 10.00),
(6, 2, 'Orange Juice', 60.00),
(7, 2, 'Watermalon Juice', 60.00),
(8, 2, 'Egg and Ham', 50.00),
(9, 2, 'Sausage and Egg', 40.00),
(10, 2, 'Cheese and Bacon', 45.00),
(11, 2, 'Meatball', 60.00),
(12, 2, 'Salmon Salad', 120.00),
(13, 2, 'Mango Juice', 50.00),
(14, 2, 'Chocolate Milk', 60.00),
(15, 2, 'Fish and Chips', 150.00),
(16, 2, 'Grilled Chicken Chop', 180.00),
(17, 2, 'Latte', 60.00),
(18, 2, 'Cappuccino', 60.00),
(19, 2, 'Americano', 60.00),
(20, 2, 'Ice Cream', 15.00),
(21, 2, 'Pizza', 300.00),
(22, 2, 'Spinach Tagliatelle Olio', 310.00),
(23, 1, 'Slippers', 200.00),
(24, 1, 'Washcloth', 145.00),
(25, 1, 'Hair Dryer', 200.00),
(26, 1, 'Umbrella', 160.00),
(27, 1, 'Bath Towel', 65.00),
(28, 1, 'Blanket', 65.00),
(29, 1, 'Bed', 800.00),
(30, 1, 'Pillow', 200.00),
(31, 1, 'Bath Mat', 20.00),
(32, 1, 'Hand Towel', 30.00),
(33, 1, 'Plug', 150.00),
(34, 2, 'Americano', 80.00),
(35, 2, 'Espresso', 80.00),
(36, 2, 'Pastel Matcha Iced', 145.00),
(37, 2, 'Mocha', 100.00),
(38, 1, 'Laundry', 20.00),
(39, 1, 'Onsen', 650.00),
(40, 1, 'Pocoloco Signature Massage', 2500.00),
(41, 1, 'Royal Thai Massage', 800.00),
(42, 1, 'Aroma Massage', 999.00),
(43, 1, 'Foot Massage', 890.00),
(44, 1, 'Alcohol Gel', 65.00),
(45, 1, 'Alcohol Spray', 65.00),
(46, 2, 'Oatmilk Triple Golden Monkey', 175.00),
(47, 2, 'Youthberry WhiteTea', 95.00),
(48, 2, 'Caramel Cloud Macchiato', 170.00),
(49, 2, 'Cold Brew', 130.00),
(50, 2, 'Chocolate Cream Chip Frappuccino', 165.00),
(51, 2, 'Vanilla Cream Frappuccino', 140.00),
(52, 2, 'Clear Oolong Iced', 125.00),
(53, 2, 'Clear Houjicha Iced', 125.00),
(54, 2, 'Pastel Houjicha Iced', 145.00),
(55, 2, 'Amatriciana', 360.00),
(56, 2, 'Phad Thai with Shrimps', 240.00),
(57, 2, 'Carbonara with Parma Ham', 330.00),
(58, 2, 'Grilled Kurobuta Pork Strip Loin', 320.00),
(59, 1, 'Eggy Wegg Bath Bomb', 395.00),
(60, 1, 'Sakura Bath Bomb', 325.00),
(61, 1, 'Magic Crystals Shower Scrub', 795.00),
(62, 1, 'Aroma Pure Essential Oil', 480.00),
(63, 1, 'Aromatic Petite Candle', 310.00),
(64, 1, 'Room Perfume Diffuser', 1250.00),
(65, 2, 'Green tea and honey', 120.00),
(66, 1, 'Guitar', 3200.00),
(67, 2, 'Oolong Tea', 80.00),
(68, 2, 'Chocolate Cookies', 60.00),
(69, 2, 'Omelet', 80.00);

-- --------------------------------------------------------

--
-- Stand-in structure for view `servicelist_view`
-- (See below for the actual view)
--
CREATE TABLE `servicelist_view` (
`DATETIME` timestamp
,`date` date
,`roomID` int(4)
,`TYPE` int(2)
,`serviceID` int(4)
,`serviceName` varchar(64)
,`servicePrice` float(8,2)
,`amount` int(4)
,`total` double(19,2)
,`STATUS` tinyint(4)
);

-- --------------------------------------------------------

--
-- Stand-in structure for view `service_view`
-- (See below for the actual view)
--
CREATE TABLE `service_view` (
`serviceID` int(4)
,`type` varchar(15)
,`name` varchar(64)
,`servicePrice` float(8,2)
);

-- --------------------------------------------------------

--
-- Table structure for table `timestamp`
--

CREATE TABLE `timestamp` (
  `employeeID` int(6) NOT NULL,
  `stampDateTime` timestamp NOT NULL DEFAULT current_timestamp(),
  `type` char(1) NOT NULL,
  `late` tinyint(1) DEFAULT NULL
) ENGINE=InnoDB DEFAULT CHARSET=utf8;

--
-- Dumping data for table `timestamp`
--

INSERT INTO `timestamp` (`employeeID`, `stampDateTime`, `type`, `late`) VALUES
(110001, '2016-06-06 21:59:00', 'I', 1),
(110001, '2021-06-06 14:01:11', 'I', 0),
(110001, '2021-06-06 14:03:19', 'I', 0),
(110003, '2016-06-07 13:22:00', 'I', 1),
(120001, '2021-06-06 14:03:29', 'O', 0),
(210001, '2016-06-06 21:25:00', 'I', 1),
(210001, '2016-06-18 21:10:00', 'I', 1),
(210001, '2016-07-19 20:30:00', 'I', 1),
(210001, '2016-10-19 20:50:00', 'I', 1),
(210001, '2016-12-22 21:14:00', 'I', 1),
(210001, '2017-01-20 21:14:00', 'I', 1),
(210001, '2017-05-05 20:47:00', 'I', 1),
(210001, '2017-05-05 21:13:00', 'I', 1),
(210001, '2017-08-06 21:00:00', 'I', 1),
(210001, '2018-01-06 21:01:02', 'I', 0),
(210001, '2018-05-05 20:45:10', 'I', 1),
(210001, '2018-05-05 20:49:00', 'I', 1),
(210001, '2018-08-02 20:45:00', 'I', 1),
(210001, '2018-08-16 21:12:00', 'I', 1),
(210001, '2019-02-01 20:45:00', 'I', 1),
(210001, '2019-08-09 20:59:00', 'I', 1),
(210001, '2020-02-14 20:59:00', 'I', 1),
(210001, '2020-09-14 20:59:00', 'I', 1),
(210001, '2021-02-27 20:28:00', 'I', 1),
(220004, '2016-06-18 21:12:00', 'I', 1),
(220004, '2016-07-19 20:34:00', 'I', 1),
(220004, '2016-10-19 20:52:00', 'I', 1),
(220004, '2016-12-22 21:16:00', 'I', 1),
(220004, '2017-01-20 21:18:00', 'I', 1),
(220004, '2017-05-05 20:48:00', 'I', 1),
(220004, '2017-05-05 21:14:00', 'I', 1),
(220004, '2017-08-06 21:03:00', 'I', 1),
(220004, '2018-01-06 21:03:00', 'I', 0),
(220004, '2018-05-05 20:48:00', 'I', 1),
(220004, '2018-05-07 20:48:00', 'I', 1),
(220004, '2018-08-03 20:47:00', 'I', 1),
(220004, '2018-08-16 21:15:00', 'I', 1),
(220004, '2019-02-04 20:47:00', 'I', 1),
(220004, '2019-08-13 21:01:00', 'I', 1),
(220004, '2020-02-19 21:00:00', 'I', 1),
(220004, '2020-09-19 21:00:00', 'I', 1),
(220004, '2021-02-28 20:29:00', 'I', 1),
(220006, '2016-06-18 21:14:00', 'I', 1),
(220006, '2016-07-19 20:38:00', 'I', 1),
(220006, '2016-12-22 21:18:00', 'I', 1),
(220006, '2017-01-20 21:22:00', 'I', 1),
(220006, '2017-05-05 20:51:00', 'I', 1),
(220006, '2017-05-05 21:15:00', 'I', 1),
(220006, '2017-08-06 21:06:00', 'I', 1),
(220006, '2018-01-06 21:06:00', 'I', 1),
(220006, '2018-05-05 20:51:00', 'I', 1),
(220006, '2018-05-09 20:51:00', 'I', 1),
(220006, '2018-08-04 20:49:00', 'I', 1),
(220006, '2018-08-16 21:18:00', 'I', 1),
(220006, '2019-02-07 20:49:00', 'I', 1),
(220006, '2019-08-17 22:03:00', 'I', 0),
(220006, '2020-02-24 21:01:00', 'I', 1),
(220006, '2020-09-24 21:01:00', 'I', 1),
(220006, '2021-03-01 20:30:00', 'I', 1),
(220009, '2020-07-12 14:07:00', 'O', 0),
(220009, '2020-09-18 14:10:00', 'O', 0),
(220009, '2020-11-25 14:13:00', 'O', 0),
(220009, '2021-02-01 14:16:00', 'O', 0),
(220009, '2021-04-10 14:19:00', 'O', 0),
(220009, '2021-06-09 14:03:00', 'O', 0),
(220009, '2021-06-10 14:04:00', 'O', 0),
(220009, '2021-06-11 14:05:00', 'O', 0),
(220009, '2021-06-12 14:06:00', 'O', 0),
(220009, '2021-06-13 14:07:00', 'O', 0),
(220009, '2021-06-14 14:08:00', 'O', 0),
(220009, '2021-06-15 14:09:00', 'O', 0),
(220009, '2021-06-16 14:10:00', 'O', 0),
(220009, '2021-06-17 14:11:00', 'O', 0),
(220009, '2021-06-18 14:12:00', 'O', 0),
(220010, '2016-06-18 21:16:00', 'I', 1),
(220010, '2017-01-20 21:26:00', 'I', 1),
(220010, '2017-05-05 20:54:00', 'I', 1),
(220010, '2017-05-05 21:16:00', 'I', 1),
(220010, '2017-08-06 21:09:00', 'I', 1),
(220010, '2018-01-06 21:09:00', 'I', 1),
(220010, '2018-05-05 20:54:00', 'I', 1),
(220010, '2018-05-11 20:54:00', 'I', 1),
(220010, '2018-08-16 21:21:00', 'I', 1),
(220010, '2019-02-10 20:51:00', 'I', 1),
(220010, '2019-08-21 21:05:00', 'I', 1),
(220010, '2020-02-29 22:03:00', 'I', 0),
(220010, '2020-09-29 22:02:00', 'I', 0),
(220010, '2021-03-02 20:31:00', 'I', 1),
(220015, '2016-06-07 04:45:00', 'I', 1),
(220015, '2016-08-14 04:48:00', 'I', 1),
(220015, '2016-10-21 04:51:00', 'I', 1),
(220015, '2016-12-28 04:54:00', 'I', 1),
(220015, '2017-03-06 04:57:00', 'I', 1),
(220015, '2017-05-13 05:00:00', 'I', 1),
(220015, '2017-07-20 05:03:00', 'I', 1),
(220015, '2017-09-26 05:06:00', 'I', 1),
(220015, '2017-12-03 05:09:00', 'I', 1),
(220015, '2018-02-09 05:12:00', 'I', 1),
(220015, '2018-04-18 05:15:00', 'I', 1),
(220015, '2018-06-25 05:18:00', 'I', 1),
(220015, '2018-09-01 05:21:00', 'I', 1),
(220015, '2018-11-08 05:24:00', 'I', 1),
(220015, '2019-01-15 05:27:00', 'I', 1),
(220015, '2019-03-24 05:30:00', 'I', 1),
(220015, '2019-05-31 05:33:00', 'I', 1),
(220015, '2019-08-07 05:36:00', 'I', 1),
(220015, '2019-10-14 05:39:00', 'I', 1),
(220015, '2019-12-21 05:42:00', 'I', 1),
(220015, '2020-02-27 05:45:00', 'I', 1),
(220015, '2020-05-05 05:48:00', 'I', 1),
(220015, '2020-07-12 05:51:00', 'I', 1),
(220015, '2020-09-18 05:54:00', 'I', 1),
(220015, '2020-11-25 05:57:00', 'I', 1),
(220015, '2021-02-01 06:00:00', 'I', 0),
(220015, '2021-04-10 06:03:00', 'I', 0),
(220015, '2021-06-01 04:03:00', 'I', 1),
(220015, '2021-06-02 04:05:00', 'I', 1),
(220015, '2021-06-03 04:07:00', 'I', 1),
(220015, '2021-06-04 04:09:00', 'I', 1),
(220015, '2021-06-05 04:11:00', 'I', 1),
(220015, '2021-06-06 04:13:00', 'I', 1),
(220015, '2021-06-07 04:15:00', 'I', 1),
(220015, '2021-06-08 04:17:00', 'I', 1),
(220015, '2021-06-09 04:19:00', 'I', 1),
(220015, '2021-06-10 04:21:00', 'I', 1),
(220015, '2021-06-11 04:23:00', 'I', 1),
(220015, '2021-06-12 04:25:00', 'I', 1),
(220015, '2021-06-13 04:27:00', 'I', 1),
(220015, '2021-06-14 04:29:00', 'I', 1),
(220015, '2021-06-15 04:31:00', 'I', 1),
(220015, '2021-06-16 04:33:00', 'I', 1),
(220015, '2021-06-17 04:35:00', 'I', 1),
(220015, '2021-06-18 04:37:00', 'I', 1),
(310003, '2017-01-20 21:30:00', 'I', 1),
(310003, '2017-05-05 20:57:00', 'I', 1),
(310003, '2017-05-05 21:17:00', 'I', 1),
(310003, '2017-08-06 21:12:00', 'I', 1),
(310003, '2018-01-06 21:12:00', 'I', 1),
(310003, '2018-05-05 20:57:00', 'I', 1),
(310003, '2018-05-13 20:57:00', 'I', 1),
(310003, '2018-08-16 21:24:00', 'I', 1),
(310003, '2019-02-13 20:53:00', 'I', 1),
(310003, '2019-08-25 21:07:00', 'I', 1),
(310003, '2020-03-05 21:03:00', 'I', 1),
(310003, '2020-10-04 22:03:00', 'I', 0),
(310003, '2021-03-03 20:32:00', 'I', 1),
(310004, '2017-01-20 21:34:00', 'I', 1),
(310004, '2017-05-05 21:00:00', 'I', 1),
(310004, '2017-05-05 21:18:00', 'I', 1),
(310004, '2017-08-06 21:15:00', 'I', 1),
(310004, '2018-01-06 21:15:00', 'I', 1),
(310004, '2018-05-05 21:00:00', 'I', 1),
(310004, '2018-05-15 21:00:00', 'I', 1),
(310004, '2018-08-16 21:27:00', 'I', 1),
(310004, '2019-02-16 20:55:00', 'I', 1),
(310004, '2019-08-29 22:09:00', 'I', 0),
(310004, '2020-03-10 21:04:00', 'I', 1),
(310004, '2020-10-09 21:04:00', 'I', 1),
(310004, '2021-03-04 20:33:00', 'I', 1),
(320004, '2017-01-20 21:38:00', 'I', 1),
(320004, '2017-05-05 21:03:00', 'I', 1),
(320004, '2017-05-05 21:19:00', 'I', 1),
(320004, '2017-05-13 06:00:00', 'O', 0),
(320004, '2017-07-20 06:03:00', 'O', 0),
(320004, '2017-08-06 21:18:00', 'I', 1),
(320004, '2017-09-26 06:06:00', 'O', 0),
(320004, '2017-12-03 06:09:00', 'O', 0),
(320004, '2018-01-06 21:18:00', 'I', 1),
(320004, '2018-02-09 06:12:00', 'O', 0),
(320004, '2018-04-18 06:15:00', 'O', 0),
(320004, '2018-05-05 21:03:00', 'I', 1),
(320004, '2018-05-17 21:03:00', 'I', 1),
(320004, '2018-06-25 06:18:00', 'O', 0),
(320004, '2018-08-16 21:30:00', 'I', 1),
(320004, '2018-09-01 06:21:00', 'O', 0),
(320004, '2018-11-08 06:24:00', 'O', 0),
(320004, '2019-01-15 06:27:00', 'O', 0),
(320004, '2019-02-19 20:57:00', 'I', 1),
(320004, '2019-03-24 06:30:00', 'O', 0),
(320004, '2019-05-31 06:33:00', 'O', 0),
(320004, '2019-08-07 06:36:00', 'O', 0),
(320004, '2019-09-02 21:11:00', 'I', 1),
(320004, '2019-10-14 06:39:00', 'O', 0),
(320004, '2019-12-21 06:42:00', 'O', 0),
(320004, '2020-02-27 06:45:00', 'O', 0),
(320004, '2020-03-15 21:05:00', 'I', 1),
(320004, '2020-05-05 06:48:00', 'O', 0),
(320004, '2020-07-12 06:51:00', 'O', 0),
(320004, '2020-09-18 06:54:00', 'O', 0),
(320004, '2020-10-14 22:05:00', 'I', 0),
(320004, '2020-11-25 06:57:00', 'O', 0),
(320004, '2021-02-01 07:00:00', 'O', 0),
(320004, '2021-03-05 20:34:00', 'I', 1),
(320004, '2021-04-10 07:03:00', 'O', 0),
(320004, '2021-06-09 06:49:00', 'O', 0),
(320004, '2021-06-10 07:01:00', 'O', 0),
(320004, '2021-06-11 07:13:00', 'O', 0),
(320004, '2021-06-12 07:25:00', 'O', 0),
(320004, '2021-06-13 07:37:00', 'O', 0),
(320004, '2021-06-14 07:49:00', 'O', 0),
(320004, '2021-06-15 08:01:00', 'O', 0),
(320004, '2021-06-16 08:13:00', 'O', 0),
(320004, '2021-06-17 08:25:00', 'O', 0),
(320004, '2021-06-18 08:37:00', 'O', 0),
(320014, '2017-01-20 21:42:00', 'I', 1),
(320014, '2017-05-05 21:06:00', 'I', 1),
(320014, '2017-05-05 21:20:00', 'I', 1),
(320014, '2017-08-06 21:21:00', 'I', 1),
(320014, '2018-01-06 21:21:00', 'I', 1),
(320014, '2018-05-05 21:06:00', 'I', 1),
(320014, '2018-05-19 21:06:00', 'I', 1),
(320014, '2018-08-16 21:33:00', 'I', 1),
(320014, '2019-02-22 20:59:00', 'I', 1),
(320014, '2019-09-06 21:13:00', 'I', 1),
(320014, '2020-03-20 21:06:00', 'I', 1),
(320014, '2020-10-19 21:06:00', 'I', 1),
(320014, '2021-03-06 20:35:00', 'I', 1),
(320017, '2017-01-20 21:46:00', 'I', 1),
(320017, '2017-05-05 21:21:00', 'I', 1),
(320017, '2017-08-06 21:24:00', 'I', 1),
(320017, '2018-01-06 21:24:00', 'I', 1),
(320017, '2018-05-05 21:09:00', 'I', 1),
(320017, '2018-05-21 21:09:00', 'I', 1),
(320017, '2018-08-16 21:36:00', 'I', 1),
(320017, '2019-02-25 21:01:00', 'I', 1),
(320017, '2019-09-10 21:15:00', 'I', 1),
(320017, '2020-03-25 21:07:00', 'I', 1),
(320017, '2020-10-24 21:07:00', 'I', 1),
(320017, '2021-03-07 20:36:00', 'I', 1),
(320018, '2016-06-06 21:36:00', 'I', 1),
(320018, '2017-01-20 21:50:00', 'I', 1),
(320018, '2017-05-05 21:22:00', 'I', 1),
(320018, '2017-08-06 21:27:00', 'I', 1),
(320018, '2018-01-06 21:27:00', 'I', 1),
(320018, '2018-05-05 21:12:00', 'I', 1),
(320018, '2018-05-23 21:12:00', 'I', 1),
(320018, '2018-08-16 21:39:00', 'I', 1),
(320018, '2019-02-28 21:03:00', 'I', 1),
(320018, '2019-09-14 21:17:00', 'I', 1),
(320018, '2020-03-30 22:10:00', 'I', 0),
(320018, '2020-10-29 22:08:00', 'I', 0),
(320018, '2021-03-08 20:37:00', 'I', 1),
(320019, '2016-06-06 21:37:00', 'I', 1),
(320019, '2017-01-20 21:54:00', 'I', 1),
(320019, '2017-05-05 21:23:00', 'I', 1),
(320019, '2017-08-06 21:30:00', 'I', 1),
(320019, '2018-01-06 21:30:00', 'I', 1),
(320019, '2018-05-05 21:15:00', 'I', 1),
(320019, '2018-05-25 21:15:00', 'I', 1),
(320019, '2018-08-16 21:42:00', 'I', 1),
(320019, '2019-03-03 21:05:00', 'I', 1),
(320019, '2019-09-18 21:19:00', 'I', 1),
(320019, '2020-04-04 21:09:00', 'I', 1),
(320019, '2020-11-03 21:09:00', 'I', 1),
(320019, '2021-03-09 20:38:00', 'I', 1),
(410001, '2016-06-06 21:39:00', 'I', 1),
(410001, '2017-01-20 21:58:00', 'I', 1),
(410001, '2017-05-05 21:24:00', 'I', 1),
(410001, '2017-08-06 21:33:00', 'I', 1),
(410001, '2018-01-06 21:33:00', 'I', 1),
(410001, '2018-05-05 21:18:00', 'I', 1),
(410001, '2018-05-27 21:18:00', 'I', 1),
(410001, '2018-08-16 21:45:00', 'I', 1),
(410001, '2018-09-01 06:21:00', 'O', 0),
(410001, '2018-11-08 06:24:00', 'O', 0),
(410001, '2019-01-15 06:27:00', 'O', 0),
(410001, '2019-03-06 21:07:00', 'I', 1),
(410001, '2019-03-24 06:30:00', 'O', 0),
(410001, '2019-05-31 06:33:00', 'O', 0),
(410001, '2019-08-07 06:36:00', 'O', 0),
(410001, '2019-10-14 06:39:00', 'O', 0),
(410001, '2019-12-21 06:42:00', 'O', 0),
(410001, '2020-02-27 06:45:00', 'O', 0),
(410001, '2020-04-09 21:10:00', 'I', 1),
(410001, '2020-05-05 06:48:00', 'O', 0),
(410001, '2020-07-12 06:51:00', 'O', 0),
(410001, '2020-09-18 06:54:00', 'O', 0),
(410001, '2020-11-08 21:10:00', 'I', 1),
(410001, '2020-11-25 06:57:00', 'O', 0),
(410001, '2021-02-01 07:00:00', 'O', 0),
(410001, '2021-03-10 20:39:00', 'I', 1),
(410001, '2021-04-10 07:03:00', 'O', 0),
(410001, '2021-06-09 06:49:00', 'O', 0),
(410001, '2021-06-10 07:06:00', 'O', 0),
(410001, '2021-06-11 07:23:00', 'O', 0),
(410001, '2021-06-12 07:40:00', 'O', 0),
(410001, '2021-06-13 07:57:00', 'O', 0),
(410001, '2021-06-14 08:14:00', 'O', 0),
(410001, '2021-06-15 08:31:00', 'O', 0),
(410001, '2021-06-16 08:48:00', 'O', 0),
(410001, '2021-06-17 09:05:00', 'O', 0),
(410001, '2021-06-18 09:22:00', 'O', 0),
(410004, '2016-06-06 21:40:00', 'I', 1),
(410004, '2016-06-18 21:33:00', 'I', 1),
(410004, '2017-01-20 22:02:00', 'I', 0),
(410004, '2017-05-05 21:25:00', 'I', 1),
(410004, '2017-08-06 21:36:00', 'I', 1),
(410004, '2018-01-06 21:36:00', 'I', 1),
(410004, '2018-05-05 21:21:00', 'I', 1),
(410004, '2018-05-29 21:21:00', 'I', 1),
(410004, '2018-08-16 21:48:00', 'I', 1),
(410004, '2019-03-09 21:09:00', 'I', 1),
(410004, '2020-04-14 21:11:00', 'I', 1),
(410004, '2020-11-13 21:11:00', 'I', 1),
(410004, '2021-03-11 20:40:00', 'I', 1),
(420001, '2016-06-06 21:41:00', 'I', 1),
(420001, '2016-06-18 21:35:00', 'I', 1),
(420001, '2016-07-19 21:21:00', 'I', 1),
(420001, '2016-10-19 21:16:00', 'I', 1),
(420001, '2017-01-20 22:06:00', 'I', 0),
(420001, '2017-05-05 21:26:00', 'I', 1),
(420001, '2018-01-06 21:39:00', 'I', 1),
(420001, '2018-05-05 21:24:00', 'I', 1),
(420001, '2018-05-31 21:24:00', 'I', 1),
(420001, '2018-08-16 21:51:00', 'I', 1),
(420001, '2019-03-12 21:11:00', 'I', 1),
(420001, '2020-04-19 21:12:00', 'I', 1),
(420001, '2020-11-18 21:12:00', 'I', 1),
(420001, '2021-03-12 20:41:00', 'I', 1),
(420007, '2016-06-06 21:42:00', 'I', 1),
(420007, '2016-06-18 21:37:00', 'I', 1),
(420007, '2016-07-19 21:25:00', 'I', 1),
(420007, '2016-10-19 21:18:00', 'I', 1),
(420007, '2017-01-20 22:10:00', 'I', 0),
(420007, '2017-05-05 21:27:00', 'I', 1),
(420007, '2018-01-06 21:42:00', 'I', 1),
(420007, '2018-05-05 21:27:00', 'I', 1),
(420007, '2018-06-02 21:27:00', 'I', 1),
(420007, '2018-08-16 21:13:00', 'I', 1),
(420007, '2018-08-16 21:54:00', 'I', 1),
(420007, '2019-03-15 21:13:00', 'I', 1),
(420007, '2020-04-24 21:13:00', 'I', 1),
(420007, '2020-11-23 21:13:00', 'I', 1),
(420007, '2021-03-13 20:42:00', 'I', 1),
(420011, '2016-06-06 21:44:00', 'I', 1),
(420011, '2016-06-18 21:39:00', 'I', 1),
(420011, '2016-07-19 21:29:00', 'I', 1),
(420011, '2016-10-19 21:20:00', 'I', 1),
(420011, '2017-01-20 22:14:00', 'I', 0),
(420011, '2017-05-05 21:28:00', 'I', 1),
(420011, '2018-01-06 21:45:00', 'I', 1),
(420011, '2018-05-05 21:30:00', 'I', 1),
(420011, '2018-08-16 21:57:00', 'I', 1),
(420011, '2018-08-17 21:15:00', 'I', 1),
(420011, '2019-03-18 21:15:00', 'I', 1),
(420011, '2020-04-29 21:14:00', 'I', 1),
(420011, '2020-11-28 21:14:00', 'I', 1),
(420011, '2021-03-14 20:43:00', 'I', 1),
(420012, '2019-06-06 12:47:00', 'I', 1),
(420012, '2019-09-17 12:52:00', 'I', 1),
(420012, '2019-12-29 12:57:00', 'I', 1),
(420012, '2020-04-10 13:02:00', 'I', 1),
(420012, '2020-07-22 13:07:00', 'I', 1),
(420012, '2020-11-02 13:12:00', 'I', 1),
(420012, '2021-02-13 13:17:00', 'I', 1),
(420012, '2021-05-27 13:22:00', 'I', 1),
(420012, '2021-06-06 12:13:00', 'I', 1),
(420012, '2021-06-07 12:25:00', 'I', 1),
(420012, '2021-06-08 12:37:00', 'I', 1),
(420012, '2021-06-09 12:49:00', 'I', 1),
(420012, '2021-06-10 13:01:00', 'I', 1),
(420012, '2021-06-11 13:13:00', 'I', 1),
(420012, '2021-06-12 13:25:00', 'I', 1),
(420012, '2021-06-13 13:37:00', 'I', 1),
(420012, '2021-06-14 13:49:00', 'I', 1),
(420012, '2021-06-15 14:01:00', 'I', 0),
(420012, '2021-06-16 14:13:00', 'I', 0),
(420012, '2021-06-17 14:25:00', 'I', 0),
(420012, '2021-06-18 14:37:00', 'I', 0),
(420013, '2016-06-06 21:45:00', 'I', 1),
(420013, '2016-06-18 21:40:00', 'I', 1),
(420013, '2016-07-19 21:33:00', 'I', 1),
(420013, '2016-10-19 21:22:00', 'I', 1),
(420013, '2017-01-20 22:18:00', 'I', 0),
(420013, '2018-01-06 21:48:00', 'I', 1),
(420013, '2018-05-05 21:33:00', 'I', 1),
(420013, '2018-08-16 22:00:00', 'I', 0),
(420013, '2018-08-18 21:17:00', 'I', 1),
(420013, '2019-03-21 21:17:00', 'I', 1),
(420013, '2020-05-04 21:15:00', 'I', 1),
(420013, '2020-12-03 21:15:00', 'I', 1),
(420013, '2021-03-15 20:44:00', 'I', 1),
(420014, '2017-09-26 04:06:00', 'I', 1),
(420014, '2017-12-03 04:09:00', 'I', 1),
(420014, '2018-02-09 04:12:00', 'I', 1),
(420014, '2018-04-18 04:15:00', 'I', 1),
(420014, '2018-06-25 04:18:00', 'I', 1),
(420014, '2018-09-01 04:21:00', 'I', 1),
(420014, '2018-11-08 04:24:00', 'I', 1),
(420014, '2019-01-15 04:27:00', 'I', 1),
(420014, '2019-03-24 04:30:00', 'I', 1),
(420014, '2019-05-31 06:33:00', 'I', 0),
(420014, '2019-08-07 04:36:00', 'I', 1),
(420014, '2019-10-14 04:39:00', 'I', 1),
(420014, '2019-12-21 04:42:00', 'I', 1),
(420014, '2020-02-27 06:05:00', 'I', 0),
(420014, '2020-05-05 06:08:00', 'I', 0),
(420014, '2020-07-12 06:11:00', 'I', 0),
(420014, '2020-09-18 06:14:00', 'I', 0),
(420014, '2020-11-25 04:57:00', 'I', 1),
(420014, '2021-02-01 05:00:00', 'I', 1),
(420014, '2021-04-10 05:03:00', 'I', 1),
(420014, '2021-06-06 04:13:00', 'I', 1),
(420014, '2021-06-07 04:15:00', 'I', 1),
(420014, '2021-06-08 04:17:00', 'I', 1),
(420014, '2021-06-09 04:19:00', 'I', 1),
(420014, '2021-06-10 04:21:00', 'I', 1),
(420014, '2021-06-11 04:23:00', 'I', 1),
(420014, '2021-06-12 04:25:00', 'I', 1),
(420014, '2021-06-13 04:27:00', 'I', 1),
(420014, '2021-06-14 04:29:00', 'I', 1),
(420014, '2021-06-15 04:31:00', 'I', 1),
(420014, '2021-06-16 04:33:00', 'I', 1),
(420014, '2021-06-17 04:35:00', 'I', 1),
(420014, '2021-06-18 04:37:00', 'I', 1),
(420016, '2016-06-06 21:46:00', 'I', 1),
(420016, '2016-06-18 21:42:00', 'I', 1),
(420016, '2016-07-19 21:37:00', 'I', 1),
(420016, '2016-10-19 21:24:00', 'I', 1),
(420016, '2016-12-22 21:48:00', 'I', 1),
(420016, '2017-01-20 22:22:00', 'I', 0),
(420016, '2018-01-06 21:51:00', 'I', 1),
(420016, '2018-05-05 21:36:00', 'I', 1),
(420016, '2018-08-16 22:03:00', 'I', 0),
(420016, '2018-08-19 21:19:00', 'I', 1),
(420016, '2019-03-24 21:19:00', 'I', 1),
(420016, '2020-05-09 21:16:00', 'I', 1),
(420016, '2020-12-08 21:16:00', 'I', 1),
(420028, '2018-06-15 22:04:00', 'O', 0),
(420028, '2019-06-12 22:03:00', 'O', 0),
(420028, '2020-06-08 22:02:00', 'O', 0),
(420028, '2020-11-06 22:00:00', 'O', 0),
(420028, '2020-12-08 22:03:00', 'O', 0),
(420028, '2021-01-09 22:06:00', 'O', 0),
(420028, '2021-02-10 22:09:00', 'O', 0),
(420028, '2021-03-14 22:12:00', 'O', 0),
(420028, '2021-04-15 22:15:00', 'O', 0),
(420028, '2021-05-17 22:18:00', 'O', 0),
(420028, '2021-06-05 22:01:00', 'O', 0),
(420046, '2021-04-19 20:58:00', 'I', 1),
(420046, '2021-04-21 21:00:00', 'I', 1),
(420046, '2021-04-23 21:02:00', 'I', 1),
(420046, '2021-04-25 21:04:00', 'I', 1),
(420046, '2021-04-27 21:06:00', 'I', 1),
(420046, '2021-04-29 21:08:00', 'I', 1),
(420046, '2021-05-01 21:10:00', 'I', 1),
(420046, '2021-05-03 21:12:00', 'I', 1),
(420046, '2021-05-05 21:14:00', 'I', 1),
(420046, '2021-05-07 21:16:00', 'I', 1),
(420046, '2021-05-25 21:28:00', 'I', 1),
(420046, '2021-05-26 21:28:00', 'I', 1),
(420046, '2021-05-27 21:28:00', 'I', 1),
(420046, '2021-05-28 21:28:00', 'I', 1),
(420046, '2021-05-29 21:28:00', 'I', 1),
(420046, '2021-05-30 21:28:00', 'I', 1),
(420046, '2021-05-31 21:28:00', 'I', 1),
(420046, '2021-06-01 21:28:00', 'I', 1),
(420046, '2021-06-02 21:28:00', 'I', 1),
(420046, '2021-06-03 21:28:00', 'I', 1),
(420046, '2021-06-04 21:28:00', 'I', 1),
(420046, '2021-06-05 21:28:00', 'I', 1),
(420046, '2021-06-06 21:28:00', 'I', 1),
(420046, '2021-06-07 21:28:00', 'I', 1),
(420046, '2021-06-08 21:28:00', 'I', 1),
(420046, '2021-06-09 21:28:00', 'I', 1),
(420046, '2021-06-10 21:28:00', 'I', 1),
(420046, '2021-06-11 21:28:00', 'I', 1),
(420046, '2021-06-12 21:28:00', 'I', 1),
(420046, '2021-06-13 21:28:00', 'I', 1),
(420046, '2021-06-14 21:28:00', 'I', 1),
(420057, '2019-03-29 21:00:00', 'O', 1),
(420057, '2019-05-31 21:03:00', 'O', 1),
(420057, '2019-08-02 21:06:00', 'O', 1),
(420057, '2019-10-04 21:09:00', 'O', 1),
(420057, '2019-12-06 21:12:00', 'O', 1),
(420057, '2020-02-07 21:15:00', 'O', 1),
(420057, '2020-04-10 21:18:00', 'O', 1),
(420057, '2020-06-06 22:15:00', 'O', 0),
(420057, '2020-06-12 21:21:00', 'O', 1),
(420057, '2020-08-14 21:24:00', 'O', 1),
(420057, '2020-10-16 21:27:00', 'O', 1),
(420057, '2020-12-18 21:30:00', 'O', 1),
(420057, '2021-02-19 21:33:00', 'O', 1),
(420057, '2021-04-23 21:36:00', 'O', 1),
(420057, '2021-06-05 22:10:00', 'O', 0),
(510002, '2016-06-06 21:47:00', 'I', 1),
(510002, '2016-06-18 21:44:00', 'I', 1),
(510002, '2016-07-19 21:41:00', 'I', 1),
(510002, '2016-10-19 21:26:00', 'I', 1),
(510002, '2016-12-22 21:50:00', 'I', 1),
(510002, '2018-01-06 21:54:00', 'I', 1),
(510002, '2018-05-05 21:39:00', 'I', 1),
(510002, '2018-08-16 22:06:00', 'I', 0),
(510002, '2018-08-20 21:21:00', 'I', 1),
(510002, '2019-03-27 21:21:00', 'I', 1),
(510002, '2020-05-14 21:17:00', 'I', 1),
(510002, '2020-12-13 21:17:00', 'I', 1),
(520001, '2016-06-18 21:46:00', 'I', 1),
(520001, '2016-07-19 21:45:00', 'I', 1),
(520001, '2016-10-19 21:28:00', 'I', 1),
(520001, '2016-12-22 21:52:00', 'I', 1),
(520001, '2018-01-06 21:57:00', 'I', 1),
(520001, '2018-05-05 21:42:00', 'I', 1),
(520001, '2018-08-16 22:09:00', 'I', 0),
(520001, '2018-08-21 21:23:00', 'I', 1),
(520001, '2019-03-24 05:30:00', 'O', 1),
(520001, '2019-03-30 21:23:00', 'I', 1),
(520001, '2019-05-31 05:40:00', 'O', 1),
(520001, '2019-08-07 05:50:00', 'O', 1),
(520001, '2019-10-14 06:00:00', 'O', 0),
(520001, '2019-12-21 06:10:00', 'O', 0),
(520001, '2020-02-27 06:20:00', 'O', 0),
(520001, '2020-05-05 06:30:00', 'O', 0),
(520001, '2020-05-19 21:18:00', 'I', 1),
(520001, '2020-07-12 06:40:00', 'O', 0),
(520001, '2020-09-18 06:50:00', 'O', 0),
(520001, '2020-11-25 07:00:00', 'O', 0),
(520001, '2020-12-18 21:18:00', 'I', 1),
(520001, '2021-02-01 07:10:00', 'O', 0),
(520001, '2021-04-10 07:20:00', 'O', 0),
(520001, '2021-06-09 06:03:00', 'O', 0),
(520001, '2021-06-10 06:06:00', 'O', 0),
(520001, '2021-06-11 06:09:00', 'O', 0),
(520001, '2021-06-12 06:12:00', 'O', 0),
(520001, '2021-06-13 06:15:00', 'O', 0),
(520001, '2021-06-14 06:18:00', 'O', 0),
(520001, '2021-06-15 06:21:00', 'O', 0),
(520001, '2021-06-16 06:24:00', 'O', 0),
(520001, '2021-06-17 06:27:00', 'O', 0),
(520001, '2021-06-18 06:30:00', 'O', 0),
(520002, '2016-06-18 21:48:00', 'I', 1),
(520002, '2016-07-19 21:49:00', 'I', 1),
(520002, '2016-10-19 21:30:00', 'I', 1),
(520002, '2016-12-22 21:54:00', 'I', 1),
(520002, '2018-01-06 22:00:00', 'I', 1),
(520002, '2018-05-05 21:45:00', 'I', 1),
(520002, '2018-08-16 22:12:00', 'I', 0),
(520002, '2018-08-22 21:25:00', 'I', 1),
(520002, '2019-04-02 21:25:00', 'I', 1),
(520002, '2020-05-24 21:19:00', 'I', 1),
(520002, '2020-12-23 21:19:00', 'I', 1),
(520003, '2016-06-18 21:50:00', 'I', 1),
(520003, '2016-07-19 21:53:00', 'I', 1),
(520003, '2016-10-19 21:32:00', 'I', 1),
(520003, '2016-12-22 21:56:00', 'I', 1),
(520003, '2018-01-06 22:03:00', 'I', 0),
(520003, '2018-05-05 21:48:00', 'I', 1),
(520003, '2018-08-16 22:15:00', 'I', 0),
(520003, '2018-08-23 21:27:00', 'I', 1),
(520003, '2020-05-29 21:20:00', 'I', 1),
(520003, '2020-12-28 21:20:00', 'I', 1),
(520006, '2016-06-18 21:52:00', 'I', 1),
(520006, '2016-07-19 21:57:00', 'I', 1),
(520006, '2016-10-19 21:34:00', 'I', 1),
(520006, '2016-12-22 21:58:00', 'I', 1),
(520006, '2018-01-06 22:06:00', 'I', 0),
(520006, '2018-05-05 21:51:00', 'I', 1),
(520006, '2018-08-16 22:18:00', 'I', 0),
(520006, '2018-08-24 21:29:00', 'I', 1),
(520006, '2019-11-05 21:43:00', 'I', 1),
(520006, '2020-06-03 21:21:00', 'I', 1),
(520006, '2021-01-02 21:21:00', 'I', 1),
(520010, '2012-06-16 22:28:00', 'O', 0),
(520010, '2013-06-15 22:26:00', 'O', 0),
(520010, '2014-06-14 22:24:00', 'O', 0),
(520010, '2015-06-13 22:22:00', 'O', 0),
(520010, '2016-06-11 22:20:00', 'O', 0),
(520010, '2017-06-10 22:18:00', 'O', 0),
(520010, '2018-06-09 22:16:00', 'O', 0),
(520010, '2019-03-23 22:00:00', 'O', 0),
(520010, '2019-05-31 22:03:00', 'O', 0),
(520010, '2019-06-08 22:14:00', 'O', 0),
(520010, '2019-08-08 22:06:00', 'O', 0),
(520010, '2019-10-16 22:09:00', 'O', 0),
(520010, '2019-12-24 22:12:00', 'O', 0),
(520010, '2020-03-02 22:15:00', 'O', 0),
(520010, '2020-05-10 22:18:00', 'O', 0),
(520010, '2020-06-06 22:12:00', 'O', 0),
(520010, '2020-07-18 22:21:00', 'O', 0),
(520010, '2020-09-25 22:24:00', 'O', 0),
(520010, '2020-12-03 22:27:00', 'O', 0),
(520010, '2021-02-10 22:30:00', 'O', 0),
(520010, '2021-04-20 22:33:00', 'O', 0),
(520010, '2021-06-05 22:10:00', 'O', 0),
(520013, '2017-09-26 04:17:00', 'I', 1),
(520013, '2017-12-07 04:22:00', 'I', 1),
(520013, '2018-02-17 04:27:00', 'I', 1),
(520013, '2018-04-30 04:32:00', 'I', 1),
(520013, '2018-07-11 04:37:00', 'I', 1),
(520013, '2018-09-21 04:42:00', 'I', 1),
(520013, '2018-12-02 04:47:00', 'I', 1),
(520013, '2019-02-12 04:52:00', 'I', 1),
(520013, '2019-04-25 04:57:00', 'I', 1),
(520013, '2019-07-06 05:02:00', 'I', 1),
(520013, '2019-09-16 06:07:00', 'I', 0),
(520013, '2019-11-27 05:12:00', 'I', 1),
(520013, '2020-07-18 13:40:00', 'O', 1),
(520013, '2020-09-18 13:50:00', 'O', 1),
(520013, '2020-11-18 14:00:00', 'O', 0),
(520013, '2020-12-16 05:18:00', 'I', 1),
(520013, '2021-01-18 14:10:00', 'O', 0),
(520013, '2021-02-27 05:22:00', 'I', 1),
(520013, '2021-03-18 14:20:00', 'O', 0),
(520013, '2021-05-11 05:26:00', 'I', 1),
(520013, '2021-05-18 14:30:00', 'O', 0),
(520013, '2021-06-06 04:13:00', 'I', 1),
(520013, '2021-06-07 04:15:00', 'I', 1),
(520013, '2021-06-08 04:17:00', 'I', 1),
(520013, '2021-06-09 04:19:00', 'I', 1),
(520013, '2021-06-09 14:03:00', 'O', 0),
(520013, '2021-06-10 04:21:00', 'I', 1),
(520013, '2021-06-10 14:04:00', 'O', 0),
(520013, '2021-06-11 04:23:00', 'I', 1),
(520013, '2021-06-11 14:05:00', 'O', 0),
(520013, '2021-06-12 04:25:00', 'I', 1),
(520013, '2021-06-12 14:06:00', 'O', 0),
(520013, '2021-06-13 04:27:00', 'I', 1),
(520013, '2021-06-13 14:07:00', 'O', 0),
(520013, '2021-06-14 04:29:00', 'I', 1),
(520013, '2021-06-14 14:08:00', 'O', 0),
(520013, '2021-06-15 04:31:00', 'I', 1),
(520013, '2021-06-15 14:09:00', 'O', 0),
(520013, '2021-06-16 04:33:00', 'I', 1),
(520013, '2021-06-16 14:10:00', 'O', 0),
(520013, '2021-06-17 04:35:00', 'I', 1),
(520013, '2021-06-17 14:11:00', 'O', 0),
(520013, '2021-06-18 04:37:00', 'I', 1),
(520013, '2021-06-18 14:12:00', 'O', 0),
(520019, '2020-04-10 13:02:00', 'I', 1),
(520019, '2020-06-22 13:07:00', 'I', 1),
(520019, '2020-09-03 13:12:00', 'I', 1),
(520019, '2021-06-09 12:49:00', 'I', 1),
(520019, '2021-06-10 13:01:00', 'I', 1),
(520019, '2021-06-11 13:13:00', 'I', 1),
(520019, '2021-06-12 13:25:00', 'I', 1),
(520019, '2021-06-13 13:37:00', 'I', 1),
(520019, '2021-06-14 13:49:00', 'I', 1),
(520019, '2021-06-15 14:01:00', 'I', 0),
(520019, '2021-06-16 14:13:00', 'I', 0),
(520019, '2021-06-17 14:25:00', 'I', 0),
(520019, '2021-06-18 14:37:00', 'I', 0),
(610002, '2016-06-18 21:54:00', 'I', 1),
(610002, '2016-07-19 22:01:00', 'I', 0),
(610002, '2016-10-19 21:36:00', 'I', 1),
(610002, '2016-12-22 22:00:00', 'I', 0),
(610002, '2017-05-05 21:36:00', 'I', 1),
(610002, '2017-08-06 22:09:00', 'I', 0),
(610002, '2018-01-06 22:09:00', 'I', 0),
(610002, '2018-05-05 21:54:00', 'I', 1),
(610002, '2018-08-16 22:21:00', 'I', 0),
(610002, '2018-08-25 21:31:00', 'I', 1),
(610002, '2019-11-09 21:45:00', 'I', 1),
(610002, '2020-06-08 21:22:00', 'I', 1),
(610002, '2021-01-07 21:22:00', 'I', 1),
(620002, '2016-06-06 21:55:00', 'I', 1),
(620002, '2016-06-18 21:56:00', 'I', 1),
(620002, '2016-07-19 22:05:00', 'I', 0),
(620002, '2016-10-19 21:38:00', 'I', 1),
(620002, '2016-12-22 22:02:00', 'I', 0),
(620002, '2017-05-05 21:37:00', 'I', 1),
(620002, '2017-08-06 22:12:00', 'I', 0),
(620002, '2018-01-06 22:12:00', 'I', 0),
(620002, '2018-05-05 21:57:00', 'I', 1),
(620002, '2018-08-16 22:24:00', 'I', 0),
(620002, '2018-08-26 21:33:00', 'I', 1),
(620002, '2019-11-13 21:47:00', 'I', 1),
(620002, '2020-06-13 22:23:00', 'I', 0),
(620002, '2021-01-12 21:23:00', 'I', 1),
(620003, '2016-06-06 21:56:00', 'I', 1),
(620003, '2016-06-18 21:58:00', 'I', 1),
(620003, '2016-07-19 22:09:00', 'I', 0),
(620003, '2016-10-19 21:40:00', 'I', 1),
(620003, '2016-12-22 22:04:00', 'I', 0),
(620003, '2017-05-05 21:38:00', 'I', 1),
(620003, '2017-08-06 22:15:00', 'I', 0),
(620003, '2018-01-06 22:15:00', 'I', 0),
(620003, '2018-05-05 22:00:00', 'I', 0),
(620003, '2018-08-16 22:27:00', 'I', 0),
(620003, '2018-08-27 21:35:00', 'I', 1),
(620003, '2019-11-17 21:49:00', 'I', 1),
(620003, '2020-06-18 21:24:00', 'I', 1),
(620003, '2021-01-17 21:24:00', 'I', 1),
(710001, '2016-06-06 21:57:00', 'I', 1),
(710001, '2016-06-18 22:00:00', 'I', 0),
(710001, '2016-07-19 22:13:00', 'I', 0),
(710001, '2016-10-19 21:42:00', 'I', 1),
(710001, '2016-10-19 21:46:00', 'I', 1),
(710001, '2016-12-22 22:06:00', 'I', 0),
(710001, '2016-12-22 22:10:00', 'I', 0),
(710001, '2017-05-05 21:39:00', 'I', 1),
(710001, '2017-05-05 21:41:00', 'I', 1),
(710001, '2017-05-05 22:09:00', 'I', 0),
(710001, '2017-08-06 22:18:00', 'I', 0),
(710001, '2017-08-06 22:24:00', 'I', 0),
(710001, '2018-01-06 22:18:00', 'I', 0),
(710001, '2018-01-06 22:24:00', 'I', 0),
(710001, '2018-05-05 22:03:00', 'I', 0),
(710001, '2018-05-05 22:09:00', 'I', 0),
(710001, '2018-06-30 22:09:00', 'I', 0),
(710001, '2018-08-16 22:30:00', 'I', 0),
(710001, '2018-08-16 22:36:00', 'I', 0),
(710001, '2018-08-28 21:37:00', 'I', 1),
(710001, '2018-08-30 21:41:00', 'I', 1),
(710001, '2019-11-21 21:51:00', 'I', 1),
(710001, '2019-11-29 21:55:00', 'I', 1),
(710001, '2020-06-23 21:25:00', 'I', 1),
(710001, '2020-07-03 21:27:00', 'I', 1),
(710001, '2021-01-22 21:25:00', 'I', 1),
(710001, '2021-02-01 21:27:00', 'I', 1),
(720001, '2016-06-06 21:59:00', 'I', 1),
(720001, '2016-06-18 22:02:00', 'I', 0),
(720001, '2016-07-19 22:16:00', 'I', 0),
(720001, '2016-10-19 21:44:00', 'I', 1),
(720001, '2016-10-19 21:48:00', 'I', 1),
(720001, '2016-12-22 22:08:00', 'I', 0),
(720001, '2017-05-05 21:40:00', 'I', 1),
(720001, '2017-05-05 21:42:00', 'I', 1),
(720001, '2017-05-05 22:06:00', 'I', 0),
(720001, '2017-05-05 22:12:00', 'I', 0),
(720001, '2017-05-05 22:15:00', 'I', 0),
(720001, '2017-08-06 22:21:00', 'I', 0),
(720001, '2017-08-06 22:27:00', 'I', 0),
(720001, '2017-08-06 22:30:00', 'I', 0),
(720001, '2018-01-06 22:21:00', 'I', 0),
(720001, '2018-01-06 22:27:00', 'I', 0),
(720001, '2018-01-06 22:30:00', 'I', 0),
(720001, '2018-05-05 22:06:00', 'I', 0),
(720001, '2018-05-05 22:12:00', 'I', 0),
(720001, '2018-05-05 22:15:00', 'I', 0),
(720001, '2018-07-02 22:12:00', 'I', 0),
(720001, '2018-07-04 22:15:00', 'I', 0),
(720001, '2018-08-16 22:33:00', 'I', 0),
(720001, '2018-08-16 22:39:00', 'I', 0),
(720001, '2018-08-16 22:42:00', 'I', 0),
(720001, '2018-08-29 21:39:00', 'I', 1),
(720001, '2018-08-31 21:43:00', 'I', 1),
(720001, '2018-09-01 21:45:00', 'I', 1),
(720001, '2019-11-25 21:53:00', 'I', 1),
(720001, '2019-12-03 21:57:00', 'I', 1),
(720001, '2019-12-07 21:59:00', 'I', 1),
(720001, '2020-06-28 21:26:00', 'I', 1),
(720001, '2020-07-08 21:28:00', 'I', 1),
(720001, '2020-07-13 21:29:00', 'I', 1),
(720001, '2021-01-27 21:26:00', 'I', 1),
(720001, '2021-02-06 21:28:00', 'I', 1),
(720001, '2021-02-11 21:29:00', 'I', 1),
(720002, '2017-09-26 04:17:00', 'I', 1),
(720002, '2018-01-07 04:22:00', 'I', 1),
(720002, '2018-04-20 04:27:00', 'I', 1),
(720002, '2018-08-01 04:32:00', 'I', 1),
(720002, '2018-11-12 04:37:00', 'I', 1),
(720002, '2019-02-23 04:42:00', 'I', 1),
(720002, '2019-06-06 04:47:00', 'I', 1),
(720002, '2019-09-17 04:52:00', 'I', 1),
(720002, '2019-12-29 04:57:00', 'I', 1),
(720002, '2020-04-10 05:02:00', 'I', 1),
(720002, '2020-07-22 05:07:00', 'I', 1),
(720002, '2020-11-02 06:12:00', 'I', 0),
(720002, '2021-02-13 05:17:00', 'I', 1),
(720002, '2021-05-27 05:22:00', 'I', 1),
(720002, '2021-06-06 04:13:00', 'I', 1),
(720002, '2021-06-07 04:15:00', 'I', 1),
(720002, '2021-06-08 04:17:00', 'I', 1),
(720002, '2021-06-09 04:19:00', 'I', 1),
(720002, '2021-06-10 04:21:00', 'I', 1),
(720002, '2021-06-11 04:23:00', 'I', 1),
(720002, '2021-06-12 04:25:00', 'I', 1),
(720002, '2021-06-13 04:27:00', 'I', 1),
(720002, '2021-06-14 04:29:00', 'I', 1),
(720002, '2021-06-15 04:31:00', 'I', 1),
(720002, '2021-06-16 04:33:00', 'I', 1),
(720002, '2021-06-17 04:35:00', 'I', 1),
(720002, '2021-06-18 04:37:00', 'I', 1),
(720003, '2019-12-21 06:10:00', 'O', 0),
(720003, '2020-02-27 06:20:00', 'O', 0),
(720003, '2020-05-05 06:30:00', 'O', 0),
(720003, '2020-07-12 05:40:00', 'O', 1),
(720003, '2020-09-18 05:50:00', 'O', 1),
(720003, '2020-11-25 07:00:00', 'O', 0),
(720003, '2021-02-01 07:10:00', 'O', 0),
(720003, '2021-04-10 07:20:00', 'O', 0),
(720003, '2021-06-09 06:03:00', 'O', 0),
(720003, '2021-06-10 06:06:00', 'O', 0),
(720003, '2021-06-11 06:09:00', 'O', 0),
(720003, '2021-06-12 06:12:00', 'O', 0),
(720003, '2021-06-13 06:15:00', 'O', 0),
(720003, '2021-06-14 06:18:00', 'O', 0),
(720003, '2021-06-15 06:21:00', 'O', 0),
(720003, '2021-06-16 06:24:00', 'O', 0),
(720003, '2021-06-17 06:27:00', 'O', 0),
(720003, '2021-06-18 06:30:00', 'O', 0);

-- --------------------------------------------------------

--
-- Structure for view `account_view`
--
DROP TABLE IF EXISTS `account_view`;

CREATE ALGORITHM=UNDEFINED DEFINER=`root`@`localhost` SQL SECURITY DEFINER VIEW `account_view`  AS SELECT `e`.`employeeID` AS `employeeID`, `e`.`department` AS `department`, `d`.`departmentName` AS `departmentName`, `e`.`roleID` AS `roleID`, `r`.`roleName` AS `roleName`, `e`.`startDate` AS `startDate`, CASE WHEN `e`.`shift` = '1' THEN '05.00 - 13.00' WHEN `e`.`shift` = '2' THEN '13.00 - 21.00' WHEN `e`.`shift` = '3' THEN '21.00 - 05.00' END AS `shift`, `e`.`em_firstname` AS `em_firstname`, `e`.`em_lastname` AS `em_lastname`, `e`.`identification` AS `identification`, `e`.`DOB` AS `DOB`, CASE WHEN `e`.`gender` = 'M' THEN 'Male' WHEN `e`.`gender` = 'F' THEN 'Female' END AS `gender`, `e`.`phone` AS `phone`, `e`.`email` AS `email`, `r`.`salary` AS `salary`, `r`.`bonusRate` AS `bonusRate` FROM ((`employee` `e` join `department` `d` on(`e`.`department` = `d`.`departmentID`)) join `role` `r` on(`e`.`roleID` = `r`.`roleID`)) ;

-- --------------------------------------------------------

--
-- Structure for view `alltimestamp_view`
--
DROP TABLE IF EXISTS `alltimestamp_view`;

CREATE ALGORITHM=UNDEFINED DEFINER=`root`@`localhost` SQL SECURITY DEFINER VIEW `alltimestamp_view`  AS SELECT `t`.`stampDateTime` AS `stampDateTime`, `t`.`employeeID` AS `employeeID`, `e`.`em_firstname` AS `em_firstname`, `e`.`em_lastname` AS `em_lastname`, concat(`e`.`em_firstname`,' ',`e`.`em_lastname`) AS `name`, CASE WHEN `t`.`type` = 'I' THEN 'In' WHEN `t`.`type` = 'O' THEN 'Out' END AS `type`, CASE WHEN `t`.`late` = 1 AND `t`.`type` = 'I' THEN '' WHEN `t`.`late` = 0 AND `t`.`type` = 'I' THEN 'LATE' WHEN `t`.`late` = 1 AND `t`.`type` = 'O' THEN '' WHEN `t`.`late` = 0 AND `t`.`type` = 'O' THEN 'EARLY' END AS `late` FROM (`timestamp` `t` join `employee` `e`) WHERE `t`.`employeeID` = `e`.`employeeID` ;

-- --------------------------------------------------------

--
-- Structure for view `bookingdetail_view`
--
DROP TABLE IF EXISTS `bookingdetail_view`;

CREATE ALGORITHM=UNDEFINED DEFINER=`root`@`localhost` SQL SECURITY DEFINER VIEW `bookingdetail_view`  AS SELECT `d`.`bookingDetailID` AS `bookingDetailID`, `d`.`roomID` AS `roomID`, `d`.`checkIn` AS `checkIn`, `d`.`checkOut` AS `checkOut`, `d`.`guestFirstName` AS `guestFirstName`, `d`.`guestLastName` AS `guestLastName`, concat(`d`.`guestFirstName`,'  ',`d`.`guestLastName`) AS `name`, CASE WHEN `d`.`status` = 'R' THEN 'Reserve' WHEN `d`.`status` = 'I' THEN 'Check In' WHEN `d`.`status` = 'O' THEN 'Check Out' ELSE 'Cancel' END AS `status`, `d`.`price` AS `price`, `d`.`dateTime` AS `dateTime`, `b`.`bookingID` AS `bookingID`, `c`.`customerID` AS `customerID`, `c`.`firstName` AS `firstName`, `c`.`lastName` AS `lastName`, `c`.`phone` AS `phone`, `h`.`roomTypeID` AS `roomTypeID`, `r`.`roomType` AS `roomType`, count(`p`.`bookingDetailID`) AS `numBook`, CASE WHEN count(`p`.`bookingDetailID`) = 2 THEN 'Check Out' WHEN `p`.`type` = 1 THEN 'Deposit' WHEN `p`.`type` = 2 THEN 'Check Out' WHEN `d`.`status` = 'C' THEN 'Cancel' ELSE 'Waiting' END AS `statusPayment` FROM (((((`bookingdetail` `d` left join `payment` `p` on(`d`.`bookingDetailID` = `p`.`bookingDetailID`)) left join `booking` `b` on(`b`.`bookingID` = `d`.`bookingID`)) join `customer` `c` on(`b`.`customerID` = `c`.`customerID`)) left join `hotelroom` `h` on(`h`.`roomID` = `d`.`roomID`)) join `roomdescription` `r` on(`r`.`roomTypeID` = `h`.`roomTypeID`)) GROUP BY `p`.`bookingDetailID`, `d`.`bookingDetailID` ORDER BY `d`.`bookingDetailID` ASC ;

-- --------------------------------------------------------

--
-- Structure for view `booking_view`
--
DROP TABLE IF EXISTS `booking_view`;

CREATE ALGORITHM=UNDEFINED DEFINER=`root`@`localhost` SQL SECURITY DEFINER VIEW `booking_view`  AS SELECT `b`.`bookingID` AS `bookingID`, cast(`d`.`dateTime` as date) AS `date`, `c`.`firstName` AS `firstName`, `c`.`lastName` AS `lastName`, concat(`c`.`firstName`,' ',`c`.`lastName`) AS `customerName`, `c`.`phone` AS `phone`, `c`.`email` AS `email` FROM ((`booking` `b` join `customer` `c`) join `bookingdetail` `d`) WHERE `b`.`customerID` = `c`.`customerID` AND `b`.`bookingID` = `d`.`bookingID` GROUP BY `b`.`bookingID` ORDER BY `b`.`bookingID` DESC ;

-- --------------------------------------------------------

--
-- Structure for view `customer_view`
--
DROP TABLE IF EXISTS `customer_view`;

CREATE ALGORITHM=UNDEFINED DEFINER=`root`@`localhost` SQL SECURITY DEFINER VIEW `customer_view`  AS SELECT row_number()  OVER( order by sum(`p`.`amountPaid`) desc) AS `rank`, `f`.`customerID` AS `customerID`,
`f`.`firstName` AS `firstName`,
`f`.`lastName` AS `lastName`,
CONCAT(`f`.`firstName`, `f`.`lastName`) AS `NAME`,
`f`.`DOB` AS `DOB`,
`f`.`gender` AS `gender`,
`f`.`phone` AS `phone`,
`f`.`email` AS `email`,
`n`.`numberVisit` AS `numberVisit`,
SUM(`p`.`amountPaid`) AS `amountPaid`
FROM (((((`customer` `f` left join `numbervisit` `n` on(`f`.`customerID` = `n`.`customerID`)) left join `customer` `c` on(`c`.`customerID` = `n`.`customerID`)) left join `booking` `b` on(`b`.`customerID` = `c`.`customerID`)) left join `bookingdetail` `d` on(`b`.`bookingID` = `d`.`bookingID`)) left join `payment` `p` on(`p`.`bookingDetailID` = `d`.`bookingDetailID`)) GROUP BY `f`.`customerID` ;

-- --------------------------------------------------------

--
-- Structure for view `employee_view`
--
DROP TABLE IF EXISTS `employee_view`;

CREATE ALGORITHM=UNDEFINED DEFINER=`root`@`localhost` SQL SECURITY DEFINER VIEW `employee_view`  AS SELECT `e`.`employeeID` AS `employeeID`, concat(`e`.`em_firstname`,'  ',`e`.`em_lastname`) AS `em_name`, `e`.`em_firstname` AS `firstName`, `e`.`em_lastname` AS `lastName`, `d`.`departmentName` AS `departmentName`, `r`.`roleName` AS `roleName`, `r`.`salary` AS `salary`, CASE WHEN `e`.`workStatus` = 'E' THEN 'Employed' WHEN `e`.`workStatus` = 'S' THEN 'Suspended' ELSE 'Quited' END AS `workStatus`, CASE WHEN `e`.`shift` = 1 THEN '05:00 - 13:00' WHEN `e`.`shift` = 2 THEN '13:00 - 21:00' WHEN `e`.`shift` = 3 THEN '21:00 - 05:00' END AS `shift`, `e`.`startDate` AS `startDate`, `e`.`endDate` AS `endDate`, `e`.`identification` AS `identification`, `e`.`gender` AS `gender`, `e`.`DOB` AS `DOB`, `e`.`email` AS `email`, `e`.`phone` AS `phone`, CASE WHEN `e`.`workStatus` = 'Q' THEN extract(year from `e`.`endDate`) - extract(year from `e`.`startDate`) ELSE extract(year from curdate()) - extract(year from `e`.`startDate`) END AS `duration`, concat(`r`.`roleName`,`e`.`gender`) AS `picName` FROM ((`employee` `e` join `department` `d`) join `role` `r`) WHERE `e`.`department` = `d`.`departmentID` AND `e`.`roleID` = `r`.`roleID` AND `r`.`roleID` <> 13 ORDER BY `e`.`employeeID` DESC ;

-- --------------------------------------------------------

--
-- Structure for view `expense_view`
--
DROP TABLE IF EXISTS `expense_view`;

CREATE ALGORITHM=UNDEFINED DEFINER=`root`@`localhost` SQL SECURITY DEFINER VIEW `expense_view`  AS SELECT `h`.`expenseID` AS `expenseID`, `h`.`expenseDate` AS `expenseDate`, `e`.`employeeID` AS `employeeID`, `r`.`roleName` AS `roleName`, `e`.`gender` AS `gender`, `e`.`em_firstname` AS `em_firstname`, `e`.`em_lastname` AS `em_lastname`, CASE WHEN `h`.`type` = 1 THEN 'Housekeeping' WHEN `h`.`type` = 2 THEN 'Kitchen' WHEN `h`.`type` = 3 THEN 'Maintenance' WHEN `h`.`type` = 4 THEN 'Electricity' WHEN `h`.`type` = 5 THEN 'Water' WHEN `h`.`type` = 6 THEN 'Advertisement' WHEN `h`.`type` = 7 THEN 'Entertainment' WHEN `h`.`type` = 8 THEN 'Others' ELSE 'Other' END AS `type`, `h`.`detail` AS `detail`, `h`.`expense` AS `expense` FROM ((`employee` `e` join `hotelexpense` `h`) join `role` `r`) WHERE `e`.`employeeID` = `h`.`employeeID` AND `e`.`roleID` = `r`.`roleID` ;

-- --------------------------------------------------------

--
-- Structure for view `lateemployee_view`
--
DROP TABLE IF EXISTS `lateemployee_view`;

CREATE ALGORITHM=UNDEFINED DEFINER=`root`@`localhost` SQL SECURITY DEFINER VIEW `lateemployee_view`  AS SELECT `t`.`stampDateTime` AS `stampDateTime`, `t`.`employeeID` AS `employeeID`, concat(`e`.`em_firstname`,' ',`e`.`em_lastname`) AS `name`, count(`t`.`employeeID`) AS `lateCount`, count(`t`.`employeeID`) * 36 / 100 AS `percentLate`, concat(`r`.`roleName`,`e`.`gender`) AS `picName` FROM ((`employee` `e` join `timestamp` `t`) join `role` `r`) WHERE `e`.`employeeID` = `t`.`employeeID` AND `e`.`roleID` = `r`.`roleID` AND `t`.`late` = 0 AND `t`.`type` = 'I' GROUP BY `t`.`employeeID` ORDER BY count(`t`.`employeeID`) DESC ;

-- --------------------------------------------------------

--
-- Structure for view `numbervisit`
--
DROP TABLE IF EXISTS `numbervisit`;

CREATE ALGORITHM=UNDEFINED DEFINER=`root`@`localhost` SQL SECURITY DEFINER VIEW `numbervisit`  AS SELECT `c`.`customerID` AS `customerID`, count(`b`.`bookingID`) AS `numberVisit` FROM (`customer` `c` join `booking` `b`) WHERE `c`.`customerID` = `b`.`customerID` GROUP BY `b`.`customerID` ORDER BY count(`b`.`bookingID`) DESC, `b`.`customerID` ASC ;

-- --------------------------------------------------------

--
-- Structure for view `payment_view`
--
DROP TABLE IF EXISTS `payment_view`;

CREATE ALGORITHM=UNDEFINED DEFINER=`root`@`localhost` SQL SECURITY DEFINER VIEW `payment_view`  AS SELECT `p`.`paymentID` AS `paymentID`, `p`.`bookingDetailID` AS `bookingDetailID`, `b`.`bookingID` AS `bookingID`, `b`.`roomID` AS `roomID`, `b`.`guestFirstName` AS `guestFirstName`, `b`.`guestLastName` AS `guestLastName`, concat(`b`.`guestFirstName`,'  ',`b`.`guestLastName`) AS `name`, CASE WHEN `p`.`type` = 1 THEN 'Deposit' WHEN `p`.`type` = 2 THEN 'Check Out' END AS `type`, `p`.`amountPaid` AS `amountPaid`, `m`.`methodName` AS `methodName`, `p`.`datePaid` AS `datePaid` FROM ((`payment` `p` join `bookingdetail` `b`) join `payment_method` `m`) WHERE `p`.`bookingDetailID` = `b`.`bookingDetailID` AND `p`.`methodID` = `m`.`methodID` ;

-- --------------------------------------------------------

--
-- Structure for view `promotion_view`
--
DROP TABLE IF EXISTS `promotion_view`;

CREATE ALGORITHM=UNDEFINED DEFINER=`root`@`localhost` SQL SECURITY DEFINER VIEW `promotion_view`  AS SELECT `p`.`promotionID` AS `promotionID`, `s`.`seasonName` AS `seasonName`, `p`.`promotionName` AS `promotionName`, `r`.`roomTypeID` AS `roomTypeID`, `r`.`roomType` AS `roomType`, `p`.`discount` AS `discount`, `p`.`startDate` AS `startDate`, `p`.`endDate` AS `endDate` FROM ((`promotion` `p` join `season` `s`) join `roomdescription` `r`) WHERE `p`.`seasonID` = `s`.`seasonID` AND `p`.`roomTypeID` = `r`.`roomTypeID` ORDER BY `p`.`promotionID` DESC ;

-- --------------------------------------------------------

--
-- Structure for view `role_view`
--
DROP TABLE IF EXISTS `role_view`;

CREATE ALGORITHM=UNDEFINED DEFINER=`root`@`localhost` SQL SECURITY DEFINER VIEW `role_view`  AS SELECT `r`.`roleID` AS `roleID`, `r`.`roleName` AS `roleName`, `r`.`salary` AS `salary`, `r`.`bonusRate` AS `bonusRate`, `d`.`departmentName` AS `departmentName` FROM (`role` `r` join `department` `d`) WHERE `r`.`departmentID` = `d`.`departmentID` GROUP BY `r`.`roleID` ;

-- --------------------------------------------------------

--
-- Structure for view `roomprice_view`
--
DROP TABLE IF EXISTS `roomprice_view`;

CREATE ALGORITHM=UNDEFINED DEFINER=`root`@`localhost` SQL SECURITY DEFINER VIEW `roomprice_view`  AS SELECT `p`.`promotionID` AS `promotionID`, `p`.`promotionName` AS `promotionName`, `p`.`roomTypeID` AS `roomTypeID`, `r`.`roomType` AS `roomType`, `p`.`startDate` AS `startDate`, `p`.`endDate` AS `endDate`, `p`.`discount` AS `discount`, `r`.`roomPrice` AS `roomPrice`, `r`.`roomPrice`* (100 - `p`.`discount`) / 100 AS `roomPriceDiscount` FROM (`promotion` `p` join `roomdescription` `r`) WHERE `p`.`roomTypeID` = `r`.`roomTypeID` ;

-- --------------------------------------------------------

--
-- Structure for view `room_view`
--
DROP TABLE IF EXISTS `room_view`;

CREATE ALGORITHM=UNDEFINED DEFINER=`root`@`localhost` SQL SECURITY DEFINER VIEW `room_view`  AS SELECT `r`.`roomID` AS `roomID`, `d`.`roomType` AS `roomType`, `d`.`roomPrice` AS `roomPrice`, `d`.`capacity` AS `capacity`, `d`.`size` AS `size` FROM (`hotelroom` `r` join `roomdescription` `d`) WHERE `r`.`roomTypeID` = `d`.`roomTypeID` GROUP BY `r`.`roomID` ORDER BY `r`.`roomID` ASC ;

-- --------------------------------------------------------

--
-- Structure for view `serviceactivity_view`
--
DROP TABLE IF EXISTS `serviceactivity_view`;

CREATE ALGORITHM=UNDEFINED DEFINER=`root`@`localhost` SQL SECURITY DEFINER VIEW `serviceactivity_view`  AS SELECT cast(`roomservice`.`DateTime` as date) AS `date`, `roomservice`.`roomID` AS `roomID`, sum(`roomservice`.`total`) AS `total` FROM `roomservice` GROUP BY cast(`roomservice`.`DateTime` as date), `roomservice`.`roomID` ORDER BY `roomservice`.`DateTime` DESC ;

-- --------------------------------------------------------

--
-- Structure for view `serviceact_chef_view`
--
DROP TABLE IF EXISTS `serviceact_chef_view`;

CREATE ALGORITHM=UNDEFINED DEFINER=`root`@`localhost` SQL SECURITY DEFINER VIEW `serviceact_chef_view`  AS SELECT `servicelist_view`.`date` AS `date`, `servicelist_view`.`roomID` AS `roomID`, sum(`servicelist_view`.`total`) AS `total` FROM `servicelist_view` WHERE `servicelist_view`.`TYPE` = 2 GROUP BY `servicelist_view`.`date`, `servicelist_view`.`roomID` ORDER BY `servicelist_view`.`DATETIME` DESC ;

-- --------------------------------------------------------

--
-- Structure for view `serviceact_maid_view`
--
DROP TABLE IF EXISTS `serviceact_maid_view`;

CREATE ALGORITHM=UNDEFINED DEFINER=`root`@`localhost` SQL SECURITY DEFINER VIEW `serviceact_maid_view`  AS SELECT `servicelist_view`.`date` AS `date`, `servicelist_view`.`roomID` AS `roomID`, sum(`servicelist_view`.`total`) AS `total` FROM `servicelist_view` WHERE `servicelist_view`.`TYPE` = 1 GROUP BY `servicelist_view`.`date`, `servicelist_view`.`roomID` ORDER BY `servicelist_view`.`DATETIME` DESC ;

-- --------------------------------------------------------

--
-- Structure for view `servicelist_view`
--
DROP TABLE IF EXISTS `servicelist_view`;

CREATE ALGORITHM=UNDEFINED DEFINER=`root`@`localhost` SQL SECURITY DEFINER VIEW `servicelist_view`  AS SELECT `r`.`DateTime` AS `DATETIME`, cast(`r`.`DateTime` as date) AS `date`, `r`.`roomID` AS `roomID`, `s`.`type` AS `TYPE`, `r`.`serviceID` AS `serviceID`, `s`.`name` AS `serviceName`, `s`.`servicePrice` AS `servicePrice`, `r`.`amount` AS `amount`, `s`.`servicePrice`* `r`.`amount` AS `total`, `r`.`status` AS `STATUS` FROM (`roomservice` `r` left join `servicelist` `s` on(`r`.`serviceID` = `s`.`serviceID`)) ;

-- --------------------------------------------------------

--
-- Structure for view `service_view`
--
DROP TABLE IF EXISTS `service_view`;

CREATE ALGORITHM=UNDEFINED DEFINER=`root`@`localhost` SQL SECURITY DEFINER VIEW `service_view`  AS SELECT `servicelist`.`serviceID` AS `serviceID`, CASE WHEN `servicelist`.`type` = 1 THEN 'Room Facilities' ELSE 'Food & Beverage' END AS `type`, `servicelist`.`name` AS `name`, `servicelist`.`servicePrice` AS `servicePrice` FROM `servicelist` ;

--
-- Indexes for dumped tables
--

--
-- Indexes for table `booking`
--
ALTER TABLE `booking`
  ADD PRIMARY KEY (`bookingID`);

--
-- Indexes for table `bookingdetail`
--
ALTER TABLE `bookingdetail`
  ADD PRIMARY KEY (`bookingDetailID`);

--
-- Indexes for table `customer`
--
ALTER TABLE `customer`
  ADD PRIMARY KEY (`customerID`);

--
-- Indexes for table `department`
--
ALTER TABLE `department`
  ADD PRIMARY KEY (`departmentID`);

--
-- Indexes for table `employee`
--
ALTER TABLE `employee`
  ADD PRIMARY KEY (`employeeID`),
  ADD UNIQUE KEY `email` (`email`);

--
-- Indexes for table `hotelexpense`
--
ALTER TABLE `hotelexpense`
  ADD PRIMARY KEY (`expenseID`);

--
-- Indexes for table `hotelroom`
--
ALTER TABLE `hotelroom`
  ADD PRIMARY KEY (`roomID`);

--
-- Indexes for table `payment`
--
ALTER TABLE `payment`
  ADD PRIMARY KEY (`paymentID`);

--
-- Indexes for table `payment_method`
--
ALTER TABLE `payment_method`
  ADD PRIMARY KEY (`methodID`);

--
-- Indexes for table `promotion`
--
ALTER TABLE `promotion`
  ADD PRIMARY KEY (`promotionID`);

--
-- Indexes for table `role`
--
ALTER TABLE `role`
  ADD PRIMARY KEY (`roleID`);

--
-- Indexes for table `roomdescription`
--
ALTER TABLE `roomdescription`
  ADD PRIMARY KEY (`roomTypeID`);

--
-- Indexes for table `roomservice`
--
ALTER TABLE `roomservice`
  ADD PRIMARY KEY (`DateTime`,`roomID`,`serviceID`);

--
-- Indexes for table `season`
--
ALTER TABLE `season`
  ADD PRIMARY KEY (`seasonID`);

--
-- Indexes for table `servicelist`
--
ALTER TABLE `servicelist`
  ADD PRIMARY KEY (`serviceID`);

--
-- Indexes for table `timestamp`
--
ALTER TABLE `timestamp`
  ADD PRIMARY KEY (`employeeID`,`stampDateTime`,`type`);

--
-- AUTO_INCREMENT for dumped tables
--

--
-- AUTO_INCREMENT for table `booking`
--
ALTER TABLE `booking`
  MODIFY `bookingID` int(16) NOT NULL AUTO_INCREMENT, AUTO_INCREMENT=1000000188;

--
-- AUTO_INCREMENT for table `bookingdetail`
--
ALTER TABLE `bookingdetail`
  MODIFY `bookingDetailID` int(10) NOT NULL AUTO_INCREMENT, AUTO_INCREMENT=1000000697;

--
-- AUTO_INCREMENT for table `customer`
--
ALTER TABLE `customer`
  MODIFY `customerID` int(10) NOT NULL AUTO_INCREMENT, AUTO_INCREMENT=1000000076;

--
-- AUTO_INCREMENT for table `employee`
--
ALTER TABLE `employee`
  MODIFY `employeeID` int(6) NOT NULL AUTO_INCREMENT, AUTO_INCREMENT=720013;

--
-- AUTO_INCREMENT for table `hotelexpense`
--
ALTER TABLE `hotelexpense`
  MODIFY `expenseID` int(10) NOT NULL AUTO_INCREMENT, AUTO_INCREMENT=247;

--
-- AUTO_INCREMENT for table `payment`
--
ALTER TABLE `payment`
  MODIFY `paymentID` int(10) NOT NULL AUTO_INCREMENT, AUTO_INCREMENT=1000000959;

--
-- AUTO_INCREMENT for table `promotion`
--
ALTER TABLE `promotion`
  MODIFY `promotionID` int(8) NOT NULL AUTO_INCREMENT, AUTO_INCREMENT=96;

--
-- AUTO_INCREMENT for table `season`
--
ALTER TABLE `season`
  MODIFY `seasonID` int(4) NOT NULL AUTO_INCREMENT, AUTO_INCREMENT=10;

--
-- AUTO_INCREMENT for table `servicelist`
--
ALTER TABLE `servicelist`
  MODIFY `serviceID` int(4) NOT NULL AUTO_INCREMENT, AUTO_INCREMENT=70;
COMMIT;

/*!40101 SET CHARACTER_SET_CLIENT=@OLD_CHARACTER_SET_CLIENT */;
/*!40101 SET CHARACTER_SET_RESULTS=@OLD_CHARACTER_SET_RESULTS */;
/*!40101 SET COLLATION_CONNECTION=@OLD_COLLATION_CONNECTION */;
